model,metric,n,mean,sd,n_pos,se,p_t,p_wilcoxon
model5,rho,63,-0.0051864921001620505,0.09235057239588954,35,0.011635078475904292,0.6573209334807615,0.7065186611885201
native,rho,63,-0.020218941397279862,0.10554622470255616,28,0.013297574399271705,0.13346955864585047,0.14859051915190782
model5,rho_plus,63,-0.016042138508521483,0.1382281513304414,29,0.017415110124216662,0.36053638460313037,0.41918253160946495
native,rho_plus,63,-0.030000707664458882,0.18630361577229887,33,0.023472049318363497,0.2059624252635122,0.7372787918114989
model5,rho_minus,63,-0.014006808286599672,0.1230340510117013,37,0.015500833417609354,0.369696427117311,0.768465655836488
native,rho_minus,63,-0.01799800898072964,0.13070810862398405,27,0.01646767379803232,0.2786531755909137,0.20288487564803181
model5,branch_asw,63,-0.001514379376853224,0.05536666249254494,30,0.006975543803758165,0.8288444962719531,0.8159419204058498
native,branch_asw,63,0.010997850200048623,0.07814601613754145,28,0.009845472602398807,0.26828465236754856,0.7947465622426487
model5,r2_overall,63,0.0004223567238502807,0.0016194002276460984,34,0.0002040252512110934,0.04261302603099478,0.08326210793462484
native,r2_overall,63,-0.0005741834972746806,0.005572123803932732,29,0.0007020216123652019,0.41654655114896694,0.6963680075940144
model5,n_epochs,58,-60.793103448275865,40.2870222544365,4,5.289945182770315,1.8010701006473242e-16,1.2105516340921297e-10
native,n_epochs,58,-55.36206896551724,31.030091945893407,2,4.07445068472447,1.5894871353123286e-19,4.540847784654024e-11
