model,shift_sigma,metric,control_mean,new_mean,n,mean,sd,n_pos,se,p_t,p_wilcoxon,noise_sd
model5,0.1,rho,0.980406135858493,0.9770733774160981,9,-0.0033327584423948034,0.009356231056061653,5,0.0031187436853538845,0.3164212624753348,0.8203125,0.006853401519751155
model5,0.5,rho,0.9820693043293984,0.9813055664365246,9,-0.0007637378928737615,0.005547113764067141,3,0.0018490379213557137,0.6904216919548835,0.65234375,0.003387294141658688
model5,1.0,rho,0.9783192351725862,0.976330466394771,9,-0.0019887687778153973,0.01714752160255025,6,0.005715840534183417,0.7368632193566952,0.734375,0.008731157799454244
model5,2.0,rho,0.9472833638466364,0.9236388033288944,9,-0.02364456051774202,0.05648852820985146,5,0.01882950940328382,0.24465097083375548,0.8203125,0.0698158659440997
model5,5.0,rho,0.7204187442061244,0.7475432337044317,9,0.027124489498307185,0.05194479921906982,6,0.017314933073023273,0.15585695677176115,0.203125,0.10077458707697652
model5,7.5,rho,0.709345665332481,0.6463514299150375,9,-0.06299423541744348,0.16428247041581828,5,0.054760823471939425,0.28322158548763937,0.65234375,0.1370645181679503
model5,10.0,rho,0.6140796709110986,0.6433737977599264,9,0.02929412684882792,0.16159960917140206,5,0.05386653639046735,0.6013823317986744,0.42578125,0.14790628086848498
native,0.1,rho,0.9804948663463077,0.9757464963216097,9,-0.004748370024698005,0.015017858924113666,3,0.005005952974704555,0.3706214163430922,0.42578125,0.011335329505169387
native,0.5,rho,0.9578814730487026,0.9532251098905521,9,-0.00465636315815073,0.022585352174248327,5,0.007528450724749443,0.5534423446748523,0.734375,0.024453384536912544
native,1.0,rho,0.8868312043757524,0.8394292308889472,9,-0.04740197348680533,0.11779064978136847,3,0.039263549927122825,0.26180597402302713,0.30078125,0.07619898883982593
native,2.0,rho,0.6457475747437564,0.6560165974847892,9,0.010269022741032759,0.06372452322301261,6,0.021241507741004206,0.6417364629205654,0.5703125,0.05858034425524863
native,5.0,rho,0.46635883071457485,0.4165563774824549,9,-0.049802453232119986,0.1043225422547162,4,0.03477418075157206,0.18998627240362534,0.30078125,0.07077266971200726
native,7.5,rho,0.34395246658210327,0.35504690050184007,9,0.011094433919736715,0.16826757086207603,5,0.056089190287358676,0.8481352197574548,0.8203125,0.11486111876737044
native,10.0,rho,0.3413274329509266,0.28504054641097215,9,-0.05628688653995447,0.1499896425033155,2,0.04999654750110517,0.2928811874095273,0.30078125,0.09767355004180772
model5,0.1,rho_plus,0.9786409255738823,0.9772469267605542,9,-0.0013939988133279124,0.0029708480820500047,4,0.0009902826940166682,0.1968751316805461,0.25,0.0017958250587535355
model5,0.5,rho_plus,0.9772733427408112,0.9782164717020471,9,0.0009431289612358161,0.004033572126849192,4,0.001344524042283064,0.5029077799343312,0.734375,0.002040876130893876
model5,1.0,rho_plus,0.9766497232632402,0.976664202956327,9,1.4479693086766332e-05,0.003797451965441877,5,0.001265817321813959,0.9911533115057669,0.65234375,0.0027661193772135916
model5,2.0,rho_plus,0.9684387680864638,0.9668415173718119,9,-0.001597250714651789,0.006235097695634394,4,0.002078365898544798,0.4642625786011861,0.65234375,0.0037643463178575792
model5,5.0,rho_plus,0.6135928276722277,0.678396548796589,9,0.06480372112436138,0.2198799409469787,6,0.0732933136489929,0.4023943901812457,0.5703125,0.1448824940514188
model5,7.5,rho_plus,0.6199799671565823,0.5083301223527542,9,-0.11164984480382806,0.2436921130766957,3,0.08123070435889856,0.20656198666816283,0.30078125,0.18711115489383118
model5,10.0,rho_plus,0.5680485934073985,0.504633388400872,9,-0.0634152050065266,0.1378986296627683,3,0.04596620988758943,0.20503965095773286,0.25,0.16185369280836573
native,0.1,rho_plus,0.9749871553787057,0.9761538800369538,9,0.0011667246582478777,0.005161219331805809,6,0.0017204064439352697,0.5167969079310399,0.42578125,0.004707106577734792
native,0.5,rho_plus,0.9310043501298144,0.9257813076269643,9,-0.005223042502850193,0.02698830640511022,4,0.00899610213503674,0.5775012978345521,0.734375,0.05577435974020674
native,1.0,rho_plus,0.8508196790107003,0.7424491586488375,9,-0.10837052036186282,0.29471601125392544,2,0.09823867041797514,0.30204349700229555,0.1640625,0.19588800284908855
native,2.0,rho_plus,0.5821704262426196,0.5707070322221625,9,-0.011463394020457145,0.18189378634938724,6,0.060631262116462414,0.8547485439832103,0.91015625,0.15330047502198604
native,5.0,rho_plus,0.3127838150685635,0.20220036607660424,9,-0.11058344899195921,0.18718939309259408,3,0.062396464364198025,0.1142897603693014,0.12890625,0.10960290562434451
native,7.5,rho_plus,0.2265765661336765,0.23529820646186086,9,0.008721640328184331,0.2597991675599996,6,0.08659972251999987,0.9222572782449178,0.734375,0.15353398734862034
native,10.0,rho_plus,0.1803026344173329,0.19604972165681794,9,0.015747087239485022,0.15917109001030194,6,0.05305703000343398,0.7741824213407599,0.8203125,0.12120196309518323
model5,0.1,rho_minus,0.9791479793002887,0.9791242760756066,9,-2.3703224682295836e-05,0.002176672285689077,6,0.0007255574285630257,0.9747389259780754,0.65234375,0.0016628691127408657
model5,0.5,rho_minus,0.9755775309564014,0.9780519023712338,9,0.002474371414832335,0.003941009311174376,7,0.0013136697703914587,0.0963767895797754,0.09765625,0.0017852678732361508
model5,1.0,rho_minus,0.9744984680097589,0.9740963644197235,9,-0.00040210359003542726,0.007978056404477166,5,0.002659352134825722,0.8835583779885257,0.91015625,0.0041919394695753955
model5,2.0,rho_minus,0.9363894090351325,0.9247637523429673,9,-0.0116256566921651,0.11342791633687166,5,0.037809305445623886,0.7663294045997195,1.0,0.08675282989394784
model5,5.0,rho_minus,0.62348131637761,0.613893160584521,9,-0.00958815579308894,0.16375628490084934,4,0.054585428300283116,0.8649303918377271,0.734375,0.16438544147314146
model5,7.5,rho_minus,0.5234593726354428,0.4672629082461914,9,-0.05619646438925138,0.1647384305570171,4,0.054912810185672366,0.33607644475414417,0.42578125,0.21272867052887812
model5,10.0,rho_minus,0.46690609581268805,0.4442201500808812,9,-0.022685945731806892,0.2180840888091956,6,0.07269469626973186,0.7629648372588429,1.0,0.2196254358415137
native,0.1,rho_minus,0.9785890281094302,0.9792901526637746,9,0.0007011245543445307,0.0034074246994535984,5,0.0011358082331511994,0.5542015977332017,1.0,0.0049946617127590845
native,0.5,rho_minus,0.9631642387875987,0.9543175242066942,9,-0.008846714580904346,0.03380816237565118,5,0.011269387458550393,0.4550576602093834,0.91015625,0.025979500729760976
native,1.0,rho_minus,0.8350721730998235,0.8658506416761187,9,0.030778468576295057,0.09535257009517618,4,0.0317841900317254,0.36122589742945527,0.65234375,0.09559578500079102
native,2.0,rho_minus,0.5126164916931714,0.5401984341223021,9,0.02758194242913071,0.1502400025124215,5,0.05008000083747383,0.5968399749438118,0.5703125,0.10724103204813516
native,5.0,rho_minus,0.36364893951340316,0.2967876430063478,9,-0.06686129650705536,0.0872968624912203,2,0.0290989541637401,0.05065065341480362,0.07421875,0.17060200384275803
native,7.5,rho_minus,0.3421970724256261,0.23158655532364433,9,-0.11061051710198172,0.17251579737560893,2,0.057505265791869646,0.0906270782123712,0.0546875,0.17884824841531924
native,10.0,rho_minus,0.24918260277393658,0.2504535325390002,9,0.0012709297650636583,0.20964298259993416,4,0.06988099419997805,0.985935036467262,1.0,0.1582402237072199
model5,0.1,branch_asw,0.4808039466540019,0.49089106255107456,9,0.01008711589707268,0.025035008763128752,5,0.008345002921042918,0.2612658512490226,0.30078125,0.030424576591946723
model5,0.5,branch_asw,0.5130723847283257,0.49454089005788165,9,-0.018531494670444085,0.06559081479613917,3,0.02186360493204639,0.4212959924498566,0.25,0.03703243603800932
model5,1.0,branch_asw,0.5214397509892782,0.5014784038066864,9,-0.01996134718259175,0.0827818236451378,3,0.027593941215045933,0.4900444189659703,0.49609375,0.048367614639776624
model5,2.0,branch_asw,0.5120800965362124,0.5204943550957574,9,0.008414258559544882,0.08854050760827642,4,0.02951350253609214,0.7828102211229983,0.734375,0.08411141442236193
model5,5.0,branch_asw,0.12605876641141042,0.1323524357544051,9,0.006293669342994699,0.031183876967815757,5,0.010394625655938586,0.5616437480921971,0.49609375,0.03027850062061366
model5,7.5,branch_asw,0.034705075584901726,0.03968121851277016,9,0.004976142927868428,0.044988751297932485,5,0.014996250432644161,0.7485470376414868,0.734375,0.0274364471122834
model5,10.0,branch_asw,0.014670908187528931,0.01279190767511152,9,-0.0018790005124174117,0.007261998451825541,5,0.0024206661506085136,0.45994274227753074,1.0,0.0062510837036429505
native,0.1,branch_asw,0.41929807431168026,0.4765009217792087,9,0.057202847467528475,0.16262619254284272,5,0.05420873084761424,0.322141752406667,0.49609375,0.08305840288106778
native,0.5,branch_asw,0.43196087413363987,0.43756524390644497,9,0.005604369772805102,0.07089218036022225,4,0.02363072678674075,0.8184896636426048,1.0,0.0694892781437661
native,1.0,branch_asw,0.31147466351588565,0.3265465233061049,9,0.015071859790219189,0.11251416626897057,5,0.037504722089656856,0.6983051695411348,1.0,0.07772430465467613
native,2.0,branch_asw,0.1236280068599929,0.123350132340824,9,-0.00027787451916891094,0.013030773852250084,3,0.004343591284083361,0.9505609939010077,0.65234375,0.06251086637107015
native,5.0,branch_asw,0.0009726677009085333,0.000878054554050303,9,-9.46131468582304e-05,0.0005006873904763987,4,0.00016689579682546623,0.5863320613831451,0.65234375,0.0009327649725408012
native,7.5,branch_asw,0.000837503542748451,0.0004090012799780254,9,-0.0004285022627704256,0.00216957828019007,3,0.0007231927600633567,0.5698704378246192,0.359375,0.0013416602722175015
native,10.0,branch_asw,0.0004391463242225221,0.00034601062280769214,9,-9.313570141482991e-05,0.0007964036734597895,4,0.00026546789115326313,0.7347708863544113,0.65234375,0.0005678590730054671
model5,0.1,r2_overall,0.9020038117325989,0.9019746072428381,9,-2.920448976086022e-05,0.0009717668507812586,4,0.00032392228359375284,0.9303773492847314,0.8203125,0.000996141084176363
model5,0.5,r2_overall,0.9010280553417509,0.9014918777176325,9,0.00046382237588174193,0.0018885805479723556,4,0.0006295268493241186,0.4823014668104778,0.91015625,0.0014526712849797592
model5,1.0,r2_overall,0.9127177377564636,0.9130707187847711,9,0.0003529810283075468,0.0011488968350578037,5,0.0003829656116859346,0.38363690265213923,0.65234375,0.0013447679351631702
model5,2.0,r2_overall,0.9320288752910658,0.9326601574649283,9,0.0006312821738623612,0.0012184570400476755,6,0.0004061523466825585,0.1587200643626982,0.1640625,0.0016306694431651582
model5,5.0,r2_overall,0.9576684380169608,0.9573802255944622,9,-0.0002882124224984227,0.0018898015244982848,4,0.0006299338414994282,0.6594610028989475,0.8203125,0.0009799685477897213
model5,7.5,r2_overall,0.9616519203399859,0.9628877152641113,9,0.0012357949241252886,0.0023875221767597583,6,0.0007958407255865861,0.15906999744167927,0.25,0.0025239625803721937
model5,10.0,r2_overall,0.9657879163790083,0.9663779498560428,9,0.0005900334770343093,0.0014515050318188512,5,0.00048383501060628376,0.25738823217154244,0.42578125,0.0013933407411525435
native,0.1,r2_overall,0.8923992016627911,0.8931168358409202,9,0.0007176341781292253,0.0010617482210036335,7,0.00035391607366787786,0.0771324379183062,0.0546875,0.0009183286754375224
native,0.5,r2_overall,0.8049949700242178,0.8077520416224635,9,0.002757071598245675,0.005498297959709091,5,0.001832765986569697,0.17091040320813813,0.25,0.004718561451993744
native,1.0,r2_overall,0.7007836125941823,0.6980214824706343,9,-0.0027621301235477938,0.004515246626912026,2,0.0015050822089706754,0.10380617490553176,0.07421875,0.0029393430214255016
native,2.0,r2_overall,0.6782795144104807,0.6779342555270989,9,-0.0003452588833819936,0.004268299801679021,6,0.0014227666005596736,0.8143689556705901,0.8203125,0.0056067177271222355
native,5.0,r2_overall,0.7298402979065215,0.7273683078047877,9,-0.002471990101733922,0.008438597597252238,3,0.002812865865750746,0.40512294441579855,0.42578125,0.004631063777170122
native,7.5,r2_overall,0.7384021273028507,0.7377388503760365,9,-0.0006632769268142762,0.008469657589468394,5,0.002823219196489465,0.8201598969526701,0.65234375,0.005500981412713792
native,10.0,r2_overall,0.7388376639313975,0.7375863297095777,9,-0.001251334221819679,0.0018259215701175177,1,0.000608640523372506,0.07382296598792139,0.0546875,0.007066088233623531
model5,0.1,n_epochs,216.0,140.11111111111111,9,-75.88888888888889,41.347443828018086,0,13.78248127600603,0.0005695752182358715,0.00390625,
model5,0.5,n_epochs,201.22222222222223,162.22222222222223,9,-39.0,30.963688410782073,1,10.321229470260691,0.005398776184186908,0.01171875,
model5,1.0,n_epochs,210.85714285714286,159.66666666666666,7,-56.857142857142854,40.73666886818546,1,15.39701358091511,0.010175616869094717,0.03125,
model5,2.0,n_epochs,213.75,174.44444444444446,8,-37.0,52.492176287791416,1,18.5587869061685,0.08642297579377399,0.046875,
model5,5.0,n_epochs,274.25,201.22222222222223,8,-75.125,38.88605148379043,0,13.74829534887871,0.0009415374598258616,0.0078125,
model5,7.5,n_epochs,289.875,203.44444444444446,8,-75.375,25.382432057288305,0,8.974044915357686,6.670427784270408e-05,0.0078125,
model5,10.0,n_epochs,258.1111111111111,179.22222222222223,9,-78.88888888888889,35.00872907020635,0,11.66957635673545,0.00014354251963425474,0.00390625,
native,0.1,n_epochs,199.44444444444446,161.22222222222223,9,-38.22222222222222,32.18220695422308,0,10.727402318074361,0.007367943958114866,0.00390625,
native,0.5,n_epochs,204.875,142.22222222222223,8,-62.75,25.53848636302249,0,9.029218444266686,0.00022126061362861987,0.0078125,
native,1.0,n_epochs,231.28571428571428,160.22222222222223,7,-63.857142857142854,33.7166060541319,0,12.743679238909683,0.0024259206250589836,0.015625,
native,2.0,n_epochs,224.33333333333334,162.66666666666666,9,-61.666666666666664,27.595289453093258,0,9.198429817697752,0.0001520710784108655,0.00390625,
native,5.0,n_epochs,219.0,140.22222222222223,9,-78.77777777777777,24.87859410104286,0,8.29286470034762,1.2437364216919053e-05,0.00390625,
native,7.5,n_epochs,224.0,157.88888888888889,8,-63.625,33.30781761517428,1,11.776091851107235,0.0010053574640957214,0.015625,
native,10.0,n_epochs,180.375,149.55555555555554,8,-32.625,20.955309589695876,0,7.408820756368721,0.0031433500471563696,0.0078125,
