model,batch_mode,bifurcation,shift_sigma,seed,decipher_seed,rho_control,rho_new,rho_plus_control,rho_plus_new,rho_minus_control,rho_minus_new,branch_asw_control,branch_asw_new,r2_overall_control,r2_overall_new,n_epochs_control,n_epochs_new,n_train_control,n_train_new,n_val_control,n_val_new,d_rho,d_rho_plus,d_rho_minus,d_branch_asw,d_r2_overall,d_n_epochs,wandb_run_id_control,wandb_run_id_new,git_sha
model5,genes,bif,0.1,3,1,0.99027885343003,0.99213030071454,0.9920967600461762,0.9914789860183714,0.9938956501338304,0.9891039811136888,0.5329097509384155,0.5517059564590454,0.950168581258277,0.9498544273170002,202.0,145,1450,2250,1050,250,0.0018514472845100327,-0.0006177740278048294,-0.004791669020141609,0.018796205520629883,-0.00031415394127676244,-57.0,gssw8n2l,pt453imr,4804dc9681c76805d5c33f7fd9a72b18ed0e1faa
model5,genes,bif,0.1,3,2,0.9952639538702096,0.9956691083982876,0.992598054349602,0.992953919588617,0.993639294517421,0.9936488074747368,0.4940115213394165,0.4679758548736572,0.9495787327563128,0.9494693873626756,243.0,115,1495,2250,1005,250,0.0004051545280779889,0.00035586523901498524,9.512957315882531e-06,-0.026035666465759277,-0.00010934539363716134,-128.0,0j0x13hk,xzjsmv2a,4804dc9681c76805d5c33f7fd9a72b18ed0e1faa
model5,genes,bif,0.1,3,3,0.990873293323282,0.9828642460770942,0.9922597333099784,0.9928315062378956,0.9936999683785946,0.9936367151524872,0.4880390167236328,0.4829027056694031,0.9505984818522836,0.949268183471618,287.0,152,1465,2250,1035,250,-0.008009047246187784,0.0005717729279172135,-6.325322610745143e-05,-0.005136311054229736,-0.0013302983806655622,-135.0,p1rsq9uy,iiwugpxv,4804dc9681c76805d5c33f7fd9a72b18ed0e1faa
model5,genes,bif,0.1,4,1,0.9777476127412856,0.968439517450844,0.9728824027112002,0.9733498323528256,0.9763021132663384,0.9778164168792268,0.4982738196849823,0.4748468995094299,0.884629634393138,0.8846954576442198,222.0,137,1450,2250,1050,250,-0.009308095290441631,0.00046742964162538314,0.0015143036128884013,-0.023426920175552424,6.582325108173137e-05,-85.0,sgivpjdo,z4pucrwx,4804dc9681c76805d5c33f7fd9a72b18ed0e1faa
model5,genes,bif,0.1,4,2,0.9704453521167162,0.9459121741346784,0.9762667448902864,0.9733510705032132,0.9753290120446924,0.9780415023971184,0.423723965883255,0.4585756957530975,0.8843197886235072,0.8835516408259858,211.0,151,1495,2250,1005,250,-0.0245331779820378,-0.002915674387073186,0.0027124903524260446,0.034851729869842474,-0.0007681477975214346,-60.0,1k9rk7gu,aictyaid,4804dc9681c76805d5c33f7fd9a72b18ed0e1faa
model5,genes,bif,0.1,4,3,0.9717948299712204,0.9715293940066692,0.9759536872207564,0.9686047515008976,0.972865584890256,0.9742600946488053,0.4869530498981476,0.5215907096862793,0.8833212834322292,0.8823416795670758,177.0,144,1465,2250,1035,250,-0.0002654359645511972,-0.007348935719858729,0.0013945097585492672,0.034637659788131714,-0.000979603865153389,-33.0,kek3158u,uon82h60,4804dc9681c76805d5c33f7fd9a72b18ed0e1faa
model5,genes,bif,0.1,5,1,0.97974793970157,0.9803975479353856,0.968406134411978,0.9669493966775656,0.9692612937253144,0.9697031848468178,0.4719871580600738,0.4684750735759735,0.872212985462254,0.8739545198743977,185.0,139,1450,2250,1050,250,0.0006496082338155462,-0.00145673773441235,0.0004418911215033905,-0.0035120844841002863,0.0017415344121436416,-46.0,f4pqdwgd,dejr3caq,4804dc9681c76805d5c33f7fd9a72b18ed0e1faa
model5,genes,bif,0.1,5,2,0.9715967651686236,0.9769375071541276,0.9680362016893712,0.9704855959478323,0.967706418655251,0.968022704859914,0.467608630657196,0.4924402236938476,0.8703432167917674,0.871246837729788,241.0,127,1495,2250,1005,250,0.0053407419855040494,0.002449394258461135,0.00031628620466306323,0.02483159303665161,0.000903620938020544,-114.0,lqnhurk4,tj5ocdgg,4804dc9681c76805d5c33f7fd9a72b18ed0e1faa
model5,genes,bif,0.1,5,3,0.975906622403499,0.9797806008732566,0.9692686115355916,0.9652172820177708,0.9696324780909018,0.9678850773076642,0.4637286067008972,0.4995064437389374,0.8728616010236208,0.8733893313927814,176.0,151,1465,2250,1035,250,0.0038739784697575663,-0.004051329517820834,-0.0017474007832376515,0.03577783703804016,0.0005277303691606505,-25.0,591yxweq,,4804dc9681c76805d5c33f7fd9a72b18ed0e1faa
model5,genes,bif,0.5,3,1,0.9926816146117964,0.9914958118705156,0.9898595429797163,0.9919883372447892,0.993262185354567,0.9913027265758764,0.5340710282325745,0.5476539731025696,0.9425339264126296,0.9423729580121049,230.0,192,1450,2250,1050,250,-0.0011858027412807726,0.002128794265072842,-0.001959458778690637,0.013582944869995117,-0.00016096840052470807,-38.0,589hmvry,myu3w171,4804dc9681c76805d5c33f7fd9a72b18ed0e1faa
model5,genes,bif,0.5,3,2,0.9952971836464723,0.9890198551579136,0.9930513888865424,0.992051560952588,0.9938997976047536,0.9926616909759536,0.5060220956802368,0.4906079173088074,0.9418275114232484,0.9432229013523624,229.0,148,1495,2250,1005,250,-0.0062773284885587755,-0.000999827933954478,-0.0012381066287999731,-0.015414178371429443,0.0013953899291140326,-81.0,gfbwydm9,b8tslidb,4804dc9681c76805d5c33f7fd9a72b18ed0e1faa
model5,genes,bif,0.5,3,3,0.9931564846068064,0.9874492339172144,0.9927112993583171,0.9884774637978342,0.9920992566393776,0.992782676130685,0.5128477215766907,0.5982031226158142,0.942302314682016,0.9427903013646248,226.0,167,1465,2250,1035,250,-0.005707250689591992,-0.004233835560482957,0.0006834194913074576,0.08535540103912354,0.00048798668260885414,-59.0,3sdrc0a2,xaw83u1b,4804dc9681c76805d5c33f7fd9a72b18ed0e1faa
model5,genes,bif,0.5,4,1,0.9735468881163792,0.981969810993536,0.9746764407363152,0.9764295286250132,0.9724825411739586,0.9741641748334114,0.4835083782672882,0.4588125944137573,0.886578952543253,0.8856701773297109,191.0,184,1450,2250,1050,250,0.008422922877156735,0.0017530878886979906,0.0016816336594528414,-0.024695783853530884,-0.0009087752135421567,-7.0,jl3vhtm4,d2748kxd,4804dc9681c76805d5c33f7fd9a72b18ed0e1faa
model5,genes,bif,0.5,4,2,0.9789414855890372,0.9734113430383106,0.9754557517186944,0.9745400184842417,0.9729760676505064,0.9736614939798708,0.5141186714172363,0.4820655286312103,0.8811201895960457,0.8860763016642238,211.0,176,1495,2250,1005,250,-0.005530142550726591,-0.0009157332344527092,0.0006854263293644136,-0.032053142786026,0.004956112068178142,-35.0,zgrt6c20,q1l758om,4804dc9681c76805d5c33f7fd9a72b18ed0e1faa
model5,genes,bif,0.5,4,3,0.9825183304675974,0.9806244587000438,0.9756841627494318,0.9745923244602692,0.972694205180138,0.9754773735741182,0.4898133873939514,0.4609078466892242,0.8865829849777491,0.8859574005098464,143.0,157,1465,2250,1035,250,-0.0018938717675536232,-0.0010918382891625944,0.0027831683939801843,-0.02890554070472723,-0.0006255844679027289,14.0,jsz05bxd,wfy8bynj,4804dc9681c76805d5c33f7fd9a72b18ed0e1faa
model5,genes,bif,0.5,5,1,0.9744142839430122,0.9794161777047464,0.9630928467976534,0.9701487683410958,0.9576566652430984,0.9685200464007778,0.5843085646629333,0.4225530326366424,0.874553943193779,0.8753502480510126,181.0,156,1450,2250,1050,250,0.005001893761734211,0.007055921543442367,0.010863381157679375,-0.16175553202629095,0.0007963048572335873,-25.0,ydrtwmwi,ibqeeel1,4804dc9681c76805d5c33f7fd9a72b18ed0e1faa
model5,genes,bif,0.5,5,2,0.9716784570439738,0.9767178550414184,0.9624620467808715,0.9697739681462524,0.9616516018168884,0.9643039935390504,0.4781973659992218,0.5008159875869751,0.8766404584559505,0.8753799015549093,172.0,129,1495,2250,1005,250,0.005039397997444572,0.007311921365380836,0.0026523917221620286,0.022618621587753296,-0.0012605569010412099,-43.0,a7onws97,aua1vmzw,4804dc9681c76805d5c33f7fd9a72b18ed0e1faa
model5,genes,bif,0.5,5,3,0.9763890109395092,0.9716455515050216,0.9684666046597598,0.9659462752663408,0.9634754579443244,0.9695929453313598,0.5147642493247986,0.4892480075359344,0.8771122167910863,0.8766067096198982,228.0,151,1465,2250,1035,250,-0.004743459434487618,-0.002520329393418952,0.006117487387035325,-0.02551624178886419,-0.0005055071711881354,-77.0,uqdr8t7y,3hcb7kf4,4804dc9681c76805d5c33f7fd9a72b18ed0e1faa
model5,genes,bif,1.0,3,1,0.9896210338228952,0.992900445028626,0.9911454327484064,0.9918088792120984,0.9929764578183288,0.9918160152078858,0.4795837998390198,0.512050211429596,0.9343239370059492,0.93561404623517,226.0,164,1450,2250,1050,250,0.00327941120573072,0.0006634464636919857,-0.0011604426104430132,0.03246641159057617,0.0012901092292207927,-62.0,geggvh75,kf6wr2hm,4804dc9681c76805d5c33f7fd9a72b18ed0e1faa
model5,genes,bif,1.0,3,2,0.9763353466343552,0.9943251959767944,0.9923864469087152,0.992796121784991,0.9929603894577356,0.99345732346003,0.5255275368690491,0.5031934976577759,0.9343800677935444,0.9356350218779462,193.0,123,1495,2250,1005,250,0.01798984934243919,0.00040967487627574517,0.0004969340022944468,-0.022334039211273193,0.0012549540844017937,-70.0,g56f7adu,bvbbtond,4804dc9681c76805d5c33f7fd9a72b18ed0e1faa
model5,genes,bif,1.0,3,3,0.9876531193329464,0.9943244635643658,0.9922205405208908,0.9922002334490724,0.992274145444677,0.9933305294945024,0.558169960975647,0.503192663192749,0.9368265398348988,0.9351318671884412,270.0,174,1465,2250,1035,250,0.006671344231419352,-2.0307071818437272e-05,0.0010563840498254429,-0.05497729778289795,-0.0016946726464576178,-96.0,z9fu5njs,xp1draf0,4804dc9681c76805d5c33f7fd9a72b18ed0e1faa
model5,genes,bif,1.0,4,1,0.9749675940816558,0.981667114776512,0.9719219482303983,0.9713571237050812,0.972770702679686,0.9752373036944082,0.5067254900932312,0.4553991258144378,0.9065243809911534,0.906120820547928,162.0,186,1450,2250,1050,250,0.0066995206948562425,-0.0005648245253171424,0.0024666010147221806,-0.05132636427879339,-0.00040356044322542584,24.0,7xw8hd9o,c3uoihay,4804dc9681c76805d5c33f7fd9a72b18ed0e1faa
model5,genes,bif,1.0,4,2,0.9721965854787846,0.9813732625239988,0.9718842119509736,0.975134277976456,0.9585937019191731,0.9679672938401078,0.5976365804672241,0.5080398917198181,0.9031221617164396,0.9026780440591832,,180,1495,2250,1005,250,0.009176677045214188,0.00325006602548239,0.009373591920934676,-0.089596688747406,-0.0004441176572563821,,,iji5yv8j,4804dc9681c76805d5c33f7fd9a72b18ed0e1faa
model5,genes,bif,1.0,4,3,0.9777518331643232,0.9790634623187088,0.9728093249910024,0.971429241439032,0.9654736616707246,0.9763980576600696,0.5807838439941406,0.4465904831886291,0.9061448375486124,0.9059854044451404,,179,1465,2250,1035,250,0.0013116291543855407,-0.0013800835519703902,0.010924395989345026,-0.13419336080551153,-0.00015943310347199535,,,uwn78rbh,4804dc9681c76805d5c33f7fd9a72b18ed0e1faa
model5,genes,bif,1.0,5,1,0.9778822923273311,0.9715012758384514,0.9613941920757668,0.9645035730255546,0.9657506253304022,0.962751729705769,0.4832086265087127,0.4221312403678894,0.8987288879083634,0.8988471269015199,193.0,148,1450,2250,1050,250,-0.006381016488879787,0.0031093809497877434,-0.00299889562463318,-0.06107738614082331,0.00011823899315654973,-45.0,6vf6l9vo,nw7eq4l7,4804dc9681c76805d5c33f7fd9a72b18ed0e1faa
model5,genes,bif,1.0,5,2,0.9720623938757604,0.9329442180488976,0.9694687372503018,0.9605527478522284,0.9646118489717396,0.953942076088838,0.4802041947841644,0.6049267649650574,0.8966111587006018,0.8982438374694794,185.0,132,1495,2250,1005,250,-0.03911817582686283,-0.008915989398073365,-0.010669772882901607,0.124722570180893,0.0016326787688776268,-53.0,kcxa4b3a,q1tq426r,4804dc9681c76805d5c33f7fd9a72b18ed0e1faa
model5,genes,bif,1.0,5,3,0.9764029178352244,0.9588747594765832,0.9666166746927072,0.9701956281624295,0.9650746787953632,0.9519669506259004,0.4811177253723144,0.5577817559242249,0.8977976683086094,0.899380300338132,247.0,151,1465,2250,1035,250,-0.017528158358641188,0.003578953469722368,-0.013107728169462818,0.07666403055191046,0.0015826320295225793,-96.0,we4uleje,,4804dc9681c76805d5c33f7fd9a72b18ed0e1faa
model5,genes,bif,2.0,3,1,0.8588544093689379,0.8027322853553464,0.9816700697142212,0.9890956967070892,0.9562004153446008,0.9132043064085706,0.5354345440864563,0.5461930632591248,0.9369231199744564,0.9358201018522508,222.0,198,1450,2250,1050,250,-0.05612212401359151,0.007425626992867973,-0.04299610893603012,0.010758519172668457,-0.0011030181222055901,-24.0,uyui2067,cndk7cvs,4804dc9681c76805d5c33f7fd9a72b18ed0e1faa
model5,genes,bif,2.0,3,2,0.988950427849704,0.9932685625842969,0.9908070339242638,0.992744088689857,0.978581637308432,0.9929238816160928,0.4139527678489685,0.5000181198120117,0.9312125099170644,0.9324211460576016,168.0,182,1495,2250,1005,250,0.00431813473459286,0.001937054765593138,0.014342244307660845,0.08606535196304321,0.0012086361405372337,14.0,sxtu9gzw,1xexejxl,4804dc9681c76805d5c33f7fd9a72b18ed0e1faa
model5,genes,bif,2.0,3,3,0.990115153231281,0.9938031688889748,0.9920954189704064,0.9919902561831858,0.9933772149798912,0.9899776917369082,0.4892522096633911,0.4764051139354706,0.9326708816572802,0.932477646251526,216.0,193,1465,2250,1035,250,0.0036880156576938328,-0.00010516278722061401,-0.0033995232429829825,-0.012847095727920532,-0.00019323540575422182,-23.0,4bhap2co,ma141tdz,4804dc9681c76805d5c33f7fd9a72b18ed0e1faa
model5,genes,bif,2.0,4,1,0.943509399560978,0.7820713220165163,0.9576742153788266,0.9608244218905022,0.926711419092872,0.6649385401071324,0.4611700475215912,0.4263926446437835,0.9324510640624892,0.9339843927783834,205.0,205,1450,2250,1050,250,-0.1614380775444617,0.003150206511675635,-0.26177287898573964,-0.03477740287780767,0.0015333287158941777,0.0,nrnfsi8n,bydz4b9g,4804dc9681c76805d5c33f7fd9a72b18ed0e1faa
model5,genes,bif,2.0,4,2,0.9609396401012488,0.9739576864230876,0.9676660334617584,0.9660649013972118,0.9583578775702754,0.9623660996540248,0.6022451519966125,0.4603310823440552,0.9316826569726752,0.9328713055952138,242.0,143,1495,2250,1005,250,0.013018046321838783,-0.0016011320645465954,0.004008222083749402,-0.14191406965255737,0.0011886486225386461,-99.0,ple60p91,t1ug3ze7,4804dc9681c76805d5c33f7fd9a72b18ed0e1faa
model5,genes,bif,2.0,4,3,0.9479647646922484,0.9529115181006004,0.957754579778458,0.9601332964470588,0.9594922904120334,0.9605803352636232,0.597058117389679,0.5841500759124756,0.9324396089616104,0.9326392442558776,258.0,121,1465,2250,1035,250,0.004946753408351934,0.002378716668600789,0.0010880448515897534,-0.01290804147720337,0.00019963529426725302,-137.0,chzntfjq,csd5wcy9,4804dc9681c76805d5c33f7fd9a72b18ed0e1faa
model5,genes,bif,2.0,5,1,0.946575903646049,0.9433750838272762,0.9579550732361451,0.9482031854029366,0.9490821713841722,0.957507333795574,0.5886871218681335,0.5967302322387695,0.9301661817398176,0.929664751738216,205.0,193,1450,2250,1050,250,-0.0032008198187728487,-0.009751887833208572,0.008425162411401788,0.008043110370635986,-0.0005014300016015216,-12.0,gjvxzrml,uqqnvxx3,4804dc9681c76805d5c33f7fd9a72b18ed0e1faa
model5,genes,bif,2.0,5,2,0.95506416367466,0.924279770057812,0.9551592599454206,0.9475296177565926,0.9523653133190751,0.9452452314571907,0.5901071429252625,0.5791231989860535,0.9309493339566643,0.9313816694362554,,156,1495,2250,1005,250,-0.030784393616847927,-0.007629642188828001,-0.0071200818618843975,-0.010983943939208984,0.000432335479591095,,,ycm6bewv,4804dc9681c76805d5c33f7fd9a72b18ed0e1faa
model5,genes,bif,2.0,5,3,0.9335764124946196,0.946349832706138,0.9551672283686738,0.944988191871874,0.7533363419048401,0.9361303510475896,0.3308137655258178,0.515105664730072,0.929764520377536,0.9326811592190302,194.0,179,1465,2250,1035,250,0.012773420211518394,-0.010179036496799854,0.18279400914274946,0.1842918992042542,0.002916638841494179,-15.0,zszjkiow,d5w5hnek,4804dc9681c76805d5c33f7fd9a72b18ed0e1faa
model5,genes,bif,5.0,3,1,0.7330250030452578,0.8042047882653752,0.3058671803939168,0.9195077976406978,0.872964110665021,0.6206111794186209,0.3104523420333862,0.2945005893707275,0.9506615770449046,0.9507830520225444,286.0,262,1450,2250,1050,250,0.07117978522011748,0.613640617246781,-0.2523529312464001,-0.01595175266265869,0.00012147497763981274,-24.0,rtelga99,h4u0jgph,4804dc9681c76805d5c33f7fd9a72b18ed0e1faa
model5,genes,bif,5.0,3,2,0.7160896585787395,0.7638997487665379,0.5948581376185358,0.6826559342207347,0.5326400057496437,0.5510856203696674,0.2229245156049728,0.2467956840991974,0.9509016021944988,0.94818581958444,276.0,163,1495,2250,1005,250,0.04781009018779836,0.08779779660219889,0.018445614620023698,0.023871168494224576,-0.002715782610058781,-113.0,s0071z0i,75qcnc5u,4804dc9681c76805d5c33f7fd9a72b18ed0e1faa
model5,genes,bif,5.0,3,3,0.776538014606125,0.8511483417341614,0.772847490232711,0.8269729442435121,0.5600677230867882,0.8017736684379709,0.2458281368017196,0.2296601235866546,0.9500747588733924,0.9465241587705032,280.0,192,1465,2250,1035,250,0.07461032712803639,0.054125454010801044,0.24170594535118273,-0.016168013215065002,-0.003550600102889212,-88.0,lyh0p76g,u5wptp9f,4804dc9681c76805d5c33f7fd9a72b18ed0e1faa
model5,genes,bif,5.0,4,1,0.6147549344215184,0.6002923181014305,0.54290462261982,0.5475629960708163,0.4353024789633503,0.3412557134628148,0.0563847422599792,0.0850848853588104,0.9610504586155996,0.960260539624935,,218,1450,2250,1050,250,-0.01446261632008794,0.004658373450996289,-0.09404676550053548,0.028700143098831198,-0.0007899189906646065,,,gzx797ez,4804dc9681c76805d5c33f7fd9a72b18ed0e1faa
model5,genes,bif,5.0,4,2,0.8023012435632737,0.8546001146782849,0.7522454101985458,0.7400963015503257,0.7269075585787366,0.6886323503824352,0.0613930933177471,0.0379560552537441,0.9615636234975729,0.9615019037966944,267.0,183,1495,2250,1005,250,0.05229887111501119,-0.012149108648220164,-0.03827520819630137,-0.023437038064003005,-6.171970087842649e-05,-84.0,bj6zmsqf,86l1kkdz,4804dc9681c76805d5c33f7fd9a72b18ed0e1faa
model5,genes,bif,5.0,4,3,0.7285564355707578,0.7101938950798653,0.6619164595849303,0.6644266092527312,0.7038818183439699,0.5015735751897828,0.0951443687081337,0.0552873909473419,0.9609623318879004,0.96061232783473,310.0,172,1465,2250,1035,250,-0.018362540490892476,0.0025101496678009427,-0.20230824315418705,-0.0398569777607918,-0.00035000405317031635,-138.0,3sgsn5su,c3oklewp,4804dc9681c76805d5c33f7fd9a72b18ed0e1faa
model5,genes,bif,5.0,5,1,0.597254503237846,0.6878455201467736,0.5173942814635426,0.4467180659735584,0.495471797382421,0.6739241246154939,0.0628861933946609,0.1036114022135734,0.9620015004279404,0.9628130303136944,301.0,230,1450,2250,1050,250,0.09059101690892757,-0.0706762154899842,0.17845232723307292,0.040725208818912506,0.0008115298857539477,-71.0,4m6daw28,sgyuyvms,4804dc9681c76805d5c33f7fd9a72b18ed0e1faa
model5,genes,bif,5.0,5,2,0.8495148478030309,0.8515831347699103,0.6873442976589621,0.7563462563222214,0.821786189928894,0.7899745897201564,0.0469374731183052,0.0950762182474136,0.9611267346481392,0.9628267623410446,245.0,198,1495,2250,1005,250,0.00206828696687944,0.06900195866325931,-0.03181160020873752,0.048138745129108394,0.001700027692905337,-47.0,cc45qwwz,tvf1071n,4804dc9681c76805d5c33f7fd9a72b18ed0e1faa
model5,genes,bif,5.0,5,3,0.6657340570285707,0.6041212417975453,0.6869575692790835,0.5212820338947028,0.462310164699665,0.5562076236637468,0.0325780324637889,0.043199572712183,0.9606733549626983,0.9629144360615748,229.0,193,1465,2250,1035,250,-0.06161281523102535,-0.16567553538438062,0.09389745896408175,0.010621540248394096,0.0022410810988764407,-36.0,xml4xcnl,4pirb1vg,4804dc9681c76805d5c33f7fd9a72b18ed0e1faa
model5,genes,bif,7.5,3,1,0.8088506575448867,0.740940373569997,0.663699475774617,0.5764238835268021,0.6145770252346672,0.6269531097616325,0.0310437362641096,0.0885734781622886,0.9547098642550672,0.9575605414964832,330.0,268,1450,2250,1050,250,-0.06791028397488974,-0.08727559224781489,0.01237608452696537,0.057529741898179,0.0028506772414159665,-62.0,xj54gz2c,6yk0qi4h,4804dc9681c76805d5c33f7fd9a72b18ed0e1faa
model5,genes,bif,7.5,3,2,0.7576327521427161,0.825892434493366,0.7747458825790502,0.7743732265453045,0.6697322610210141,0.6206526172228015,0.1126312613487243,0.027613490819931,0.9546195956471136,0.9567983926613024,290.0,219,1495,2250,1005,250,0.06825968235064994,-0.00037265603374569967,-0.04907964379821261,-0.0850177705287933,0.0021787970141887714,-71.0,9hpy42c3,hbzc1ld6,4804dc9681c76805d5c33f7fd9a72b18ed0e1faa
model5,genes,bif,7.5,3,3,0.7974492294485762,0.5806806652727292,0.7865695750474374,0.3856859728446363,0.6521383014535139,0.4736847263122108,0.0576985515654087,0.1119826585054397,0.9553958628628249,0.9566178351795662,316.0,240,1465,2250,1035,250,-0.216768564175847,-0.4008836022028011,-0.1784535751413031,0.054284106940031,0.001221972316741371,-76.0,uv97vd20,2kggmudy,4804dc9681c76805d5c33f7fd9a72b18ed0e1faa
model5,genes,bif,7.5,4,1,0.6592908957247441,0.6743374263609194,0.5931714407283498,0.6453718059573168,0.3739362508386151,0.4220247817546728,0.0384109653532505,0.0104666715487837,0.9666597406517377,0.9669409182481864,318.0,209,1450,2250,1050,250,0.015046530636175337,0.05220036522896698,0.04808853091605769,-0.027944293804466797,0.00028117759644874507,-109.0,6srwywbq,dobrb7nq,4804dc9681c76805d5c33f7fd9a72b18ed0e1faa
model5,genes,bif,7.5,4,2,0.8189050038346771,0.6939976700952367,0.7124208770354493,0.5637949225684987,0.6367668328029342,0.4766015519541204,0.0312275812029838,0.0490329079329967,0.9698682586518916,0.970384363841522,298.0,233,1495,2250,1005,250,-0.12490733373944041,-0.1486259544669506,-0.16016528084881382,0.0178053267300129,0.0005161051896304114,-65.0,598h0uh2,idlk3zmj,4804dc9681c76805d5c33f7fd9a72b18ed0e1faa
model5,genes,bif,7.5,4,3,0.6829766709969926,0.7685647810156161,0.6235242969797559,0.7788701610294237,0.4491796248786833,0.5690851583612441,0.0153459832072258,0.0568255372345447,0.9638597584734004,0.9703780878860444,261.0,232,1465,2250,1035,250,0.08558811001862354,0.15534586404966788,0.11990553348256078,0.0414795540273189,0.006518329412643964,-29.0,lptqi2wp,ndshwzk5,4804dc9681c76805d5c33f7fd9a72b18ed0e1faa
model5,genes,bif,7.5,5,1,0.7377744552009605,0.7514579600775063,0.7919074772459167,0.4280324322645753,0.5598670979752278,0.6735019032202517,0.0198655705899,0.0105345919728279,0.9671629082571906,0.9660903017375884,262.0,174,1450,2250,1050,250,0.013683504876545793,-0.3638750449813414,0.1136348052450239,-0.0093309786170721,-0.0010726065196022816,-88.0,k9ttg8q8,u4dfuc71,4804dc9681c76805d5c33f7fd9a72b18ed0e1faa
model5,genes,bif,7.5,5,2,0.3953745575662254,0.4644069532288125,0.0921711016852718,0.3145634603261366,0.0317871577733716,0.0141196211294681,4.3701329559553415e-05,0.0009220620850101,0.9600921457366962,0.9592417770926944,,115,1495,2250,1005,250,0.06903239566258706,0.22239235864086476,-0.017667536643903498,0.0008783607554505465,-0.0008503686440017866,,,5pg652ps,4804dc9681c76805d5c33f7fd9a72b18ed0e1faa
model5,genes,bif,7.5,5,3,0.7258567655325499,0.3168846051211541,0.5416095773333925,0.1078552361120941,0.7231498017409578,0.3287427044993206,0.0060783294029533,0.001179568353109,0.9624991485239524,0.9619772192336148,244.0,141,1465,2250,1035,250,-0.4089721604113958,-0.4337543412212984,-0.3944070972416372,-0.0048987610498442994,-0.0005219292903375639,-103.0,m2cdvvvs,2ndhkgw9,4804dc9681c76805d5c33f7fd9a72b18ed0e1faa
model5,genes,bif,10.0,3,1,0.791650907287136,0.7713514651615406,0.6641977462861887,0.4738036117268404,0.557617135427245,0.6756030411560675,0.0354015119373798,0.0406356118619442,0.9599181280345852,0.9614894857565908,308.0,238,1450,2250,1050,250,-0.020299442125595424,-0.19039413455934828,0.1179859057288225,0.005234099924564396,0.001571357722005562,-70.0,eaebs1v3,7d26j1t6,4804dc9681c76805d5c33f7fd9a72b18ed0e1faa
model5,genes,bif,10.0,3,2,0.7569476470765647,0.8978641767339186,0.8175125029263198,0.8113668114980908,0.6045542427568966,0.8212834399924333,0.0390539094805717,0.0191533472388982,0.9583563332753454,0.960223718325482,254.0,165,1495,2250,1005,250,0.1409165296573539,-0.006145691428229072,0.21672919723553663,-0.019900562241673497,0.0018673850501366163,-89.0,5sgtymam,vst189pt,4804dc9681c76805d5c33f7fd9a72b18ed0e1faa
model5,genes,bif,10.0,3,3,0.8273295465889392,0.7560233311056472,0.7678458545657822,0.6674208287848571,0.744031753842734,0.6076893616925904,0.0468525253236293,0.0443051159381866,0.9608030418314136,0.9603854933186282,340.0,217,1465,2250,1035,250,-0.07130621548329197,-0.10042502578092516,-0.13634239215014365,-0.002547409385442706,-0.00041754851278541505,-123.0,duks7dbq,lzrhddfq,4804dc9681c76805d5c33f7fd9a72b18ed0e1faa
model5,genes,bif,10.0,4,1,0.6696305167691183,0.6147137245764213,0.7052264314998468,0.4571574847642654,0.2795794769531311,0.3274493256385762,0.0049319411627948,0.0014204869512468,0.9689310924856832,0.9680334395339316,305.0,175,1450,2250,1050,250,-0.05491679219269707,-0.24806894673558139,0.04786984868544508,-0.003511454211548,-0.000897652951751593,-130.0,hc7fxctd,v8b7oib9,4804dc9681c76805d5c33f7fd9a72b18ed0e1faa
model5,genes,bif,10.0,4,2,0.7319528070177038,0.861969288460115,0.7184649849484727,0.8032308480218084,0.6638400638988085,0.7925686675846566,0.0039389636367559,0.0072899721562862,0.9690515617823788,0.9724665281113984,245.0,202,1495,2250,1005,250,0.13001648144241118,0.08476586307333578,0.12872860368584815,0.0033510085195303,0.0034149663290196086,-43.0,76q1y82k,6ro7ucgh,4804dc9681c76805d5c33f7fd9a72b18ed0e1faa
model5,genes,bif,10.0,4,3,0.3758356616549274,0.4607912900423781,0.3728046033063745,0.4572699164816796,0.0725009678578438,0.1423603341440053,0.0012215856695547,0.0012681110529229,0.9672341629160908,0.9675297989921904,208.0,168,1465,2250,1035,250,0.08495562838745074,0.08446531317530509,0.06985936628616152,4.6525383368199984e-05,0.0002956360760996146,-40.0,r882qhj2,u9gmeyi6,4804dc9681c76805d5c33f7fd9a72b18ed0e1faa
model5,genes,bif,10.0,5,1,0.6156818577089824,0.3079902087053527,0.4959216862864093,0.2545436224825443,0.5477299968687245,0.0409974061465015,0.0002259739558212,0.0001869366242317,0.9695944132387516,0.9702257086713786,235.0,179,1450,2250,1050,250,-0.3076916490036297,-0.241378063803865,-0.506732590722223,-3.9037331589499984e-05,0.000631295432626966,-56.0,3xc2brvs,1a7qmkq3,4804dc9681c76805d5c33f7fd9a72b18ed0e1faa
model5,genes,bif,10.0,5,2,0.3018262253127635,0.527314431047631,0.1407621942440588,0.222074737310652,0.201223098226747,0.216673609225596,-0.000149407700519,0.0002836130734067,0.9690274335116802,0.9681058664553146,179.0,129,1495,2250,1005,250,0.2254882057348675,0.08131254306659319,0.015450510998849004,0.0004330207739257,-0.0009215670563655909,-50.0,vyoaz65g,log8ujl9,4804dc9681c76805d5c33f7fd9a72b18ed0e1faa
model5,genes,bif,10.0,5,3,0.455861868783751,0.5923462640063332,0.4297013366031345,0.3948326345371098,0.5310781264820628,0.3733561651475045,0.000561170221772,0.0005839741788804,0.9691750803351455,0.9689415095394686,249.0,140,1465,2250,1035,250,0.13648439522258216,-0.03486870206602466,-0.15772196133455824,2.2803957108399973e-05,-0.00023357079567698502,-109.0,ttcqssll,af08ssmy,4804dc9681c76805d5c33f7fd9a72b18ed0e1faa
native,genes,bif,0.1,3,1,0.9918606328603232,0.9951547354225008,0.9929595047111656,0.9931655182673194,0.9940951324339852,0.9941873133050664,0.4935887455940246,0.444233626127243,0.9467234554296052,0.9461014612253928,245.0,145,1450,2250,1050,250,0.0032941025621775477,0.00020601355615379457,9.218087108120443e-05,-0.049355119466781616,-0.0006219942042123838,-100.0,ki7dnvkz,8wdgob28,4804dc9681c76805d5c33f7fd9a72b18ed0e1faa
native,genes,bif,0.1,3,2,0.9958037680135924,0.985331579869802,0.9929211205689952,0.9927516897533464,0.9940082650154312,0.9922349668817768,0.4891641736030578,0.5116233825683594,0.9454977283445872,0.9460155953748924,232.0,197,1495,2250,1005,250,-0.010472188143790362,-0.0001694308156487967,-0.001773298133654344,0.02245920896530157,0.000517867030305208,-35.0,9l13ub2m,g5uqrgn4,4804dc9681c76805d5c33f7fd9a72b18ed0e1faa
native,genes,bif,0.1,3,3,0.995622608928242,0.9952675335068092,0.9922772243798738,0.992533133219738,0.993947050629452,0.993425728202313,0.4905239045619964,0.4297961294651031,0.9443582282757036,0.9445468128655856,220.0,143,1465,2250,1035,250,-0.00035507542143276005,0.0002559088398642606,-0.0005213224271389816,-0.06072777509689331,0.00018858458988202376,-77.0,9jj9gpe9,0qo3jpfo,4804dc9681c76805d5c33f7fd9a72b18ed0e1faa
native,genes,bif,0.1,4,1,0.9845123954013556,0.9833856666223127,0.9763006514596924,0.976734847414957,0.9805696189181152,0.9790500785790308,0.4584991037845611,0.4455627799034118,0.8714684419274885,0.8722244442516469,174.0,162,1450,2250,1050,250,-0.0011267287790428515,0.00043419595526461574,-0.001519540339084413,-0.012936323881149292,0.0007560023241584002,-12.0,fzktzyru,tmfc6jul,4804dc9681c76805d5c33f7fd9a72b18ed0e1faa
native,genes,bif,0.1,4,2,0.9827760368699504,0.971623799376896,0.9745740952224148,0.9720576170333916,0.9753700304098508,0.9782597435340842,0.4784222841262817,0.5193294882774353,0.8722974659355358,0.8726725763519425,185.0,181,1495,2250,1005,250,-0.011152237493054384,-0.00251647818902323,0.002889713124233362,0.04090720415115362,0.00037511041640669873,-4.0,xcz64klg,d6lsr591,4804dc9681c76805d5c33f7fd9a72b18ed0e1faa
native,genes,bif,0.1,4,3,0.96464822140948,0.969739295517535,0.9690690553777098,0.97608844366256,0.9780907092397284,0.9751901216478458,0.488113135099411,0.4728693664073944,0.8729458080383661,0.8737773076411999,202.0,182,1465,2250,1035,250,0.005091074108054983,0.007019388284850159,-0.0029005875918826085,-0.015243768692016602,0.0008314996028337962,-20.0,lu65n8tc,g5ibv572,4804dc9681c76805d5c33f7fd9a72b18ed0e1faa
native,genes,bif,0.1,5,1,0.9548973330567762,0.9733158978302652,0.9501009794684016,0.9567528753891856,0.9705090924357608,0.9707774974775046,0.4209997653961181,0.444579929113388,0.8596887277445795,0.8611765532283182,184.0,134,1450,2250,1050,250,0.01841856477348902,0.006651895920784079,0.0002684050417438577,0.023580163717269897,0.001487825483738714,-50.0,s7y41mlj,o9h9x2d4,4804dc9681c76805d5c33f7fd9a72b18ed0e1faa
native,genes,bif,0.1,5,2,0.980558494422175,0.9699468158038904,0.9696183394675992,0.9610466799179084,0.9687669617582229,0.9699822137108344,0.3766112029552459,0.4705896973609924,0.8605137407956581,0.8603832849807653,202.0,188,1495,2250,1005,250,-0.010611678618284603,-0.008571659549690858,0.001215251952611518,0.09397849440574646,-0.00013045581489279368,-14.0,w3hh4tbm,okt0966o,4804dc9681c76805d5c33f7fd9a72b18ed0e1faa
native,genes,bif,0.1,5,3,0.9737743061548746,0.937953142944476,0.9570634277525,0.9642541156741768,0.951944392144325,0.9605037106355162,0.0777603536844253,0.5499238967895508,0.8580992184735942,0.8611534866485375,151.0,119,1465,2250,1035,250,-0.03582116321039863,0.007190687921676875,0.008559318491191181,0.4721635431051255,0.0030542681749433642,-32.0,e8luxdn3,n83cdw3y,4804dc9681c76805d5c33f7fd9a72b18ed0e1faa
native,genes,bif,0.5,3,1,0.97653735376246,0.9631679347244853,0.9643664138880632,0.9538362634084891,0.9750978858334736,0.9853491907783412,0.4659926891326904,0.4794080853462219,0.8895030321938105,0.8944076665363083,221.0,160,1450,2250,1050,250,-0.013369419037974728,-0.010530150479574063,0.01025130494486759,0.01341539621353155,0.004904634342497771,-61.0,rrip9t13,f0pastmo,4804dc9681c76805d5c33f7fd9a72b18ed0e1faa
native,genes,bif,0.5,3,2,0.986401037989799,0.9645447888991258,0.992467135920822,0.9879574286781544,0.9915347884412749,0.982746203793158,0.4526010155677795,0.4942891001701355,0.8759430922190344,0.8901634437584154,207.0,177,1495,2250,1005,250,-0.021856249090673185,-0.004509707242667638,-0.008788584648116826,0.04168808460235601,0.014220351539380949,-30.0,j557nc8f,6x0maur0,4804dc9681c76805d5c33f7fd9a72b18ed0e1faa
native,genes,bif,0.5,3,3,0.9917076677790796,0.9936474474518326,0.9933218669254864,0.9929649369753724,0.9927989265257948,0.993184840167322,0.5250163674354553,0.5075535178184509,0.8767499955516284,0.8798618890461969,214.0,145,1465,2250,1035,250,0.0019397796727530503,-0.0003569299501140488,0.0003859136415271802,-0.017462849617004395,0.0031118934945685295,-69.0,e3237clf,p0hulc1q,4804dc9681c76805d5c33f7fd9a72b18ed0e1faa
native,genes,bif,0.5,4,1,0.9429251277674268,0.9131056364585864,0.8363174984613393,0.8189815966765105,0.9302963648178134,0.9537097854847018,0.2761073410511017,0.3425123989582062,0.779986803445753,0.7757527190419545,207.0,135,1450,2250,1050,250,-0.029819491308840318,-0.0173359017848288,0.02341342066688834,0.06640505790710449,-0.004234084403798466,-72.0,ceqber4u,65ajwbez,4804dc9681c76805d5c33f7fd9a72b18ed0e1faa
native,genes,bif,0.5,4,2,0.9518524201435008,0.9557223262561994,0.94549008451143,0.945677247521156,0.9543698345410117,0.9552764986696768,0.4992939829826355,0.4567061960697174,0.7778709796431138,0.7769827559799789,172.0,107,1495,2250,1005,250,0.0038699061126985512,0.00018716300972598798,0.0009066641286651356,-0.04258778691291809,-0.0008882236631349016,-65.0,p2ywwi14,3blmjemi,4804dc9681c76805d5c33f7fd9a72b18ed0e1faa
native,genes,bif,0.5,4,3,0.9592102826609158,0.9711945322666368,0.9292927460038054,0.9330377772820068,0.9660905993459336,0.9606588924033548,0.4702988266944885,0.3565539419651031,0.7774739380167927,0.7797358313886945,187.0,142,1465,2250,1035,250,0.011984249605720976,0.0037450312782013606,-0.005431706942578773,-0.11374488472938543,0.0022618933719018575,-45.0,e8fdf7ad,bg5mswrg,4804dc9681c76805d5c33f7fd9a72b18ed0e1faa
native,genes,bif,0.5,5,1,0.963060287709264,0.9278519682077272,0.9330391007996276,0.9504393449086408,0.9457627096543862,0.8507751137635925,0.3004376888275146,0.4365566968917846,0.7576271262471942,0.7575906734090332,238.0,123,1450,2250,1050,250,-0.0352083195015368,0.017400244109013197,-0.09498759589079375,0.13611900806427002,-3.6452838161005197e-05,-115.0,nlfzm5sa,v5ls6wn4,4804dc9681c76805d5c33f7fd9a72b18ed0e1faa
native,genes,bif,0.5,5,2,0.9603653569051844,0.9647347184952488,0.9227326025249164,0.9533533380761288,0.9551863352606176,0.9575144857741976,0.4761710464954376,0.4564498364925384,0.7581104002093269,0.7566346583671096,,143,1495,2250,1005,250,0.004369361590064402,0.030620735551212364,0.0023281505135800407,-0.019721210002899225,-0.0014757418422172153,,,,4804dc9681c76805d5c33f7fd9a72b18ed0e1faa
native,genes,bif,0.5,5,3,0.8888737227206941,0.9250566362551256,0.8620117021328401,0.79578383511622,0.9573407046680824,0.9496427070259044,0.4217289090156555,0.4080574214458465,0.7516893626913067,0.7586387370744803,193.0,148,1465,2250,1035,250,0.03618291353443148,-0.06622786701662009,-0.007697997642178045,-0.013671487569809015,0.006949374383173557,-45.0,884nxa5h,lt1kssez,4804dc9681c76805d5c33f7fd9a72b18ed0e1faa
native,genes,bif,1.0,3,1,0.9382597314861268,0.9455436890698538,0.9628093031564036,0.9730119704830912,0.9656864259668392,0.9590624854139312,0.5084961652755737,0.4336937367916107,0.8022210410195989,0.8008018065875353,243.0,216,1450,2250,1050,250,0.007283957583726908,0.01020266732668762,-0.0066239405529079365,-0.07480242848396301,-0.0014192344320635986,-27.0,wzjrw0sr,v7newl40,4804dc9681c76805d5c33f7fd9a72b18ed0e1faa
native,genes,bif,1.0,3,2,0.98904947995314,0.9830418924987816,0.9889053009300044,0.969401630190485,0.9845906889752224,0.9755293218311268,0.5213508009910583,0.402776300907135,0.7990897346332662,0.8017562833691858,236.0,181,1495,2250,1005,250,-0.006007587454358365,-0.01950367073951942,-0.009061367144095556,-0.11857450008392334,0.0026665487359196494,-55.0,ihiy0npc,,4804dc9681c76805d5c33f7fd9a72b18ed0e1faa
native,genes,bif,1.0,3,3,0.9750421588311284,0.9476075633735768,0.9837614744307184,0.9814274518814012,0.9729348532943226,0.9727051178783732,0.4729417562484741,0.4428576529026031,0.8012471989797849,0.8000582009280318,194.0,141,1465,2250,1035,250,-0.02743459545755167,-0.0023340225493171385,-0.00022973541594939473,-0.030084103345871027,-0.0011889980517530985,-53.0,9mjs3n2d,,4804dc9681c76805d5c33f7fd9a72b18ed0e1faa
native,genes,bif,1.0,4,1,0.9442867861519916,0.6041321159262064,0.8422254626784603,0.0498209402801341,0.923212689636755,0.9202877267584202,0.0548621043562889,0.2978442013263702,0.6597103256689322,0.6472285180352533,,149,1450,2250,1050,250,-0.34015467022578516,-0.7924045223983263,-0.002924962878334769,0.24298209697008127,-0.012481807633678899,,,,4804dc9681c76805d5c33f7fd9a72b18ed0e1faa
native,genes,bif,1.0,4,2,0.8855923923772768,0.8938500521082811,0.8207977407545123,0.7082092032502444,0.8571161560555217,0.8739165397985715,0.3559674620628357,0.2617273330688476,0.6570450493718052,0.6505099302296589,,121,1495,2250,1005,250,0.00825765973100423,-0.1125885375042679,0.016800383743049818,-0.09424012899398809,-0.006535119142146328,,,php4v0po,4804dc9681c76805d5c33f7fd9a72b18ed0e1faa
native,genes,bif,1.0,4,3,0.8502654945804802,0.8129931308813407,0.8620151892354737,0.8205110929618419,0.7252151675007561,0.6329605884832817,0.2175468802452087,0.231675699353218,0.651890470218784,0.6508652566033972,240.0,130,1465,2250,1035,250,-0.037272363699139444,-0.04150409627363183,-0.09225457901747436,0.014128819108009283,-0.0010252136153867664,-110.0,vhiafmuh,izl2q7qj,4804dc9681c76805d5c33f7fd9a72b18ed0e1faa
native,genes,bif,1.0,5,1,0.7582613310448922,0.8266925802843709,0.5306796676579946,0.8145923927853556,0.7241209009447359,0.8085064715136986,0.1881530880928039,0.2820601463317871,0.6478149518399946,0.6472661659794525,253.0,160,1450,2250,1050,250,0.06843124923947863,0.283912725127361,0.08438557056896268,0.09390705823898321,-0.0005487858605420781,-93.0,6whwok5q,fw5xl74n,4804dc9681c76805d5c33f7fd9a72b18ed0e1faa
native,genes,bif,1.0,5,2,0.8534519004012087,0.8457823286581528,0.8474289457034129,0.8230111143363816,0.8198727477187304,0.8536625254283765,0.3219754993915558,0.3560493290424347,0.6428814708432627,0.6382676435241648,257.0,170,1495,2250,1005,250,-0.007669571743055825,-0.02441783136703124,0.033789777709646085,0.034073829650878906,-0.004613827319097985,-87.0,anh97ut2,bnria3kz,4804dc9681c76805d5c33f7fd9a72b18ed0e1faa
native,genes,bif,1.0,5,3,0.7872715645555276,0.6952197251999603,0.8187540265493228,0.5420566316706027,0.5428999278055289,0.7960249979792878,0.1619782149791717,0.2302343100309372,0.645152270772211,0.64543953697903,196.0,174,1465,2250,1035,250,-0.09205183935556727,-0.27669739487872014,0.25312507017375896,0.0682560950517655,0.0002872662068189591,-22.0,hj4zig6n,rcnmvtq4,4804dc9681c76805d5c33f7fd9a72b18ed0e1faa
native,genes,bif,2.0,3,1,0.9197935532782818,0.9302961214063452,0.8973188302361583,0.9342839277081568,0.9103633014069368,0.945543845924836,0.4526681005954742,0.4432350993156433,0.6480688575937279,0.6530348871337883,222.0,150,1450,2250,1050,250,0.010502568128063383,0.0369650974719985,0.035180544517899204,-0.009433001279830877,0.004966029540060424,-72.0,9khc9n6l,28efq42m,4804dc9681c76805d5c33f7fd9a72b18ed0e1faa
native,genes,bif,2.0,3,2,0.9109301560281816,0.9133061714648016,0.9394755712528984,0.9655602337361536,0.8424879178662956,0.9204943417502024,0.383488655090332,0.4101025462150574,0.6413992264511705,0.6423092626951601,183.0,182,1495,2250,1005,250,0.002376015436620027,0.02608466248325525,0.07800642388390677,0.026613891124725397,0.0009100362439895537,-1.0,n0kaqce4,a9yzcxf3,4804dc9681c76805d5c33f7fd9a72b18ed0e1faa
native,genes,bif,2.0,3,3,0.7604939609707344,0.8594745489631934,0.4883501910270582,0.7903989154565637,0.7406096364593425,0.8081529814799869,0.2520533800125122,0.2309775054454803,0.657419086326891,0.6562194292541685,205.0,151,1465,2250,1035,250,0.09898058799245901,0.30204872442950553,0.06754334502064441,-0.021075874567031916,-0.0011996570727224043,-54.0,yg1yu0p2,g0aiz4hx,4804dc9681c76805d5c33f7fd9a72b18ed0e1faa
native,genes,bif,2.0,4,1,0.5024028711432176,0.449850624204841,0.5738295758295601,0.3366898301627499,0.2161221615986276,0.4588795770542404,0.00671939086169,0.0048794788308441,0.6745076206802337,0.6753996281771444,232.0,145,1450,2250,1050,250,-0.05255224693837657,-0.23713974566681018,0.24275741545561277,-0.0018399120308459005,0.0008920074969106517,-87.0,q26gp9oi,qzjcurto,4804dc9681c76805d5c33f7fd9a72b18ed0e1faa
native,genes,bif,2.0,4,2,0.5456306206398417,0.6127973521415374,0.4563052322291832,0.5407633711894457,0.3517944059363947,0.582844035952195,0.0033278099726885,0.0121298022568225,0.6877383278335014,0.6776688421587371,203.0,154,1495,2250,1005,250,0.06716673150169572,0.08445813896026255,0.2310496300158003,0.008801992284133999,-0.010069485674764289,-49.0,bpn3sw4l,xyv435sy,4804dc9681c76805d5c33f7fd9a72b18ed0e1faa
native,genes,bif,2.0,4,3,0.4849672880581958,0.5178404392083363,0.6167235402824874,0.6585016600690153,0.3801993404544398,0.2001991255620594,0.0052827168256044,0.0075735072605311,0.6821762592691569,0.6846467418812142,257.0,183,1465,2250,1035,250,0.032873151150140556,0.0417781197865279,-0.1800002148923804,0.0022907904349267006,0.00247048261205729,-74.0,3lrngpls,ml9koqe8,4804dc9681c76805d5c33f7fd9a72b18ed0e1faa
native,genes,bif,2.0,5,1,0.5564023949420405,0.5378748821279807,0.4263540283461679,0.2500061145196804,0.369465036721404,0.198784454512125,0.0055269328877329,0.000540790555533,0.7029665818422131,0.7042348073465814,243.0,172,1450,2250,1050,250,-0.018527512814059732,-0.1763479138264875,-0.170680582209279,-0.0049861423321999,0.0012682255043683366,-71.0,50an9w1s,vhmeyg68,4804dc9681c76805d5c33f7fd9a72b18ed0e1faa
native,genes,bif,2.0,5,2,0.6001923086463189,0.4933667567392165,0.4081051381962416,0.1444069827120606,0.396033007497928,0.3767319520267796,0.0024148088414222,-0.0001472482690587,0.7060949500412194,0.7030198664491196,221.0,169,1495,2250,1005,250,-0.10682555190710241,-0.263698155484181,-0.01930105547114841,-0.0025620571104809,-0.0030750835920997366,-52.0,76wk1ut3,5ml993q8,4804dc9681c76805d5c33f7fd9a72b18ed0e1faa
native,genes,bif,2.0,5,3,0.5309150189869958,0.5893424811068506,0.4330717287838219,0.5157522544456365,0.4064736172971726,0.3701555928382933,0.0011702666524797,0.0008597094565629,0.7041447196562141,0.7048748346479763,253.0,158,1465,2250,1035,250,0.058427462119854834,0.08268052566181466,-0.03631802445887927,-0.00031055719591679997,0.0007301149917622318,-95.0,2d5j1c3m,6rwjgm1q,4804dc9681c76805d5c33f7fd9a72b18ed0e1faa
native,genes,bif,5.0,3,1,0.6044010964453336,0.5835891879093535,0.3994457888881446,0.3596735343317156,0.4641090872537877,0.3934100330362374,0.0014546762686222,0.0014049703022465,0.71276126043765,0.7113401170133791,224.0,151,1450,2250,1050,250,-0.020811908535980028,-0.039772254556428965,-0.0706990542175503,-4.97059663757001e-05,-0.0014211434242709098,-73.0,ydvby4bt,4qn3v6c6,4804dc9681c76805d5c33f7fd9a72b18ed0e1faa
native,genes,bif,5.0,3,2,0.575026542640073,0.6083193988256906,0.3512431932723682,0.2895874357586329,0.2803744913789416,0.3160204732023107,0.000390022090869,-6.825710443081334e-05,0.7094783549662484,0.7094127880223215,191.0,150,1495,2250,1005,250,0.033292856185617614,-0.06165575751373531,0.03564598182336909,-0.00045827919529981334,-6.556694392689799e-05,-41.0,lbz15s8f,93rx3mw8,4804dc9681c76805d5c33f7fd9a72b18ed0e1faa
native,genes,bif,5.0,3,3,0.7332051368392549,0.5479768738377286,0.5584980897804432,0.0968203951839392,0.6799645321298913,0.5420156391009989,0.0026012519374489,0.0027488213963806,0.708658415519335,0.7119917020827418,176.0,115,1465,2250,1035,250,-0.18522826300152628,-0.46167769459650404,-0.13794889302889235,0.0001475694589317001,0.003333286563406812,-61.0,08horsse,,4804dc9681c76805d5c33f7fd9a72b18ed0e1faa
native,genes,bif,5.0,4,1,0.4089316651743276,0.2263032962099196,0.3906130824919145,0.1421318385049576,0.1782502819838229,0.1069057146513332,0.0009446032927371,0.0004342228930909,0.7315727504164076,0.7161728219033675,194.0,127,1450,2250,1050,250,-0.182628368964408,-0.2484812439869569,-0.0713445673324897,-0.0005103803996462,-0.015399928513040062,-67.0,z9r4n4k4,dzh1muer,4804dc9681c76805d5c33f7fd9a72b18ed0e1faa
native,genes,bif,5.0,4,2,0.4241344377053908,0.4301065691391899,0.1902871573094817,0.2980884873052681,0.6545102710293791,0.4703083096960677,0.0026039641816169,0.0021262113004922,0.7173043323434705,0.7282269300934222,222.0,155,1495,2250,1005,250,0.005972131433799099,0.1078013299957864,-0.1842019613333114,-0.00047775288112470024,0.010922597749951746,-67.0,jwucvvew,,4804dc9681c76805d5c33f7fd9a72b18ed0e1faa
native,genes,bif,5.0,4,3,0.4016827481041298,0.3014161750252425,0.1469353983225949,0.1769252459376578,0.360405459807301,0.2991953834159883,0.0009554111165925,0.0011009968584403,0.731438976466761,0.7160127792198104,235.0,121,1465,2250,1035,250,-0.10026657307888731,0.029989847615062903,-0.06121007639131271,0.00014558574184780015,-0.015426197246950601,-114.0,xsw9mjqk,,4804dc9681c76805d5c33f7fd9a72b18ed0e1faa
native,genes,bif,5.0,5,1,0.3468368860642126,0.4064627002079702,0.1677236725208743,0.1949261516647443,0.334006353419503,0.2506008022867495,0.000507995893713,-0.0001905467070173,0.7508955159101668,0.7522320258635761,247.0,137,1450,2250,1050,250,0.059625814143757616,0.02720247914387,-0.0834055511327535,-0.0006985426007303,0.0013365099534092817,-110.0,e3arkt7j,8k8r0g8k,4804dc9681c76805d5c33f7fd9a72b18ed0e1faa
native,genes,bif,5.0,5,2,0.4441507031070418,0.3036003792985654,0.3997310561609407,0.0911204787936679,0.2899688583604067,0.1621657201000807,-0.0004854619910474,0.0004285501781851,0.754368777916888,0.7517632941722635,236.0,164,1495,2250,1005,250,-0.14055032380847637,-0.30861057736727276,-0.127803138260326,0.0009140121692325,-0.002605483744624437,-72.0,47vlcagj,p7kaiym1,4804dc9681c76805d5c33f7fd9a72b18ed0e1faa
native,genes,bif,5.0,5,3,0.2588602603514098,0.3412328168884337,0.2105768968703091,0.1705297272088548,0.0312511202575949,0.1304667115673637,-0.0002184534823754,-8.247813093475997e-05,0.7520842971817665,0.7491623118722063,246.0,142,1465,2250,1035,250,0.08237255653702391,-0.0400471696614543,0.0992155913097688,0.00013597535144064003,-0.0029219853095602266,-104.0,i4qzrb78,zv4d5cji,4804dc9681c76805d5c33f7fd9a72b18ed0e1faa
native,genes,bif,7.5,3,1,0.5731743446895512,0.4089831103377824,0.3601020215496948,0.3088984624328297,0.512559853337147,0.0046840078321065,0.0005734019214287,0.0007974427426233,0.7237972433712015,0.7257813270889975,220.0,149,1450,2250,1050,250,-0.1641912343517688,-0.05120355911686508,-0.5078758455050405,0.00022404082119459995,0.0019840837177959036,-71.0,416y3a2n,b40ey4s7,4804dc9681c76805d5c33f7fd9a72b18ed0e1faa
native,genes,bif,7.5,3,2,0.4481289644468676,0.4516683953477453,0.1725453183939563,0.3150815837947526,0.6563653502642366,0.5131991440717628,0.0052042962051928,-0.0004744888865388,0.7132774127483046,0.725169189716456,250.0,163,1495,2250,1005,250,0.0035394309008776603,0.1425362654007963,-0.14316620619247378,-0.0056787850917316,0.011891776968151468,-87.0,9kffqbqk,790gwkv9,4804dc9681c76805d5c33f7fd9a72b18ed0e1faa
native,genes,bif,7.5,3,3,0.5875034929008149,0.4932114045466749,0.3797480864995489,0.0483959416171929,0.4133799320436988,0.5191266968091063,0.0004546710115391,0.003039110219106,0.7244397204354794,0.7254734446558895,242.0,168,1465,2250,1035,250,-0.09429208835414005,-0.331352144882356,0.10574676476540751,0.0025844392075669003,0.0010337242204100372,-74.0,vonxt2g0,4yav1c8w,4804dc9681c76805d5c33f7fd9a72b18ed0e1faa
native,genes,bif,7.5,4,1,0.2386954985472477,0.3990039016450881,0.1804746743400349,0.3738703017435372,0.3667936533888523,0.2266263216713862,0.0006575364386662,0.0007146275602281,0.7369894197038446,0.7355169470270089,167.0,170,1450,2250,1050,250,0.1603084030978404,0.1933956274035023,-0.1401673317174661,5.7091121561900085e-05,-0.001472472676835701,3.0,vazhl3oh,4b9kasw4,4804dc9681c76805d5c33f7fd9a72b18ed0e1faa
native,genes,bif,7.5,4,2,0.3269087888546135,0.0643412389454139,0.6250169836950908,0.1475814543114259,0.1681785886767496,0.0568338682833475,0.0005156507249921,0.0002386596606811,0.7356604623824612,0.7150353444031408,221.0,187,1495,2250,1005,250,-0.2625675499091996,-0.47743552938366496,-0.1113447203934021,-0.00027699106431099997,-0.02062511797932043,-34.0,a9bt54rt,o4nhhztg,4804dc9681c76805d5c33f7fd9a72b18ed0e1faa
native,genes,bif,7.5,4,3,0.2453574192663557,0.4624146963348722,0.1418851929011461,0.4434103068434516,0.570199054439885,0.429089215546501,0.0001725485781207,6.02112922933884e-05,0.7362677660484426,0.7353679744992705,248.0,168,1465,2250,1035,250,0.2170572770685165,0.3015251139423055,-0.14110983889338397,-0.00011233728582731161,-0.0008997915491720798,-80.0,mgha4i3u,xmybwuum,4804dc9681c76805d5c33f7fd9a72b18ed0e1faa
native,genes,bif,7.5,5,1,0.2638645575981858,0.4003578473384943,0.0776749007453403,0.1627052741526961,0.2047135186473373,0.1330899765562517,-0.0001695490209385,-0.0002426902065053,0.7571510813325224,0.757749970671902,245.0,143,1450,2250,1050,250,0.1364932897403085,0.0850303734073558,-0.0716235420910856,-7.31411855668e-05,0.0005988893393795713,-102.0,6lczkhif,eruk4vcr,4804dc9681c76805d5c33f7fd9a72b18ed0e1faa
native,genes,bif,7.5,5,2,0.196123068181025,0.133821327347462,0.0594918833852835,0.0647901344773069,0.0368872179296932,0.017416158691647,0.0001847940438892,7.371898391284049e-05,0.7593829905148279,0.7592667936642039,199.0,135,1495,2250,1005,250,-0.06230174083356302,0.0052982510920234,-0.019471059238046196,-0.00011107505997635952,-0.00011619685062402851,-64.0,4ah6xjk5,k4sgq6xu,4804dc9681c76805d5c33f7fd9a72b18ed0e1faa
native,genes,bif,7.5,5,3,0.2158160647542684,0.3816201826730273,0.042250033692993,0.2529503987835547,0.1506964831030348,0.1842136084506901,-5.5818018154241145e-05,-0.0005255798459984,0.7586530491885723,0.7602886616574591,,138,1465,2250,1035,250,0.16580411791875888,0.21070036509056167,0.0335171253476553,-0.00046976182784415886,0.0016356124688867713,,,mbc5v1z3,4804dc9681c76805d5c33f7fd9a72b18ed0e1faa
native,genes,bif,10.0,3,1,0.3754852235709636,0.5180461823964394,0.1107718777173737,0.3054772737186509,0.1598620685109825,0.4898263173421642,0.0012953163823112,0.0003486673813313,0.7306032916172873,0.7294946620139096,205.0,148,1450,2250,1050,250,0.14256095882547581,0.1947053960012772,0.3299642488311817,-0.0009466490009798999,-0.0011086296033777643,-57.0,byu3zpyd,mnx7tyic,4804dc9681c76805d5c33f7fd9a72b18ed0e1faa
native,genes,bif,10.0,3,2,0.4848908375530841,0.3947870647226482,0.4002272828485708,0.2573710002645987,0.358807241561122,0.0400141804452472,8.265251381089911e-05,-0.0001536034978926,0.7293147672120928,0.7279362482792795,151.0,142,1495,2250,1005,250,-0.09010377283043591,-0.1428562825839721,-0.3187930611158748,-0.0002362560117034991,-0.0013785189328132663,-9.0,mfk9htn6,,4804dc9681c76805d5c33f7fd9a72b18ed0e1faa
native,genes,bif,10.0,3,3,0.4782816098705127,0.4440143865428138,0.0284870870583676,0.1347148049474892,0.357545399963717,0.5428723466683203,0.0010773607064038,0.0002028493472607,0.7358711285570072,0.7358637826112118,148.0,123,1465,2250,1035,250,-0.03426722332769894,0.1062277178891216,0.1853269467046033,-0.0008745113591430999,-7.345945795433906e-06,-25.0,yt4jwksw,47yv3fn2,4804dc9681c76805d5c33f7fd9a72b18ed0e1faa
native,genes,bif,10.0,4,1,0.268570889776154,0.3975186113937628,0.170827158203752,0.3614383432640929,0.4007505294674713,0.2817096821827933,0.0004680857528001,-8.801829244475812e-05,0.7191520245658078,0.7174200731307054,151.0,117,1450,2250,1050,250,0.1289477216176088,0.19061118506034092,-0.11904084728467801,-0.0005561040452448582,-0.001731951435102408,-34.0,0fluv5a8,bnf275b7,4804dc9681c76805d5c33f7fd9a72b18ed0e1faa
native,genes,bif,10.0,4,2,0.2683268442997194,0.22369979505873,0.3515663222743724,0.1962977625111638,0.2960110281905443,0.04717899227853,0.0009317511576227,0.000172482614289,0.7160521813010055,0.7175481116784501,219.0,159,1495,2250,1005,250,-0.044627049240989425,-0.1552685597632086,-0.2488320359120143,-0.0007592685433337001,0.0014959303774446653,-60.0,c5p8fmem,5js0qppu,4804dc9681c76805d5c33f7fd9a72b18ed0e1faa
native,genes,bif,10.0,4,3,0.3729823628835235,0.019761094097691,0.2877544436485829,0.0440845145957169,0.2335706510358653,0.2300595633766322,0.0003685056290123,0.0018390143522992,0.7376112272056824,0.7369693702875324,173.0,167,1465,2250,1035,250,-0.3532212687858325,-0.243669929052866,-0.0035110876592331086,0.0014705087232869,-0.0006418569181499967,-6.0,bpwbbnw0,zniohnwo,4804dc9681c76805d5c33f7fd9a72b18ed0e1faa
native,genes,bif,10.0,5,1,0.3009972306017041,0.2858697327536612,0.1658766391611762,0.2249960738815713,0.1840009746293382,0.3585359372796983,0.0003500472521409,0.0006282949470914,0.7588040889789108,0.7586507952069727,192.0,171,1450,2250,1050,250,-0.015127497848042903,0.0591194347203951,0.1745349626503601,0.00027824769495050005,-0.00015329377193817884,-21.0,5drn26sq,luxpm0wq,4804dc9681c76805d5c33f7fd9a72b18ed0e1faa
native,genes,bif,10.0,5,2,0.3129415154123229,0.1365316071952485,0.0735625764137336,0.1001371722307917,0.0214739662003553,0.035495721841559,-0.0004024794325232,-3.302278491901234e-05,0.7620661845695532,0.7592071197085928,,164,1495,2250,1005,250,-0.1764099082170744,0.026574595817058108,0.014021755641203698,0.00036945664760418766,-0.0028590648609604363,,,hz5fgle4,4804dc9681c76805d5c33f7fd9a72b18ed0e1faa
native,genes,bif,10.0,5,3,0.2094703825903552,0.1451364435377544,0.0336503224300671,0.1399305494972861,0.2306215654060332,0.2283890514360576,-0.000218923043576,0.000197431538254,0.7600640813752297,0.7551868044695454,204.0,155,1465,2250,1035,250,-0.06433393905260079,0.10628022706721899,-0.002232513969975619,0.00041635458183,-0.004877276905684291,-49.0,tim6n48s,5m0z2nxb,4804dc9681c76805d5c33f7fd9a72b18ed0e1faa
