,donor1,donor2,donor3,donor4,donor5,donor6,donor7,donor8,donor9
donor1,1.0,0.5105740181268882,0.391304347826087,0.5904572564612326,0.44508670520231214,0.6012810248198559,0.5797788309636651,0.5191796429927839,0.3947001394700139
donor2,0.5105740181268882,1.0,0.43061516452074394,0.5037593984962406,0.4614541468761418,0.4831294030404153,0.422475106685633,0.415929203539823,0.38840680319333565
donor3,0.391304347826087,0.43061516452074394,1.0,0.39518660620858037,0.3708019191226868,0.3703323055841041,0.32231404958677684,0.31839156229400134,0.3812154696132597
donor4,0.5904572564612326,0.5037593984962406,0.39518660620858037,1.0,0.46359312111233075,0.6083634901487737,0.5302218821729151,0.5226494099733536,0.42095914742451157
donor5,0.44508670520231214,0.4614541468761418,0.3708019191226868,0.46359312111233075,1.0,0.4614541468761418,0.4295925661186562,0.39227288548555517,0.3422818791946309
donor6,0.6012810248198559,0.4831294030404153,0.3703323055841041,0.6083634901487737,0.4614541468761418,1.0,0.600640256102441,0.5491866769945778,0.4144271570014144
donor7,0.5797788309636651,0.422475106685633,0.32231404958677684,0.5302218821729151,0.4295925661186562,0.600640256102441,1.0,0.5105740181268882,0.35547272111148764
donor8,0.5191796429927839,0.415929203539823,0.31839156229400134,0.5226494099733536,0.39227288548555517,0.5491866769945778,0.5105740181268882,1.0,0.42450142450142453
donor9,0.3947001394700139,0.38840680319333565,0.3812154696132597,0.42095914742451157,0.3422818791946309,0.4144271570014144,0.35547272111148764,0.42450142450142453,1.0
