model,n_z_dims,shift_sigma,seed,decipher_seed,beta,batch_mode,branching_t,branch_prob,hole_label,hole_size,n_holes,hole_density,rho,rho_plus,rho_minus,branch_asw,trained_h5ad,r2_overall,r2_per_gene_median,error
Base Decipher,3,0.1,3,1,0.1,genes,0.3,0.5,nohole,1,0,0.0,0.9940804050651139,0.9931567327049404,0.9940160469662828,0.42143040895462036,/Users/alanxie/CodingProjects/Columbia/Azizi Lab/Spatial Nut Carcinoma/decipher-bc-methods/Data/Simulated Data/Simulated Data Generation/../Simulated Adata/shift_sigma_sweep_bifurcation/0924/trained/9.10_sigma0.1_seed3_native_bif_genes_decipherseed_1.h5ad,0.9468484064286641,0.9029204282779182,
Base Decipher,3,0.1,4,1,0.1,genes,0.3,0.5,nohole,1,0,0.0,0.9819179159953279,0.9782278532521055,0.980397007756987,0.4201168119907379,/Users/alanxie/CodingProjects/Columbia/Azizi Lab/Spatial Nut Carcinoma/decipher-bc-methods/Data/Simulated Data/Simulated Data Generation/../Simulated Adata/shift_sigma_sweep_bifurcation/0924/trained/9.10_sigma0.1_seed4_native_bif_genes_decipherseed_1.h5ad,0.8729634602859643,0.7733140209911612,
Base Decipher,3,0.5,3,1,0.1,genes,0.3,0.5,nohole,1,0,0.0,0.9818195741303817,0.9786148473825079,0.9794312954334702,0.4556620121002197,/Users/alanxie/CodingProjects/Columbia/Azizi Lab/Spatial Nut Carcinoma/decipher-bc-methods/Data/Simulated Data/Simulated Data Generation/../Simulated Adata/shift_sigma_sweep_bifurcation/0924/trained/9.10_sigma0.5_seed3_native_bif_genes_decipherseed_1.h5ad,0.8949396573014787,0.8303689938508241,
Base Decipher,3,0.5,4,1,0.1,genes,0.3,0.5,nohole,1,0,0.0,0.9253892379641042,0.9583013936283875,0.8967679482098738,0.4172501266002655,/Users/alanxie/CodingProjects/Columbia/Azizi Lab/Spatial Nut Carcinoma/decipher-bc-methods/Data/Simulated Data/Simulated Data Generation/../Simulated Adata/shift_sigma_sweep_bifurcation/0924/trained/9.10_sigma0.5_seed4_native_bif_genes_decipherseed_1.h5ad,0.778324086007492,0.6456992821321698,
Base Decipher,3,1.0,3,1,0.1,genes,0.3,0.5,nohole,1,0,0.0,0.9313255850516302,0.9700299335828727,0.9625728815309615,0.5127588510513306,/Users/alanxie/CodingProjects/Columbia/Azizi Lab/Spatial Nut Carcinoma/decipher-bc-methods/Data/Simulated Data/Simulated Data Generation/../Simulated Adata/shift_sigma_sweep_bifurcation/0924/trained/9.10_sigma1.0_seed3_native_bif_genes_decipherseed_1.h5ad,0.8035459984565179,0.716747007127131,
Base Decipher,3,1.0,4,1,0.1,genes,0.3,0.5,nohole,1,0,0.0,0.9212851805629663,0.7579925609585424,0.9235374011025023,0.1679832637310028,/Users/alanxie/CodingProjects/Columbia/Azizi Lab/Spatial Nut Carcinoma/decipher-bc-methods/Data/Simulated Data/Simulated Data Generation/../Simulated Adata/shift_sigma_sweep_bifurcation/0924/trained/9.10_sigma1.0_seed4_native_bif_genes_decipherseed_1.h5ad,0.6586317124252492,0.5085044577879506,
Base Decipher,3,2.0,3,1,0.1,genes,0.3,0.5,nohole,1,0,0.0,0.9455680924151217,0.9354449421450785,0.956416471017425,0.41922274231910706,/Users/alanxie/CodingProjects/Columbia/Azizi Lab/Spatial Nut Carcinoma/decipher-bc-methods/Data/Simulated Data/Simulated Data Generation/../Simulated Adata/shift_sigma_sweep_bifurcation/0924/trained/9.10_sigma2.0_seed3_native_bif_genes_decipherseed_1.h5ad,0.6518852619519089,0.5274323893375202,
Base Decipher,3,2.0,4,1,0.1,genes,0.3,0.5,nohole,1,0,0.0,0.5593732426313837,0.6600227650662068,0.2829940615271083,0.003822996513918042,/Users/alanxie/CodingProjects/Columbia/Azizi Lab/Spatial Nut Carcinoma/decipher-bc-methods/Data/Simulated Data/Simulated Data Generation/../Simulated Adata/shift_sigma_sweep_bifurcation/0924/trained/9.10_sigma2.0_seed4_native_bif_genes_decipherseed_1.h5ad,0.6856758275495531,0.6057094812067223,
Set3 concat->x  model5,3,0.1,3,1,0.1,genes,0.3,0.5,nohole,1,0,0.0,0.990924377710745,0.9927555746370041,0.9935748138008511,0.5174720287322998,/Users/alanxie/CodingProjects/Columbia/Azizi Lab/Spatial Nut Carcinoma/decipher-bc-methods/Data/Simulated Data/Simulated Data Generation/../Simulated Adata/shift_sigma_sweep_bifurcation/0924/trained/9.10_sigma0.1_seed3_model5_bif_genes_decipherseed_1.h5ad,0.9500438263150668,0.9071655475963114,
Set3 concat->x  model5,3,0.1,4,1,0.1,genes,0.3,0.5,nohole,1,0,0.0,0.979748701462627,0.973380491394861,0.9741888415145409,0.4808189272880554,/Users/alanxie/CodingProjects/Columbia/Azizi Lab/Spatial Nut Carcinoma/decipher-bc-methods/Data/Simulated Data/Simulated Data Generation/../Simulated Adata/shift_sigma_sweep_bifurcation/0924/trained/9.10_sigma0.1_seed4_model5_bif_genes_decipherseed_1.h5ad,0.8836876484597146,0.7834511416614393,
Set3 concat->x  model5,3,0.5,3,1,0.1,genes,0.3,0.5,nohole,1,0,0.0,0.9918291982591905,0.9929310455599236,0.9912540560472703,0.5292421579360962,/Users/alanxie/CodingProjects/Columbia/Azizi Lab/Spatial Nut Carcinoma/decipher-bc-methods/Data/Simulated Data/Simulated Data Generation/../Simulated Adata/shift_sigma_sweep_bifurcation/0924/trained/9.10_sigma0.5_seed3_model5_bif_genes_decipherseed_1.h5ad,0.9397525714711613,0.8951008260704284,
Set3 concat->x  model5,3,0.5,4,1,0.1,genes,0.3,0.5,nohole,1,0,0.0,0.9807308496555915,0.9741344862568451,0.9703908828773372,0.45266515016555786,/Users/alanxie/CodingProjects/Columbia/Azizi Lab/Spatial Nut Carcinoma/decipher-bc-methods/Data/Simulated Data/Simulated Data Generation/../Simulated Adata/shift_sigma_sweep_bifurcation/0924/trained/9.10_sigma0.5_seed4_model5_bif_genes_decipherseed_1.h5ad,0.8859758014464134,0.8123098498912893,
Set3 concat->x  model5,3,1.0,3,1,0.1,genes,0.3,0.5,nohole,1,0,0.0,0.9920110390012296,0.9922499850751909,0.9937456938780879,0.5116971135139465,/Users/alanxie/CodingProjects/Columbia/Azizi Lab/Spatial Nut Carcinoma/decipher-bc-methods/Data/Simulated Data/Simulated Data Generation/../Simulated Adata/shift_sigma_sweep_bifurcation/0924/trained/9.10_sigma1.0_seed3_model5_bif_genes_decipherseed_1.h5ad,0.9345151234996334,0.8883892041780861,
Set3 concat->x  model5,3,1.0,4,1,0.1,genes,0.3,0.5,nohole,1,0,0.0,0.9699959565601889,0.9723329988380104,0.9747431721478035,0.5303536057472229,/Users/alanxie/CodingProjects/Columbia/Azizi Lab/Spatial Nut Carcinoma/decipher-bc-methods/Data/Simulated Data/Simulated Data Generation/../Simulated Adata/shift_sigma_sweep_bifurcation/0924/trained/9.10_sigma1.0_seed4_model5_bif_genes_decipherseed_1.h5ad,0.9059093521133954,0.8623333488050313,
Set3 concat->x  model5,3,2.0,3,1,0.1,genes,0.3,0.5,nohole,1,0,0.0,0.9448007231411553,0.9800967042361091,0.9626791111087086,0.5007463097572327,/Users/alanxie/CodingProjects/Columbia/Azizi Lab/Spatial Nut Carcinoma/decipher-bc-methods/Data/Simulated Data/Simulated Data Generation/../Simulated Adata/shift_sigma_sweep_bifurcation/0924/trained/9.10_sigma2.0_seed3_model5_bif_genes_decipherseed_1.h5ad,0.9354029876640363,0.8999759267278908,
Set3 concat->x  model5,3,2.0,4,1,0.1,genes,0.3,0.5,nohole,1,0,0.0,0.9549270445515596,0.9689886322785931,0.9587887700018988,0.574729323387146,/Users/alanxie/CodingProjects/Columbia/Azizi Lab/Spatial Nut Carcinoma/decipher-bc-methods/Data/Simulated Data/Simulated Data Generation/../Simulated Adata/shift_sigma_sweep_bifurcation/0924/trained/9.10_sigma2.0_seed4_model5_bif_genes_decipherseed_1.h5ad,0.932407972725142,0.9022506815715052,
Base Decipher,3,0.1,3,1,0.1,genes,0.3,0.5,holes3,1,3,0.05,0.9885415133946364,0.9846981517129019,0.9857185554122962,0.416454017162323,/Users/alanxie/CodingProjects/Columbia/Azizi Lab/Spatial Nut Carcinoma/decipher-bc-methods/Data/Simulated Data/Simulated Data Generation/../Simulated Adata/shift_sigma_sweep_bifurcation/0924/trained/9.10_sigma0.1_seed3_native_bif_genes_holes3x1d0.05_decipherseed_1.h5ad,0.944698671774334,0.9039047338105192,
Base Decipher,3,0.1,4,1,0.1,genes,0.3,0.5,holes3,1,3,0.05,0.9727942282244229,0.9599205537610223,0.9647984492266919,0.4184047281742096,/Users/alanxie/CodingProjects/Columbia/Azizi Lab/Spatial Nut Carcinoma/decipher-bc-methods/Data/Simulated Data/Simulated Data Generation/../Simulated Adata/shift_sigma_sweep_bifurcation/0924/trained/9.10_sigma0.1_seed4_native_bif_genes_holes3x1d0.05_decipherseed_1.h5ad,0.8784694313731003,0.7973622946145695,
Base Decipher,3,0.5,3,1,0.1,genes,0.3,0.5,holes3,1,3,0.05,0.9774897128712904,0.9587656777401647,0.9761918166985158,0.4037992060184479,/Users/alanxie/CodingProjects/Columbia/Azizi Lab/Spatial Nut Carcinoma/decipher-bc-methods/Data/Simulated Data/Simulated Data Generation/../Simulated Adata/shift_sigma_sweep_bifurcation/0924/trained/9.10_sigma0.5_seed3_native_bif_genes_holes3x1d0.05_decipherseed_1.h5ad,0.896289463211339,0.8419891229464694,
Base Decipher,3,0.5,4,1,0.1,genes,0.3,0.5,holes3,1,3,0.05,0.9335884926988006,0.9157938323900915,0.9473634901320122,0.38107064366340637,/Users/alanxie/CodingProjects/Columbia/Azizi Lab/Spatial Nut Carcinoma/decipher-bc-methods/Data/Simulated Data/Simulated Data Generation/../Simulated Adata/shift_sigma_sweep_bifurcation/0924/trained/9.10_sigma0.5_seed4_native_bif_genes_holes3x1d0.05_decipherseed_1.h5ad,0.7844496789280749,0.6696922022051257,
Base Decipher,3,1.0,3,1,0.1,genes,0.3,0.5,holes3,1,3,0.05,0.9705373140942818,0.9500242557083202,0.9509525789041166,0.44151145219802856,/Users/alanxie/CodingProjects/Columbia/Azizi Lab/Spatial Nut Carcinoma/decipher-bc-methods/Data/Simulated Data/Simulated Data Generation/../Simulated Adata/shift_sigma_sweep_bifurcation/0924/trained/9.10_sigma1.0_seed3_native_bif_genes_holes3x1d0.05_decipherseed_1.h5ad,0.8021180850260445,0.7272459310307284,
Base Decipher,3,1.0,4,1,0.1,genes,0.3,0.5,holes3,1,3,0.05,0.9224799373506379,0.8386342949444444,0.867084199290829,0.17577318847179413,/Users/alanxie/CodingProjects/Columbia/Azizi Lab/Spatial Nut Carcinoma/decipher-bc-methods/Data/Simulated Data/Simulated Data Generation/../Simulated Adata/shift_sigma_sweep_bifurcation/0924/trained/9.10_sigma1.0_seed4_native_bif_genes_holes3x1d0.05_decipherseed_1.h5ad,0.6641321948387306,0.5312694054768825,
Base Decipher,3,2.0,3,1,0.1,genes,0.3,0.5,holes3,1,3,0.05,0.9141165602393349,0.9224830066970928,0.9003203749776081,0.4287680685520172,/Users/alanxie/CodingProjects/Columbia/Azizi Lab/Spatial Nut Carcinoma/decipher-bc-methods/Data/Simulated Data/Simulated Data Generation/../Simulated Adata/shift_sigma_sweep_bifurcation/0924/trained/9.10_sigma2.0_seed3_native_bif_genes_holes3x1d0.05_decipherseed_1.h5ad,0.6512816719521981,0.5273822002989912,
Base Decipher,3,2.0,4,1,0.1,genes,0.3,0.5,holes3,1,3,0.05,0.4376906790612077,0.7025487795501945,0.2769819525394703,0.019556982442736626,/Users/alanxie/CodingProjects/Columbia/Azizi Lab/Spatial Nut Carcinoma/decipher-bc-methods/Data/Simulated Data/Simulated Data Generation/../Simulated Adata/shift_sigma_sweep_bifurcation/0924/trained/9.10_sigma2.0_seed4_native_bif_genes_holes3x1d0.05_decipherseed_1.h5ad,0.6565075632205464,0.5244672703528137,
Set3 concat->x  model5,3,0.1,3,1,0.1,genes,0.3,0.5,holes3,1,3,0.05,0.976262609979178,0.9842165352709336,0.9845307838046262,0.45919546484947205,/Users/alanxie/CodingProjects/Columbia/Azizi Lab/Spatial Nut Carcinoma/decipher-bc-methods/Data/Simulated Data/Simulated Data Generation/../Simulated Adata/shift_sigma_sweep_bifurcation/0924/trained/9.10_sigma0.1_seed3_model5_bif_genes_holes3x1d0.05_decipherseed_1.h5ad,0.9494923858483042,0.9134015645586702,
Set3 concat->x  model5,3,0.1,4,1,0.1,genes,0.3,0.5,holes3,1,3,0.05,0.9753823160944456,0.963848184419294,0.9576645430821173,0.41579023003578186,/Users/alanxie/CodingProjects/Columbia/Azizi Lab/Spatial Nut Carcinoma/decipher-bc-methods/Data/Simulated Data/Simulated Data Generation/../Simulated Adata/shift_sigma_sweep_bifurcation/0924/trained/9.10_sigma0.1_seed4_model5_bif_genes_holes3x1d0.05_decipherseed_1.h5ad,0.88611733551348,0.801053236190642,
Set3 concat->x  model5,3,0.5,3,1,0.1,genes,0.3,0.5,holes3,1,3,0.05,0.9865071977617667,0.9806522360953552,0.9833409447717465,0.4926624000072479,/Users/alanxie/CodingProjects/Columbia/Azizi Lab/Spatial Nut Carcinoma/decipher-bc-methods/Data/Simulated Data/Simulated Data Generation/../Simulated Adata/shift_sigma_sweep_bifurcation/0924/trained/9.10_sigma0.5_seed3_model5_bif_genes_holes3x1d0.05_decipherseed_1.h5ad,0.9405939053068374,0.9005868150040812,
Set3 concat->x  model5,3,0.5,4,1,0.1,genes,0.3,0.5,holes3,1,3,0.05,0.9691600098639306,0.9587722216337723,0.9614741195671729,0.4411311447620392,/Users/alanxie/CodingProjects/Columbia/Azizi Lab/Spatial Nut Carcinoma/decipher-bc-methods/Data/Simulated Data/Simulated Data Generation/../Simulated Adata/shift_sigma_sweep_bifurcation/0924/trained/9.10_sigma0.5_seed4_model5_bif_genes_holes3x1d0.05_decipherseed_1.h5ad,0.886293106080333,0.8195519782337715,
Set3 concat->x  model5,3,1.0,3,1,0.1,genes,0.3,0.5,holes3,1,3,0.05,0.9857271723642206,0.9838915124948061,0.978943546587987,0.4336404502391815,/Users/alanxie/CodingProjects/Columbia/Azizi Lab/Spatial Nut Carcinoma/decipher-bc-methods/Data/Simulated Data/Simulated Data Generation/../Simulated Adata/shift_sigma_sweep_bifurcation/0924/trained/9.10_sigma1.0_seed3_model5_bif_genes_holes3x1d0.05_decipherseed_1.h5ad,0.931964261336321,0.88515604834481,
Set3 concat->x  model5,3,1.0,4,1,0.1,genes,0.3,0.5,holes3,1,3,0.05,0.9768873825502926,0.960568114327032,0.9626533559905792,0.45287227630615234,/Users/alanxie/CodingProjects/Columbia/Azizi Lab/Spatial Nut Carcinoma/decipher-bc-methods/Data/Simulated Data/Simulated Data Generation/../Simulated Adata/shift_sigma_sweep_bifurcation/0924/trained/9.10_sigma1.0_seed4_model5_bif_genes_holes3x1d0.05_decipherseed_1.h5ad,0.9019720701203481,0.8601963861101641,
Set3 concat->x  model5,3,2.0,3,1,0.1,genes,0.3,0.5,holes3,1,3,0.05,0.840243920636151,0.9750689984417771,0.9477058512251805,0.4919435977935791,/Users/alanxie/CodingProjects/Columbia/Azizi Lab/Spatial Nut Carcinoma/decipher-bc-methods/Data/Simulated Data/Simulated Data Generation/../Simulated Adata/shift_sigma_sweep_bifurcation/0924/trained/9.10_sigma2.0_seed3_model5_bif_genes_holes3x1d0.05_decipherseed_1.h5ad,0.931278086472857,0.8924473166056042,
Set3 concat->x  model5,3,2.0,4,1,0.1,genes,0.3,0.5,holes3,1,3,0.05,0.609882964443025,0.9445067867346943,0.03040786212823695,0.39222875237464905,/Users/alanxie/CodingProjects/Columbia/Azizi Lab/Spatial Nut Carcinoma/decipher-bc-methods/Data/Simulated Data/Simulated Data Generation/../Simulated Adata/shift_sigma_sweep_bifurcation/0924/trained/9.10_sigma2.0_seed4_model5_bif_genes_holes3x1d0.05_decipherseed_1.h5ad,0.9297942160879028,0.901627347113092,
