r,magnitude_ratio,model,shift_sigma,seed
0.2625056050397399,0.22177340474386767,Decipher-VZ-Add,0.1,0
0.3062041731982302,0.296105591459838,Decipher-VZ-Add,0.1,1
0.33528859534843636,0.3376403151148822,Decipher-VZ-Add,0.1,2
0.7167679821123759,0.607117632609586,Decipher-VZ-Add,0.25,0
0.7360972016745501,0.6270448168672066,Decipher-VZ-Add,0.25,1
0.7619401827838725,0.6840887711631062,Decipher-VZ-Add,0.25,2
0.8830772776506199,0.8004173176552893,Decipher-VZ-Add,0.5,0
0.7636948171260822,0.6865241711169245,Decipher-VZ-Add,0.5,1
0.8724019277887685,0.7992547905982746,Decipher-VZ-Add,0.5,2
0.8779903884841705,0.8277411981549507,Decipher-VZ-Add,1.0,0
0.8881097797667161,0.8371034784885153,Decipher-VZ-Add,1.0,1
0.8633433965932293,0.8156438631510671,Decipher-VZ-Add,1.0,2
0.3286099116177796,0.27842190951867835,Decipher-VZ2-Add,0.1,0
0.2508573558235419,0.23683165866207145,Decipher-VZ2-Add,0.1,1
0.4263490657117186,0.4163866399503066,Decipher-VZ2-Add,0.1,2
0.7244596798666316,0.5997296517565961,Decipher-VZ2-Add,0.25,0
0.7295431429669706,0.61758285086841,Decipher-VZ2-Add,0.25,1
0.762888435432452,0.642080163453009,Decipher-VZ2-Add,0.25,2
0.8819385604013112,0.805734088498353,Decipher-VZ2-Add,0.5,0
0.7383760937901086,0.6866791647801037,Decipher-VZ2-Add,0.5,1
0.8762387695401075,0.8052893204154655,Decipher-VZ2-Add,0.5,2
0.8719420744860565,0.8078208309375998,Decipher-VZ2-Add,1.0,0
0.8888860485791238,0.8423914356797831,Decipher-VZ2-Add,1.0,1
0.8768560755185949,0.8329024186644847,Decipher-VZ2-Add,1.0,2
0.22440196038098767,0.218119533743885,Decipher-MF-Add,0.1,0
0.5222942160264373,0.4331891186653107,Decipher-MF-Add,0.1,1
0.4183808843473749,0.4133405506730249,Decipher-MF-Add,0.1,2
0.7198653826590165,0.6582919566853462,Decipher-MF-Add,0.25,0
0.7547309299388678,0.7005591713995986,Decipher-MF-Add,0.25,1
0.7585048410183073,0.695062647537517,Decipher-MF-Add,0.25,2
0.8828637465381772,0.8197108206095127,Decipher-MF-Add,0.5,0
0.7668414855233827,0.7245605654230723,Decipher-MF-Add,0.5,1
0.8743793816742371,0.819149654255027,Decipher-MF-Add,0.5,2
0.8763803390185759,0.8240764865410268,Decipher-MF-Add,1.0,0
0.8832241026522601,0.8400387507174295,Decipher-MF-Add,1.0,1
0.8802017583776228,0.8324644031143583,Decipher-MF-Add,1.0,2
0.9923796675559982,0.9116120935254062,Decipher-ZX,0.1,0
0.993621605524765,0.9014053403295093,Decipher-ZX,0.1,1
0.99436327895119,0.9041281408632897,Decipher-ZX,0.1,2
0.9976066979519473,0.9153424249309409,Decipher-ZX,0.25,0
0.9973632846902051,0.927305427024101,Decipher-ZX,0.25,1
0.9974099985931499,0.9217205863221049,Decipher-ZX,0.25,2
0.99856677421422,0.9345566263387638,Decipher-ZX,0.5,0
0.998647731823873,0.9409319943985498,Decipher-ZX,0.5,1
0.9986488511758809,0.9410613027363394,Decipher-ZX,0.5,2
0.9988584527814022,0.9452726268291883,Decipher-ZX,1.0,0
0.9993102896402302,0.9553379707076297,Decipher-ZX,1.0,1
0.9992466064673104,0.9586572791040358,Decipher-ZX,1.0,2
0.9934941865182386,0.9045734832740483,Decipher-ZX2,0.1,0
0.99419539946186,0.9012609435149006,Decipher-ZX2,0.1,1
0.9946445876079014,0.9017300283586572,Decipher-ZX2,0.1,2
0.9970281094378514,0.9230616228582864,Decipher-ZX2,0.25,0
0.996711384429639,0.9323124032596222,Decipher-ZX2,0.25,1
0.996626976423041,0.9330115445633034,Decipher-ZX2,0.25,2
0.998625504320225,0.9427276369011937,Decipher-ZX2,0.5,0
0.9986383757077857,0.9486481747106504,Decipher-ZX2,0.5,1
0.9987105836958919,0.947873540679323,Decipher-ZX2,0.5,2
0.9987722181502273,0.9553574420097433,Decipher-ZX2,1.0,0
0.9994697823521248,0.9630112780057621,Decipher-ZX2,1.0,1
0.9992456389592183,0.9531182092592416,Decipher-ZX2,1.0,2
0.9904378177364637,0.9092534624180054,Decipher-MF2,0.1,0
0.9921989308675607,0.9144278310282626,Decipher-MF2,0.1,1
0.9931012700050024,0.9050758074238262,Decipher-MF2,0.1,2
0.9961370076601103,0.935262342132201,Decipher-MF2,0.25,0
0.9962948974548239,0.9385961746626399,Decipher-MF2,0.25,1
0.996099403747956,0.9380881721793906,Decipher-MF2,0.25,2
0.9984825367456348,0.9532140121775513,Decipher-MF2,0.5,0
0.9982487368771567,0.953586989656631,Decipher-MF2,0.5,1
0.9985456181855324,0.9524795323009093,Decipher-MF2,0.5,2
0.9993293192650872,0.9639189824228815,Decipher-MF2,1.0,0
0.9993882411344908,0.9664089827399414,Decipher-MF2,1.0,1
0.9991150490577027,0.9680608363699799,Decipher-MF2,1.0,2
0.21906242551591415,0.1724862472214633,Base Decipher,0.1,0
0.20932106044947585,0.16331159782352803,Base Decipher,0.1,1
0.314269722139755,0.31573825879248585,Base Decipher,0.1,2
0.7313788741356775,0.5609166100705447,Base Decipher,0.25,0
0.7399464023674973,0.6125508235242726,Base Decipher,0.25,1
0.6347685790770801,0.49999966544966645,Base Decipher,0.25,2
0.8779968380820156,0.7922443021009008,Base Decipher,0.5,0
0.7659360762575259,0.687630796978398,Base Decipher,0.5,1
0.8493932612279094,0.7891300675678501,Base Decipher,0.5,2
0.8666722088370588,0.8053768426240545,Base Decipher,1.0,0
0.8856142952183071,0.8546044917915352,Base Decipher,1.0,1
0.8678608580844238,0.8132310202448891,Base Decipher,1.0,2
