model,batch_mode,bifurcation,shift_sigma,seed,decipher_seed,arm,wandb_run_id,wandb_url,rho,rho_plus,rho_minus,branch_asw,r2_overall,r2_per_gene_median,trained_h5ad,n_train,n_val,n_epochs,git_sha,git_dirty,seconds_simulate,seconds_train,seconds_r2_and_figure,seconds_clustering_trajectories_rotate_time,seconds_vspace_figure,seconds_h5ad_write,package,error,seconds
native,genes,bif,0.1,5,1,Base Decipher (genes),o9h9x2d4,https://wandb.ai/jpark-columbia/decipher-bc-sigma-sweep/runs/o9h9x2d4,0.9733158978302652,0.9567528753891856,0.9707774974775046,0.44457992911338806,0.8611765532283182,0.7585665847263534,/home/jihyunpark/decipher-bc/Simulated Data/Simulated Data Sweep Pipeline/../Sweeps and Results/shift_sigma_sweep_bifurcation/1008/trained/sweep1008_splitfix_sigma0.1_seed5_native_bif_genes_decipherseed_1.h5ad,2250,250,134,4804dc9681c76805d5c33f7fd9a72b18ed0e1faa,True,0.1,61.4,1.5,17.9,0.8,0.1,decipher_models2,,82.6
native,genes,bif,0.1,3,1,Base Decipher (genes),8wdgob28,https://wandb.ai/jpark-columbia/decipher-bc-sigma-sweep/runs/8wdgob28,0.9951547354225008,0.9931655182673194,0.9941873133050663,0.44423362612724304,0.9461014612253927,0.9044291792733536,/home/jihyunpark/decipher-bc/Simulated Data/Simulated Data Sweep Pipeline/../Sweeps and Results/shift_sigma_sweep_bifurcation/1008/trained/sweep1008_splitfix_sigma0.1_seed3_native_bif_genes_decipherseed_1.h5ad,2250,250,145,4804dc9681c76805d5c33f7fd9a72b18ed0e1faa,True,0.0,67.6,1.5,17.2,0.7,0.2,decipher_models2,,87.8
native,genes,bif,0.1,3,3,Base Decipher (genes),0qo3jpfo,https://wandb.ai/jpark-columbia/decipher-bc-sigma-sweep/runs/0qo3jpfo,0.9952675335068091,0.992533133219738,0.993425728202313,0.42979612946510315,0.9445468128655857,0.9011726759597216,/home/jihyunpark/decipher-bc/Simulated Data/Simulated Data Sweep Pipeline/../Sweeps and Results/shift_sigma_sweep_bifurcation/1008/trained/sweep1008_splitfix_sigma0.1_seed3_native_bif_genes_decipherseed_3.h5ad,2250,250,143,4804dc9681c76805d5c33f7fd9a72b18ed0e1faa,True,0.0,68.2,1.6,17.3,0.6,0.1,decipher_models2,,88.5
native,genes,bif,0.1,4,1,Base Decipher (genes),tmfc6jul,https://wandb.ai/jpark-columbia/decipher-bc-sigma-sweep/runs/tmfc6jul,0.9833856666223127,0.976734847414957,0.9790500785790309,0.44556277990341187,0.8722244442516469,0.773131162925003,/home/jihyunpark/decipher-bc/Simulated Data/Simulated Data Sweep Pipeline/../Sweeps and Results/shift_sigma_sweep_bifurcation/1008/trained/sweep1008_splitfix_sigma0.1_seed4_native_bif_genes_decipherseed_1.h5ad,2250,250,162,4804dc9681c76805d5c33f7fd9a72b18ed0e1faa,True,0.1,72.7,1.4,16.5,0.8,0.1,decipher_models2,,92.3
native,genes,bif,0.1,4,3,Base Decipher (genes),g5ibv572,https://wandb.ai/jpark-columbia/decipher-bc-sigma-sweep/runs/g5ibv572,0.969739295517535,0.97608844366256,0.9751901216478458,0.4728693664073944,0.8737773076411999,0.7795025719236925,/home/jihyunpark/decipher-bc/Simulated Data/Simulated Data Sweep Pipeline/../Sweeps and Results/shift_sigma_sweep_bifurcation/1008/trained/sweep1008_splitfix_sigma0.1_seed4_native_bif_genes_decipherseed_3.h5ad,2250,250,182,4804dc9681c76805d5c33f7fd9a72b18ed0e1faa,True,0.1,81.2,1.5,14.6,0.8,0.1,decipher_models2,,99.0
native,genes,bif,0.1,4,2,Base Decipher (genes),d6lsr591,https://wandb.ai/jpark-columbia/decipher-bc-sigma-sweep/runs/d6lsr591,0.971623799376896,0.9720576170333916,0.9782597435340842,0.5193294882774353,0.8726725763519425,0.7727285883371624,/home/jihyunpark/decipher-bc/Simulated Data/Simulated Data Sweep Pipeline/../Sweeps and Results/shift_sigma_sweep_bifurcation/1008/trained/sweep1008_splitfix_sigma0.1_seed4_native_bif_genes_decipherseed_2.h5ad,2250,250,181,4804dc9681c76805d5c33f7fd9a72b18ed0e1faa,True,0.1,82.3,1.3,17.7,0.9,0.2,decipher_models2,,103.0
native,genes,bif,0.1,5,2,Base Decipher (genes),okt0966o,https://wandb.ai/jpark-columbia/decipher-bc-sigma-sweep/runs/okt0966o,0.9699468158038905,0.9610466799179084,0.9699822137108344,0.47058969736099243,0.8603832849807653,0.7522299451445109,/home/jihyunpark/decipher-bc/Simulated Data/Simulated Data Sweep Pipeline/../Sweeps and Results/shift_sigma_sweep_bifurcation/1008/trained/sweep1008_splitfix_sigma0.1_seed5_native_bif_genes_decipherseed_2.h5ad,2250,250,188,4804dc9681c76805d5c33f7fd9a72b18ed0e1faa,True,0.1,86.0,1.5,15.1,0.8,0.2,decipher_models2,,104.1
native,genes,bif,0.1,3,2,Base Decipher (genes),g5uqrgn4,https://wandb.ai/jpark-columbia/decipher-bc-sigma-sweep/runs/g5uqrgn4,0.9853315798698019,0.9927516897533464,0.9922349668817769,0.5116233825683594,0.9460155953748925,0.8989867962812531,/home/jihyunpark/decipher-bc/Simulated Data/Simulated Data Sweep Pipeline/../Sweeps and Results/shift_sigma_sweep_bifurcation/1008/trained/sweep1008_splitfix_sigma0.1_seed3_native_bif_genes_decipherseed_2.h5ad,2250,250,197,4804dc9681c76805d5c33f7fd9a72b18ed0e1faa,True,0.0,92.3,1.0,12.8,0.6,0.1,decipher_models2,,108.0
native,genes,bif,0.1,5,3,Base Decipher (genes),n83cdw3y,https://wandb.ai/jpark-columbia/decipher-bc-sigma-sweep/runs/n83cdw3y,0.937953142944476,0.9642541156741767,0.9605037106355162,0.5499238967895508,0.8611534866485375,0.7511763161802857,/home/jihyunpark/decipher-bc/Simulated Data/Simulated Data Sweep Pipeline/../Sweeps and Results/shift_sigma_sweep_bifurcation/1008/trained/sweep1008_splitfix_sigma0.1_seed5_native_bif_genes_decipherseed_3.h5ad,2250,250,119,4804dc9681c76805d5c33f7fd9a72b18ed0e1faa,True,0.0,50.3,1.5,0.5,0.9,0.2,decipher_models2,,54.0
native,genes,bif,0.5,3,1,Base Decipher (genes),f0pastmo,https://wandb.ai/jpark-columbia/decipher-bc-sigma-sweep/runs/f0pastmo,0.9631679347244851,0.9538362634084891,0.9853491907783412,0.4794080853462219,0.8944076665363083,0.8278298573129486,/home/jihyunpark/decipher-bc/Simulated Data/Simulated Data Sweep Pipeline/../Sweeps and Results/shift_sigma_sweep_bifurcation/1008/trained/sweep1008_splitfix_sigma0.5_seed3_native_bif_genes_decipherseed_1.h5ad,2250,250,160,4804dc9681c76805d5c33f7fd9a72b18ed0e1faa,True,0.0,58.2,1.1,0.3,0.6,0.1,decipher_models2,,60.9
native,genes,bif,0.5,4,1,Base Decipher (genes),65ajwbez,https://wandb.ai/jpark-columbia/decipher-bc-sigma-sweep/runs/65ajwbez,0.9131056364585863,0.8189815966765105,0.9537097854847018,0.3425123989582062,0.7757527190419545,0.6257525343885937,/home/jihyunpark/decipher-bc/Simulated Data/Simulated Data Sweep Pipeline/../Sweeps and Results/shift_sigma_sweep_bifurcation/1008/trained/sweep1008_splitfix_sigma0.5_seed4_native_bif_genes_decipherseed_1.h5ad,2250,250,135,4804dc9681c76805d5c33f7fd9a72b18ed0e1faa,True,0.1,47.6,0.9,0.4,0.6,0.1,decipher_models2,,50.2
native,genes,bif,0.5,3,3,Base Decipher (genes),p0hulc1q,https://wandb.ai/jpark-columbia/decipher-bc-sigma-sweep/runs/p0hulc1q,0.9936474474518326,0.9929649369753724,0.9931848401673221,0.5075535178184509,0.8798618890461969,0.8062898042896396,/home/jihyunpark/decipher-bc/Simulated Data/Simulated Data Sweep Pipeline/../Sweeps and Results/shift_sigma_sweep_bifurcation/1008/trained/sweep1008_splitfix_sigma0.5_seed3_native_bif_genes_decipherseed_3.h5ad,2250,250,145,4804dc9681c76805d5c33f7fd9a72b18ed0e1faa,True,0.1,56.1,0.8,0.4,0.4,0.1,decipher_models2,,204.2
native,genes,bif,0.5,4,3,Base Decipher (genes),bg5mswrg,https://wandb.ai/jpark-columbia/decipher-bc-sigma-sweep/runs/bg5mswrg,0.9711945322666368,0.9330377772820067,0.9606588924033547,0.35655394196510315,0.7797358313886945,0.6478912844890641,/home/jihyunpark/decipher-bc/Simulated Data/Simulated Data Sweep Pipeline/../Sweeps and Results/shift_sigma_sweep_bifurcation/1008/trained/sweep1008_splitfix_sigma0.5_seed4_native_bif_genes_decipherseed_3.h5ad,2250,250,142,4804dc9681c76805d5c33f7fd9a72b18ed0e1faa,True,0.0,38.1,0.8,0.4,0.5,0.1,decipher_models2,,40.5
native,genes,bif,0.5,5,3,Base Decipher (genes),lt1kssez,https://wandb.ai/jpark-columbia/decipher-bc-sigma-sweep/runs/lt1kssez,0.9250566362551257,0.79578383511622,0.9496427070259044,0.40805742144584656,0.7586387370744803,0.6301019885056072,/home/jihyunpark/decipher-bc/Simulated Data/Simulated Data Sweep Pipeline/../Sweeps and Results/shift_sigma_sweep_bifurcation/1008/trained/sweep1008_splitfix_sigma0.5_seed5_native_bif_genes_decipherseed_3.h5ad,2250,250,148,4804dc9681c76805d5c33f7fd9a72b18ed0e1faa,True,0.0,40.0,0.8,0.4,0.5,0.1,decipher_models2,,42.3
native,genes,bif,0.5,5,2,Base Decipher (genes),,,0.9647347184952488,0.9533533380761289,0.9575144857741975,0.45644983649253845,0.7566346583671096,0.6241776566631931,/home/jihyunpark/decipher-bc/Simulated Data/Simulated Data Sweep Pipeline/../Sweeps and Results/shift_sigma_sweep_bifurcation/1008/trained/sweep1008_splitfix_sigma0.5_seed5_native_bif_genes_decipherseed_2.h5ad,2250,250,143,4804dc9681c76805d5c33f7fd9a72b18ed0e1faa,True,0.0,38.2,0.5,0.3,0.3,0.1,decipher_models2,,39.4
native,genes,bif,0.5,5,1,Base Decipher (genes),v5ls6wn4,https://wandb.ai/jpark-columbia/decipher-bc-sigma-sweep/runs/v5ls6wn4,0.9278519682077273,0.9504393449086408,0.8507751137635925,0.43655669689178467,0.7575906734090332,0.5998604063603243,/home/jihyunpark/decipher-bc/Simulated Data/Simulated Data Sweep Pipeline/../Sweeps and Results/shift_sigma_sweep_bifurcation/1008/trained/sweep1008_splitfix_sigma0.5_seed5_native_bif_genes_decipherseed_1.h5ad,2250,250,123,4804dc9681c76805d5c33f7fd9a72b18ed0e1faa,True,0.1,49.2,0.9,0.3,0.5,0.1,decipher_models2,,424.8
native,genes,bif,1.0,3,2,Base Decipher (genes),,,0.9830418924987817,0.969401630190485,0.9755293218311268,0.402776300907135,0.8017562833691858,0.7064859110928082,/home/jihyunpark/decipher-bc/Simulated Data/Simulated Data Sweep Pipeline/../Sweeps and Results/shift_sigma_sweep_bifurcation/1008/trained/sweep1008_splitfix_sigma1.0_seed3_native_bif_genes_decipherseed_2.h5ad,2250,250,181,4804dc9681c76805d5c33f7fd9a72b18ed0e1faa,True,0.0,47.7,0.5,0.3,0.3,0.1,decipher_models2,,48.9
native,genes,bif,1.0,3,3,Base Decipher (genes),,,0.9476075633735767,0.9814274518814011,0.9727051178783732,0.44285765290260315,0.8000582009280318,0.6951292132381489,/home/jihyunpark/decipher-bc/Simulated Data/Simulated Data Sweep Pipeline/../Sweeps and Results/shift_sigma_sweep_bifurcation/1008/trained/sweep1008_splitfix_sigma1.0_seed3_native_bif_genes_decipherseed_3.h5ad,2250,250,141,4804dc9681c76805d5c33f7fd9a72b18ed0e1faa,True,0.0,37.2,0.5,0.3,0.3,0.1,decipher_models2,,38.5
native,genes,bif,1.0,4,1,Base Decipher (genes),,,0.6041321159262064,0.04982094028013419,0.9202877267584202,0.29784420132637024,0.6472285180352533,0.4839361195992923,/home/jihyunpark/decipher-bc/Simulated Data/Simulated Data Sweep Pipeline/../Sweeps and Results/shift_sigma_sweep_bifurcation/1008/trained/sweep1008_splitfix_sigma1.0_seed4_native_bif_genes_decipherseed_1.h5ad,2250,250,149,4804dc9681c76805d5c33f7fd9a72b18ed0e1faa,True,0.0,39.6,0.5,0.4,0.3,0.1,decipher_models2,,40.8
native,genes,bif,1.0,3,1,Base Decipher (genes),v7newl40,https://wandb.ai/jpark-columbia/decipher-bc-sigma-sweep/runs/v7newl40,0.9455436890698538,0.9730119704830911,0.9590624854139311,0.4336937367916107,0.8008018065875353,0.7078949562347282,/home/jihyunpark/decipher-bc/Simulated Data/Simulated Data Sweep Pipeline/../Sweeps and Results/shift_sigma_sweep_bifurcation/1008/trained/sweep1008_splitfix_sigma1.0_seed3_native_bif_genes_decipherseed_1.h5ad,2250,250,216,4804dc9681c76805d5c33f7fd9a72b18ed0e1faa,True,0.0,57.2,0.8,0.3,0.5,0.1,decipher_models2,,420.0
native,genes,bif,1.0,4,2,Base Decipher (genes),php4v0po,https://wandb.ai/jpark-columbia/decipher-bc-sigma-sweep/runs/php4v0po,0.8938500521082811,0.7082092032502444,0.8739165397985715,0.26172733306884766,0.6505099302296589,0.5133167703491475,/home/jihyunpark/decipher-bc/Simulated Data/Simulated Data Sweep Pipeline/../Sweeps and Results/shift_sigma_sweep_bifurcation/1008/trained/sweep1008_splitfix_sigma1.0_seed4_native_bif_genes_decipherseed_2.h5ad,2250,250,121,4804dc9681c76805d5c33f7fd9a72b18ed0e1faa,True,0.0,32.8,1.0,0.3,0.5,0.1,decipher_models2,,35.4
native,genes,bif,2.0,3,1,Base Decipher (genes),28efq42m,https://wandb.ai/jpark-columbia/decipher-bc-sigma-sweep/runs/28efq42m,0.9302961214063453,0.9342839277081567,0.9455438459248361,0.4432350993156433,0.6530348871337883,0.5368016439939709,/home/jihyunpark/decipher-bc/Simulated Data/Simulated Data Sweep Pipeline/../Sweeps and Results/shift_sigma_sweep_bifurcation/1008/trained/sweep1008_splitfix_sigma2.0_seed3_native_bif_genes_decipherseed_1.h5ad,2250,250,150,4804dc9681c76805d5c33f7fd9a72b18ed0e1faa,True,0.0,40.3,0.8,0.3,0.5,0.1,decipher_models2,,42.6
native,genes,bif,0.5,3,2,Base Decipher (genes),6x0maur0,https://wandb.ai/jpark-columbia/decipher-bc-sigma-sweep/runs/6x0maur0,0.9645447888991258,0.9879574286781543,0.982746203793158,0.4942891001701355,0.8901634437584154,0.8293333993459379,/home/jihyunpark/decipher-bc/Simulated Data/Simulated Data Sweep Pipeline/../Sweeps and Results/shift_sigma_sweep_bifurcation/1008/trained/sweep1008_splitfix_sigma0.5_seed3_native_bif_genes_decipherseed_2.h5ad,2250,250,177,4804dc9681c76805d5c33f7fd9a72b18ed0e1faa,True,0.1,70.8,0.9,0.4,0.5,0.1,decipher_models2,,751.2
native,genes,bif,1.0,5,2,Base Decipher (genes),bnria3kz,https://wandb.ai/jpark-columbia/decipher-bc-sigma-sweep/runs/bnria3kz,0.8457823286581528,0.8230111143363816,0.8536625254283765,0.3560493290424347,0.6382676435241648,0.5000753137553833,/home/jihyunpark/decipher-bc/Simulated Data/Simulated Data Sweep Pipeline/../Sweeps and Results/shift_sigma_sweep_bifurcation/1008/trained/sweep1008_splitfix_sigma1.0_seed5_native_bif_genes_decipherseed_2.h5ad,2250,250,170,4804dc9681c76805d5c33f7fd9a72b18ed0e1faa,True,0.0,48.3,1.0,0.4,0.5,0.1,decipher_models2,,51.1
native,genes,bif,1.0,4,3,Base Decipher (genes),izl2q7qj,https://wandb.ai/jpark-columbia/decipher-bc-sigma-sweep/runs/izl2q7qj,0.8129931308813407,0.8205110929618419,0.6329605884832817,0.23167569935321808,0.6508652566033972,0.5001150916067196,/home/jihyunpark/decipher-bc/Simulated Data/Simulated Data Sweep Pipeline/../Sweeps and Results/shift_sigma_sweep_bifurcation/1008/trained/sweep1008_splitfix_sigma1.0_seed4_native_bif_genes_decipherseed_3.h5ad,2250,250,130,4804dc9681c76805d5c33f7fd9a72b18ed0e1faa,True,0.0,45.4,0.8,0.4,0.8,0.2,decipher_models2,,48.3
native,genes,bif,1.0,5,3,Base Decipher (genes),rcnmvtq4,https://wandb.ai/jpark-columbia/decipher-bc-sigma-sweep/runs/rcnmvtq4,0.6952197251999603,0.5420566316706027,0.7960249979792878,0.2302343100309372,0.64543953697903,0.48961674778576414,/home/jihyunpark/decipher-bc/Simulated Data/Simulated Data Sweep Pipeline/../Sweeps and Results/shift_sigma_sweep_bifurcation/1008/trained/sweep1008_splitfix_sigma1.0_seed5_native_bif_genes_decipherseed_3.h5ad,2250,250,174,4804dc9681c76805d5c33f7fd9a72b18ed0e1faa,True,0.0,46.7,0.8,0.5,0.5,0.1,decipher_models2,,138.8
native,genes,bif,2.0,3,3,Base Decipher (genes),g0aiz4hx,https://wandb.ai/jpark-columbia/decipher-bc-sigma-sweep/runs/g0aiz4hx,0.8594745489631934,0.7903989154565637,0.8081529814799869,0.23097750544548035,0.6562194292541685,0.5070211940074371,/home/jihyunpark/decipher-bc/Simulated Data/Simulated Data Sweep Pipeline/../Sweeps and Results/shift_sigma_sweep_bifurcation/1008/trained/sweep1008_splitfix_sigma2.0_seed3_native_bif_genes_decipherseed_3.h5ad,2250,250,151,4804dc9681c76805d5c33f7fd9a72b18ed0e1faa,True,0.0,50.3,0.8,0.3,0.5,0.1,decipher_models2,,52.6
native,genes,bif,0.5,4,2,Base Decipher (genes),3blmjemi,https://wandb.ai/jpark-columbia/decipher-bc-sigma-sweep/runs/3blmjemi,0.9557223262561994,0.9456772475211561,0.9552764986696768,0.4567061960697174,0.7769827559799789,0.6506675243437087,/home/jihyunpark/decipher-bc/Simulated Data/Simulated Data Sweep Pipeline/../Sweeps and Results/shift_sigma_sweep_bifurcation/1008/trained/sweep1008_splitfix_sigma0.5_seed4_native_bif_genes_decipherseed_2.h5ad,2250,250,107,4804dc9681c76805d5c33f7fd9a72b18ed0e1faa,True,0.1,41.9,1.0,0.5,0.6,0.1,decipher_models2,,774.3
native,genes,bif,2.0,5,3,Base Decipher (genes),6rwjgm1q,https://wandb.ai/jpark-columbia/decipher-bc-sigma-sweep/runs/6rwjgm1q,0.5893424811068506,0.5157522544456365,0.37015559283829336,0.0008597094565629959,0.7048748346479763,0.6371460247414447,/home/jihyunpark/decipher-bc/Simulated Data/Simulated Data Sweep Pipeline/../Sweeps and Results/shift_sigma_sweep_bifurcation/1008/trained/sweep1008_splitfix_sigma2.0_seed5_native_bif_genes_decipherseed_3.h5ad,2250,250,158,4804dc9681c76805d5c33f7fd9a72b18ed0e1faa,True,0.1,43.1,0.8,0.3,0.4,0.1,decipher_models2,,45.3
native,genes,bif,2.0,4,3,Base Decipher (genes),ml9koqe8,https://wandb.ai/jpark-columbia/decipher-bc-sigma-sweep/runs/ml9koqe8,0.5178404392083363,0.6585016600690153,0.20019912556205943,0.007573507260531187,0.6846467418812142,0.5437941632644367,/home/jihyunpark/decipher-bc/Simulated Data/Simulated Data Sweep Pipeline/../Sweeps and Results/shift_sigma_sweep_bifurcation/1008/trained/sweep1008_splitfix_sigma2.0_seed4_native_bif_genes_decipherseed_3.h5ad,2250,250,183,4804dc9681c76805d5c33f7fd9a72b18ed0e1faa,True,0.0,50.9,0.8,0.3,0.4,0.1,decipher_models2,,53.1
native,genes,bif,2.0,4,2,Base Decipher (genes),xyv435sy,https://wandb.ai/jpark-columbia/decipher-bc-sigma-sweep/runs/xyv435sy,0.6127973521415374,0.5407633711894457,0.582844035952195,0.012129802256822586,0.6776688421587371,0.5664462521565179,/home/jihyunpark/decipher-bc/Simulated Data/Simulated Data Sweep Pipeline/../Sweeps and Results/shift_sigma_sweep_bifurcation/1008/trained/sweep1008_splitfix_sigma2.0_seed4_native_bif_genes_decipherseed_2.h5ad,2250,250,154,4804dc9681c76805d5c33f7fd9a72b18ed0e1faa,True,0.0,40.8,0.8,0.4,0.4,0.1,decipher_models2,,137.1
native,genes,bif,2.0,5,1,Base Decipher (genes),vhmeyg68,https://wandb.ai/jpark-columbia/decipher-bc-sigma-sweep/runs/vhmeyg68,0.5378748821279807,0.2500061145196804,0.198784454512125,0.0005407905555330217,0.7042348073465814,0.6075777310900816,/home/jihyunpark/decipher-bc/Simulated Data/Simulated Data Sweep Pipeline/../Sweeps and Results/shift_sigma_sweep_bifurcation/1008/trained/sweep1008_splitfix_sigma2.0_seed5_native_bif_genes_decipherseed_1.h5ad,2250,250,172,4804dc9681c76805d5c33f7fd9a72b18ed0e1faa,True,0.0,46.2,1.1,0.5,0.5,0.1,decipher_models2,,49.1
native,genes,bif,5.0,3,1,Base Decipher (genes),4qn3v6c6,https://wandb.ai/jpark-columbia/decipher-bc-sigma-sweep/runs/4qn3v6c6,0.5835891879093535,0.3596735343317156,0.39341003303623745,0.001404970302246511,0.7113401170133791,0.6453798882608984,/home/jihyunpark/decipher-bc/Simulated Data/Simulated Data Sweep Pipeline/../Sweeps and Results/shift_sigma_sweep_bifurcation/1008/trained/sweep1008_splitfix_sigma5.0_seed3_native_bif_genes_decipherseed_1.h5ad,2250,250,151,4804dc9681c76805d5c33f7fd9a72b18ed0e1faa,True,0.0,41.2,0.8,0.4,0.4,0.1,decipher_models2,,43.6
native,genes,bif,2.0,4,1,Base Decipher (genes),qzjcurto,https://wandb.ai/jpark-columbia/decipher-bc-sigma-sweep/runs/qzjcurto,0.44985062420484107,0.33668983016274995,0.45887957705424043,0.004879478830844164,0.6753996281771444,0.5803447230649994,/home/jihyunpark/decipher-bc/Simulated Data/Simulated Data Sweep Pipeline/../Sweeps and Results/shift_sigma_sweep_bifurcation/1008/trained/sweep1008_splitfix_sigma2.0_seed4_native_bif_genes_decipherseed_1.h5ad,2250,250,145,4804dc9681c76805d5c33f7fd9a72b18ed0e1faa,True,0.1,49.0,0.9,0.4,0.4,0.1,decipher_models2,,294.0
native,genes,bif,5.0,3,3,Base Decipher (genes),,,0.5479768738377286,0.09682039518393927,0.5420156391009989,0.002748821396380663,0.7119917020827418,0.6415162095911098,/home/jihyunpark/decipher-bc/Simulated Data/Simulated Data Sweep Pipeline/../Sweeps and Results/shift_sigma_sweep_bifurcation/1008/trained/sweep1008_splitfix_sigma5.0_seed3_native_bif_genes_decipherseed_3.h5ad,2250,250,115,4804dc9681c76805d5c33f7fd9a72b18ed0e1faa,True,0.0,30.1,0.5,0.3,0.6,0.1,decipher_models2,,31.7
native,genes,bif,5.0,4,2,Base Decipher (genes),,,0.4301065691391899,0.29808848730526816,0.4703083096960677,0.0021262113004922867,0.7282269300934222,0.7973080788358915,/home/jihyunpark/decipher-bc/Simulated Data/Simulated Data Sweep Pipeline/../Sweeps and Results/shift_sigma_sweep_bifurcation/1008/trained/sweep1008_splitfix_sigma5.0_seed4_native_bif_genes_decipherseed_2.h5ad,2250,250,155,4804dc9681c76805d5c33f7fd9a72b18ed0e1faa,True,0.0,41.0,0.5,0.3,0.2,0.1,decipher_models2,,42.2
native,genes,bif,5.0,4,3,Base Decipher (genes),,,0.30141617502524254,0.17692524593765788,0.29919538341598834,0.0011009968584403396,0.7160127792198104,0.7899666059045494,/home/jihyunpark/decipher-bc/Simulated Data/Simulated Data Sweep Pipeline/../Sweeps and Results/shift_sigma_sweep_bifurcation/1008/trained/sweep1008_splitfix_sigma5.0_seed4_native_bif_genes_decipherseed_3.h5ad,2250,250,121,4804dc9681c76805d5c33f7fd9a72b18ed0e1faa,True,0.0,33.5,0.5,0.4,0.3,0.1,decipher_models2,,34.8
native,genes,bif,5.0,5,1,Base Decipher (genes),8k8r0g8k,https://wandb.ai/jpark-columbia/decipher-bc-sigma-sweep/runs/8k8r0g8k,0.4064627002079702,0.1949261516647443,0.2506008022867495,-0.00019054670701734722,0.7522320258635761,0.8212137802235648,/home/jihyunpark/decipher-bc/Simulated Data/Simulated Data Sweep Pipeline/../Sweeps and Results/shift_sigma_sweep_bifurcation/1008/trained/sweep1008_splitfix_sigma5.0_seed5_native_bif_genes_decipherseed_1.h5ad,2250,250,137,4804dc9681c76805d5c33f7fd9a72b18ed0e1faa,True,0.0,37.4,0.8,0.4,0.4,0.1,decipher_models2,,39.8
native,genes,bif,5.0,5,3,Base Decipher (genes),zv4d5cji,https://wandb.ai/jpark-columbia/decipher-bc-sigma-sweep/runs/zv4d5cji,0.3412328168884337,0.17052972720885481,0.13046671156736372,-8.247813093475997e-05,0.7491623118722063,0.8145059219433498,/home/jihyunpark/decipher-bc/Simulated Data/Simulated Data Sweep Pipeline/../Sweeps and Results/shift_sigma_sweep_bifurcation/1008/trained/sweep1008_splitfix_sigma5.0_seed5_native_bif_genes_decipherseed_3.h5ad,2250,250,142,4804dc9681c76805d5c33f7fd9a72b18ed0e1faa,True,0.0,39.1,0.8,0.4,0.4,0.1,decipher_models2,,41.5
native,genes,bif,1.0,5,1,Base Decipher (genes),fw5xl74n,https://wandb.ai/jpark-columbia/decipher-bc-sigma-sweep/runs/fw5xl74n,0.8266925802843709,0.8145923927853556,0.8085064715136986,0.2820601463317871,0.6472661659794525,0.49271442486345535,/home/jihyunpark/decipher-bc/Simulated Data/Simulated Data Sweep Pipeline/../Sweeps and Results/shift_sigma_sweep_bifurcation/1008/trained/sweep1008_splitfix_sigma1.0_seed5_native_bif_genes_decipherseed_1.h5ad,2250,250,160,4804dc9681c76805d5c33f7fd9a72b18ed0e1faa,True,0.0,48.8,0.8,0.3,0.5,0.1,decipher_models2,,744.6
native,genes,bif,5.0,4,1,Base Decipher (genes),dzh1muer,https://wandb.ai/jpark-columbia/decipher-bc-sigma-sweep/runs/dzh1muer,0.22630329620991968,0.1421318385049576,0.10690571465133322,0.00043422289309091866,0.7161728219033675,0.7900782889630209,/home/jihyunpark/decipher-bc/Simulated Data/Simulated Data Sweep Pipeline/../Sweeps and Results/shift_sigma_sweep_bifurcation/1008/trained/sweep1008_splitfix_sigma5.0_seed4_native_bif_genes_decipherseed_1.h5ad,2250,250,127,4804dc9681c76805d5c33f7fd9a72b18ed0e1faa,True,0.0,33.5,0.8,0.4,0.4,0.1,decipher_models2,,294.6
native,genes,bif,5.0,5,2,Base Decipher (genes),p7kaiym1,https://wandb.ai/jpark-columbia/decipher-bc-sigma-sweep/runs/p7kaiym1,0.3036003792985654,0.09112047879366796,0.1621657201000807,0.0004285501781851053,0.7517632941722635,0.8214793548268509,/home/jihyunpark/decipher-bc/Simulated Data/Simulated Data Sweep Pipeline/../Sweeps and Results/shift_sigma_sweep_bifurcation/1008/trained/sweep1008_splitfix_sigma5.0_seed5_native_bif_genes_decipherseed_2.h5ad,2250,250,164,4804dc9681c76805d5c33f7fd9a72b18ed0e1faa,True,0.0,43.9,0.8,0.4,0.5,0.1,decipher_models2,,139.5
native,genes,bif,7.5,3,1,Base Decipher (genes),b40ey4s7,https://wandb.ai/jpark-columbia/decipher-bc-sigma-sweep/runs/b40ey4s7,0.4089831103377824,0.3088984624328297,0.004684007832106527,0.0007974427426233888,0.7257813270889975,0.7475998197336549,/home/jihyunpark/decipher-bc/Simulated Data/Simulated Data Sweep Pipeline/../Sweeps and Results/shift_sigma_sweep_bifurcation/1008/trained/sweep1008_splitfix_sigma7.5_seed3_native_bif_genes_decipherseed_1.h5ad,2250,250,149,4804dc9681c76805d5c33f7fd9a72b18ed0e1faa,True,0.0,40.5,0.9,0.4,0.5,0.1,decipher_models2,,43.0
native,genes,bif,7.5,3,2,Base Decipher (genes),790gwkv9,https://wandb.ai/jpark-columbia/decipher-bc-sigma-sweep/runs/790gwkv9,0.45166839534774533,0.3150815837947526,0.5131991440717628,-0.000474488886538893,0.725169189716456,0.7541892348122745,/home/jihyunpark/decipher-bc/Simulated Data/Simulated Data Sweep Pipeline/../Sweeps and Results/shift_sigma_sweep_bifurcation/1008/trained/sweep1008_splitfix_sigma7.5_seed3_native_bif_genes_decipherseed_2.h5ad,2250,250,163,4804dc9681c76805d5c33f7fd9a72b18ed0e1faa,True,0.0,45.1,0.8,0.4,0.4,0.1,decipher_models2,,47.4
native,genes,bif,7.5,4,2,Base Decipher (genes),o4nhhztg,https://wandb.ai/jpark-columbia/decipher-bc-sigma-sweep/runs/o4nhhztg,0.06434123894541398,0.14758145431142597,0.05683386828334759,0.00023865966068115085,0.7150353444031408,0.8329313504598376,/home/jihyunpark/decipher-bc/Simulated Data/Simulated Data Sweep Pipeline/../Sweeps and Results/shift_sigma_sweep_bifurcation/1008/trained/sweep1008_splitfix_sigma7.5_seed4_native_bif_genes_decipherseed_2.h5ad,2250,250,187,4804dc9681c76805d5c33f7fd9a72b18ed0e1faa,True,0.0,50.1,1.2,0.5,0.4,0.1,decipher_models2,,52.8
native,genes,bif,2.0,5,2,Base Decipher (genes),5ml993q8,https://wandb.ai/jpark-columbia/decipher-bc-sigma-sweep/runs/5ml993q8,0.4933667567392165,0.1444069827120606,0.3767319520267796,-0.00014724826905876398,0.7030198664491196,0.5764062821068052,/home/jihyunpark/decipher-bc/Simulated Data/Simulated Data Sweep Pipeline/../Sweeps and Results/shift_sigma_sweep_bifurcation/1008/trained/sweep1008_splitfix_sigma2.0_seed5_native_bif_genes_decipherseed_2.h5ad,2250,250,169,4804dc9681c76805d5c33f7fd9a72b18ed0e1faa,True,0.0,45.4,0.8,0.4,0.8,0.1,decipher_models2,,743.0
native,genes,bif,7.5,5,3,Base Decipher (genes),mbc5v1z3,https://wandb.ai/jpark-columbia/decipher-bc-sigma-sweep/runs/mbc5v1z3,0.38162018267302733,0.25295039878355474,0.18421360845069013,-0.0005255798459984362,0.7602886616574591,0.8555669483741632,/home/jihyunpark/decipher-bc/Simulated Data/Simulated Data Sweep Pipeline/../Sweeps and Results/shift_sigma_sweep_bifurcation/1008/trained/sweep1008_splitfix_sigma7.5_seed5_native_bif_genes_decipherseed_3.h5ad,2250,250,138,4804dc9681c76805d5c33f7fd9a72b18ed0e1faa,True,0.0,36.6,0.8,0.3,0.4,0.1,decipher_models2,,38.9
native,genes,bif,7.5,5,1,Base Decipher (genes),eruk4vcr,https://wandb.ai/jpark-columbia/decipher-bc-sigma-sweep/runs/eruk4vcr,0.4003578473384943,0.1627052741526961,0.13308997655625177,-0.00024269020650535822,0.757749970671902,0.8660394550432691,/home/jihyunpark/decipher-bc/Simulated Data/Simulated Data Sweep Pipeline/../Sweeps and Results/shift_sigma_sweep_bifurcation/1008/trained/sweep1008_splitfix_sigma7.5_seed5_native_bif_genes_decipherseed_1.h5ad,2250,250,143,4804dc9681c76805d5c33f7fd9a72b18ed0e1faa,True,0.0,40.2,0.8,0.3,0.5,0.1,decipher_models2,,42.6
native,genes,bif,7.5,4,3,Base Decipher (genes),xmybwuum,https://wandb.ai/jpark-columbia/decipher-bc-sigma-sweep/runs/xmybwuum,0.4624146963348722,0.4434103068434516,0.429089215546501,6.0211292293388397e-05,0.7353679744992705,0.8503432511924527,/home/jihyunpark/decipher-bc/Simulated Data/Simulated Data Sweep Pipeline/../Sweeps and Results/shift_sigma_sweep_bifurcation/1008/trained/sweep1008_splitfix_sigma7.5_seed4_native_bif_genes_decipherseed_3.h5ad,2250,250,168,4804dc9681c76805d5c33f7fd9a72b18ed0e1faa,True,0.0,45.5,0.8,0.4,0.4,0.1,decipher_models2,,173.0
native,genes,bif,7.5,4,1,Base Decipher (genes),4b9kasw4,https://wandb.ai/jpark-columbia/decipher-bc-sigma-sweep/runs/4b9kasw4,0.3990039016450881,0.37387030174353725,0.22662632167138622,0.0007146275602281094,0.7355169470270089,0.843403950296626,/home/jihyunpark/decipher-bc/Simulated Data/Simulated Data Sweep Pipeline/../Sweeps and Results/shift_sigma_sweep_bifurcation/1008/trained/sweep1008_splitfix_sigma7.5_seed4_native_bif_genes_decipherseed_1.h5ad,2250,250,170,4804dc9681c76805d5c33f7fd9a72b18ed0e1faa,True,0.0,45.7,0.8,0.4,0.4,0.1,decipher_models2,,274.9
native,genes,bif,10.0,3,1,Base Decipher (genes),mnx7tyic,https://wandb.ai/jpark-columbia/decipher-bc-sigma-sweep/runs/mnx7tyic,0.5180461823964394,0.3054772737186509,0.48982631734216425,0.0003486673813313246,0.7294946620139096,0.8001335413292219,/home/jihyunpark/decipher-bc/Simulated Data/Simulated Data Sweep Pipeline/../Sweeps and Results/shift_sigma_sweep_bifurcation/1008/trained/sweep1008_splitfix_sigma10.0_seed3_native_bif_genes_decipherseed_1.h5ad,2250,250,148,4804dc9681c76805d5c33f7fd9a72b18ed0e1faa,True,0.0,39.0,0.8,0.4,0.4,0.1,decipher_models2,,139.0
native,genes,bif,7.5,5,2,Base Decipher (genes),k4sgq6xu,https://wandb.ai/jpark-columbia/decipher-bc-sigma-sweep/runs/k4sgq6xu,0.133821327347462,0.06479013447730696,0.017416158691647005,7.371898391284049e-05,0.7592667936642039,0.8543790133955622,/home/jihyunpark/decipher-bc/Simulated Data/Simulated Data Sweep Pipeline/../Sweeps and Results/shift_sigma_sweep_bifurcation/1008/trained/sweep1008_splitfix_sigma7.5_seed5_native_bif_genes_decipherseed_2.h5ad,2250,250,135,4804dc9681c76805d5c33f7fd9a72b18ed0e1faa,True,0.0,36.2,0.8,0.4,0.4,0.1,decipher_models2,,570.2
native,genes,bif,10.0,3,2,Base Decipher (genes),,,0.39478706472264824,0.25737100026459875,0.04001418044524723,-0.00015360349789261818,0.7279362482792795,0.806277499293465,/home/jihyunpark/decipher-bc/Simulated Data/Simulated Data Sweep Pipeline/../Sweeps and Results/shift_sigma_sweep_bifurcation/1008/trained/sweep1008_splitfix_sigma10.0_seed3_native_bif_genes_decipherseed_2.h5ad,2250,250,142,4804dc9681c76805d5c33f7fd9a72b18ed0e1faa,True,0.0,38.8,0.5,0.4,0.2,0.1,decipher_models2,,40.1
native,genes,bif,7.5,3,3,Base Decipher (genes),4yav1c8w,https://wandb.ai/jpark-columbia/decipher-bc-sigma-sweep/runs/4yav1c8w,0.49321140454667495,0.04839594161719297,0.5191266968091063,0.003039110219106078,0.7254734446558895,0.7399100130858,/home/jihyunpark/decipher-bc/Simulated Data/Simulated Data Sweep Pipeline/../Sweeps and Results/shift_sigma_sweep_bifurcation/1008/trained/sweep1008_splitfix_sigma7.5_seed3_native_bif_genes_decipherseed_3.h5ad,2250,250,168,4804dc9681c76805d5c33f7fd9a72b18ed0e1faa,True,0.0,44.3,0.8,0.3,0.4,0.1,decipher_models2,,573.9
native,genes,bif,10.0,4,1,Base Decipher (genes),bnf275b7,https://wandb.ai/jpark-columbia/decipher-bc-sigma-sweep/runs/bnf275b7,0.3975186113937628,0.36143834326409296,0.28170968218279335,-8.801829244475812e-05,0.7174200731307054,0.8679612862229595,/home/jihyunpark/decipher-bc/Simulated Data/Simulated Data Sweep Pipeline/../Sweeps and Results/shift_sigma_sweep_bifurcation/1008/trained/sweep1008_splitfix_sigma10.0_seed4_native_bif_genes_decipherseed_1.h5ad,2250,250,117,4804dc9681c76805d5c33f7fd9a72b18ed0e1faa,True,0.0,31.5,0.8,0.5,0.4,0.1,decipher_models2,,146.0
native,genes,bif,10.0,5,1,Base Decipher (genes),luxpm0wq,https://wandb.ai/jpark-columbia/decipher-bc-sigma-sweep/runs/luxpm0wq,0.28586973275366123,0.22499607388157136,0.35853593727969835,0.00062829494709149,0.7586507952069727,0.8897775922031133,/home/jihyunpark/decipher-bc/Simulated Data/Simulated Data Sweep Pipeline/../Sweeps and Results/shift_sigma_sweep_bifurcation/1008/trained/sweep1008_splitfix_sigma10.0_seed5_native_bif_genes_decipherseed_1.h5ad,2250,250,171,4804dc9681c76805d5c33f7fd9a72b18ed0e1faa,True,0.0,46.9,0.8,0.4,0.4,0.1,decipher_models2,,49.2
native,genes,bif,10.0,4,2,Base Decipher (genes),5js0qppu,https://wandb.ai/jpark-columbia/decipher-bc-sigma-sweep/runs/5js0qppu,0.22369979505873008,0.19629776251116385,0.047178992278530014,0.00017248261428903788,0.7175481116784501,0.8647194431035548,/home/jihyunpark/decipher-bc/Simulated Data/Simulated Data Sweep Pipeline/../Sweeps and Results/shift_sigma_sweep_bifurcation/1008/trained/sweep1008_splitfix_sigma10.0_seed4_native_bif_genes_decipherseed_2.h5ad,2250,250,159,4804dc9681c76805d5c33f7fd9a72b18ed0e1faa,True,0.0,42.3,0.8,0.4,0.4,0.1,decipher_models2,,44.7
model5,genes,bif,0.1,3,1,Set3 zx2,pt453imr,https://wandb.ai/jpark-columbia/decipher-bc-sigma-sweep/runs/pt453imr,0.9921303007145401,0.9914789860183714,0.9891039811136887,0.5517059564590454,0.9498544273170002,0.9085015957351383,/home/jihyunpark/decipher-bc/Simulated Data/Simulated Data Sweep Pipeline/../Sweeps and Results/shift_sigma_sweep_bifurcation/1008/trained/sweep1008_splitfix_sigma0.1_seed3_model5_bif_genes_decipherseed_1.h5ad,2250,250,145,4804dc9681c76805d5c33f7fd9a72b18ed0e1faa,True,0.0,42.8,0.8,0.4,0.5,0.1,decipher_models2,,148.3
model5,genes,bif,0.1,3,2,Set3 zx2,xzjsmv2a,https://wandb.ai/jpark-columbia/decipher-bc-sigma-sweep/runs/xzjsmv2a,0.9956691083982877,0.992953919588617,0.9936488074747368,0.4679758548736572,0.9494693873626756,0.9073761734105852,/home/jihyunpark/decipher-bc/Simulated Data/Simulated Data Sweep Pipeline/../Sweeps and Results/shift_sigma_sweep_bifurcation/1008/trained/sweep1008_splitfix_sigma0.1_seed3_model5_bif_genes_decipherseed_2.h5ad,2250,250,115,4804dc9681c76805d5c33f7fd9a72b18ed0e1faa,True,0.0,32.2,0.8,0.4,0.4,0.1,decipher_models2,,34.5
native,genes,bif,5.0,3,2,Base Decipher (genes),93rx3mw8,https://wandb.ai/jpark-columbia/decipher-bc-sigma-sweep/runs/93rx3mw8,0.6083193988256906,0.28958743575863294,0.3160204732023107,-6.825710443081334e-05,0.7094127880223215,0.6636448883727605,/home/jihyunpark/decipher-bc/Simulated Data/Simulated Data Sweep Pipeline/../Sweeps and Results/shift_sigma_sweep_bifurcation/1008/trained/sweep1008_splitfix_sigma5.0_seed3_native_bif_genes_decipherseed_2.h5ad,2250,250,150,4804dc9681c76805d5c33f7fd9a72b18ed0e1faa,True,0.0,41.7,0.8,0.3,0.5,0.1,decipher_models2,,1510.1
native,genes,bif,2.0,3,2,Base Decipher (genes),a9yzcxf3,https://wandb.ai/jpark-columbia/decipher-bc-sigma-sweep/runs/a9yzcxf3,0.9133061714648016,0.9655602337361536,0.9204943417502024,0.4101025462150574,0.6423092626951601,0.5242391045467258,/home/jihyunpark/decipher-bc/Simulated Data/Simulated Data Sweep Pipeline/../Sweeps and Results/shift_sigma_sweep_bifurcation/1008/trained/sweep1008_splitfix_sigma2.0_seed3_native_bif_genes_decipherseed_2.h5ad,2250,250,182,4804dc9681c76805d5c33f7fd9a72b18ed0e1faa,True,0.0,55.3,0.8,0.3,0.4,0.1,decipher_models2,,1769.5
model5,genes,bif,0.1,4,2,Set3 zx2,aictyaid,https://wandb.ai/jpark-columbia/decipher-bc-sigma-sweep/runs/aictyaid,0.9459121741346784,0.9733510705032132,0.9780415023971184,0.45857569575309753,0.8835516408259858,0.787649068450776,/home/jihyunpark/decipher-bc/Simulated Data/Simulated Data Sweep Pipeline/../Sweeps and Results/shift_sigma_sweep_bifurcation/1008/trained/sweep1008_splitfix_sigma0.1_seed4_model5_bif_genes_decipherseed_2.h5ad,2250,250,151,4804dc9681c76805d5c33f7fd9a72b18ed0e1faa,True,0.0,42.7,0.8,0.4,0.5,0.1,decipher_models2,,45.3
native,genes,bif,10.0,5,2,Base Decipher (genes),hz5fgle4,https://wandb.ai/jpark-columbia/decipher-bc-sigma-sweep/runs/hz5fgle4,0.13653160719524857,0.10013717223079172,0.03549572184155908,-3.302278491901234e-05,0.7592071197085928,0.8929043683427665,/home/jihyunpark/decipher-bc/Simulated Data/Simulated Data Sweep Pipeline/../Sweeps and Results/shift_sigma_sweep_bifurcation/1008/trained/sweep1008_splitfix_sigma10.0_seed5_native_bif_genes_decipherseed_2.h5ad,2250,250,164,4804dc9681c76805d5c33f7fd9a72b18ed0e1faa,True,0.0,42.6,0.8,0.3,0.8,0.1,decipher_models2,,145.2
native,genes,bif,10.0,4,3,Base Decipher (genes),zniohnwo,https://wandb.ai/jpark-columbia/decipher-bc-sigma-sweep/runs/zniohnwo,0.019761094097691084,0.04408451459571693,0.23005956337663222,0.001839014352299273,0.7369693702875324,0.8677352110374424,/home/jihyunpark/decipher-bc/Simulated Data/Simulated Data Sweep Pipeline/../Sweeps and Results/shift_sigma_sweep_bifurcation/1008/trained/sweep1008_splitfix_sigma10.0_seed4_native_bif_genes_decipherseed_3.h5ad,2250,250,167,4804dc9681c76805d5c33f7fd9a72b18ed0e1faa,True,0.0,45.5,0.8,0.4,0.4,0.1,decipher_models2,,275.3
model5,genes,bif,0.1,4,3,Set3 zx2,uon82h60,https://wandb.ai/jpark-columbia/decipher-bc-sigma-sweep/runs/uon82h60,0.9715293940066692,0.9686047515008976,0.9742600946488051,0.5215907096862793,0.8823416795670758,0.7813175971886253,/home/jihyunpark/decipher-bc/Simulated Data/Simulated Data Sweep Pipeline/../Sweeps and Results/shift_sigma_sweep_bifurcation/1008/trained/sweep1008_splitfix_sigma0.1_seed4_model5_bif_genes_decipherseed_3.h5ad,2250,250,144,4804dc9681c76805d5c33f7fd9a72b18ed0e1faa,True,0.0,39.5,0.8,0.3,0.5,0.1,decipher_models2,,41.8
native,genes,bif,10.0,3,3,Base Decipher (genes),47yv3fn2,https://wandb.ai/jpark-columbia/decipher-bc-sigma-sweep/runs/47yv3fn2,0.4440143865428138,0.13471480494748928,0.5428723466683203,0.00020284934726078063,0.7358637826112118,0.7972473901791249,/home/jihyunpark/decipher-bc/Simulated Data/Simulated Data Sweep Pipeline/../Sweeps and Results/shift_sigma_sweep_bifurcation/1008/trained/sweep1008_splitfix_sigma10.0_seed3_native_bif_genes_decipherseed_3.h5ad,2250,250,123,4804dc9681c76805d5c33f7fd9a72b18ed0e1faa,True,0.0,32.8,0.8,0.4,0.4,0.1,decipher_models2,,569.9
model5,genes,bif,0.5,3,2,Set3 zx2,b8tslidb,https://wandb.ai/jpark-columbia/decipher-bc-sigma-sweep/runs/b8tslidb,0.9890198551579135,0.992051560952588,0.9926616909759536,0.4906079173088074,0.9432229013523623,0.9006663550886548,/home/jihyunpark/decipher-bc/Simulated Data/Simulated Data Sweep Pipeline/../Sweeps and Results/shift_sigma_sweep_bifurcation/1008/trained/sweep1008_splitfix_sigma0.5_seed3_model5_bif_genes_decipherseed_2.h5ad,2250,250,148,4804dc9681c76805d5c33f7fd9a72b18ed0e1faa,True,0.0,40.8,0.8,0.3,0.4,0.1,decipher_models2,,43.1
model5,genes,bif,0.1,5,1,Set3 zx2,dejr3caq,https://wandb.ai/jpark-columbia/decipher-bc-sigma-sweep/runs/dejr3caq,0.9803975479353857,0.9669493966775656,0.9697031848468178,0.4684750735759735,0.8739545198743977,0.7731755418380301,/home/jihyunpark/decipher-bc/Simulated Data/Simulated Data Sweep Pipeline/../Sweeps and Results/shift_sigma_sweep_bifurcation/1008/trained/sweep1008_splitfix_sigma0.1_seed5_model5_bif_genes_decipherseed_1.h5ad,2250,250,139,4804dc9681c76805d5c33f7fd9a72b18ed0e1faa,True,0.0,40.2,0.8,0.3,0.5,0.1,decipher_models2,,175.2
model5,genes,bif,0.1,3,3,Set3 zx2,iiwugpxv,https://wandb.ai/jpark-columbia/decipher-bc-sigma-sweep/runs/iiwugpxv,0.9828642460770942,0.9928315062378956,0.9936367151524873,0.4829027056694031,0.9492681834716181,0.907593661784577,/home/jihyunpark/decipher-bc/Simulated Data/Simulated Data Sweep Pipeline/../Sweeps and Results/shift_sigma_sweep_bifurcation/1008/trained/sweep1008_splitfix_sigma0.1_seed3_model5_bif_genes_decipherseed_3.h5ad,2250,250,152,4804dc9681c76805d5c33f7fd9a72b18ed0e1faa,True,0.0,45.1,0.8,0.3,0.5,0.1,decipher_models2,,419.1
model5,genes,bif,0.1,4,1,Set3 zx2,z4pucrwx,https://wandb.ai/jpark-columbia/decipher-bc-sigma-sweep/runs/z4pucrwx,0.9684395174508441,0.9733498323528255,0.9778164168792268,0.47484689950942993,0.8846954576442198,0.7884696122327618,/home/jihyunpark/decipher-bc/Simulated Data/Simulated Data Sweep Pipeline/../Sweeps and Results/shift_sigma_sweep_bifurcation/1008/trained/sweep1008_splitfix_sigma0.1_seed4_model5_bif_genes_decipherseed_1.h5ad,2250,250,137,4804dc9681c76805d5c33f7fd9a72b18ed0e1faa,True,0.0,37.8,1.0,0.3,0.5,0.1,decipher_models2,,429.5
model5,genes,bif,0.1,5,3,Set3 zx2,,,0.9797806008732566,0.9652172820177707,0.9678850773076642,0.4995064437389374,0.8733893313927814,0.7685708765563519,/home/jihyunpark/decipher-bc/Simulated Data/Simulated Data Sweep Pipeline/../Sweeps and Results/shift_sigma_sweep_bifurcation/1008/trained/sweep1008_splitfix_sigma0.1_seed5_model5_bif_genes_decipherseed_3.h5ad,2250,250,151,4804dc9681c76805d5c33f7fd9a72b18ed0e1faa,True,0.0,43.2,0.5,0.3,0.3,0.1,decipher_models2,,44.6
model5,genes,bif,0.5,4,1,Set3 zx2,d2748kxd,https://wandb.ai/jpark-columbia/decipher-bc-sigma-sweep/runs/d2748kxd,0.9819698109935361,0.9764295286250131,0.9741641748334114,0.4588125944137573,0.8856701773297109,0.8113899270476215,/home/jihyunpark/decipher-bc/Simulated Data/Simulated Data Sweep Pipeline/../Sweeps and Results/shift_sigma_sweep_bifurcation/1008/trained/sweep1008_splitfix_sigma0.5_seed4_model5_bif_genes_decipherseed_1.h5ad,2250,250,184,4804dc9681c76805d5c33f7fd9a72b18ed0e1faa,True,0.1,54.4,0.8,0.3,0.5,0.1,decipher_models2,,68.1
model5,genes,bif,0.5,3,1,Set3 zx2,myu3w171,https://wandb.ai/jpark-columbia/decipher-bc-sigma-sweep/runs/myu3w171,0.9914958118705156,0.9919883372447891,0.9913027265758763,0.5476539731025696,0.9423729580121047,0.8989117621040967,/home/jihyunpark/decipher-bc/Simulated Data/Simulated Data Sweep Pipeline/../Sweeps and Results/shift_sigma_sweep_bifurcation/1008/trained/sweep1008_splitfix_sigma0.5_seed3_model5_bif_genes_decipherseed_1.h5ad,2250,250,192,4804dc9681c76805d5c33f7fd9a72b18ed0e1faa,True,0.0,55.9,1.0,0.4,0.5,0.1,decipher_models2,,139.8
model5,genes,bif,0.5,4,2,Set3 zx2,q1l758om,https://wandb.ai/jpark-columbia/decipher-bc-sigma-sweep/runs/q1l758om,0.9734113430383106,0.9745400184842415,0.9736614939798709,0.4820655286312103,0.8860763016642238,0.8136384080925538,/home/jihyunpark/decipher-bc/Simulated Data/Simulated Data Sweep Pipeline/../Sweeps and Results/shift_sigma_sweep_bifurcation/1008/trained/sweep1008_splitfix_sigma0.5_seed4_model5_bif_genes_decipherseed_2.h5ad,2250,250,176,4804dc9681c76805d5c33f7fd9a72b18ed0e1faa,True,0.0,49.6,0.8,0.5,0.5,0.1,decipher_models2,,52.0
model5,genes,bif,0.5,3,3,Set3 zx2,xaw83u1b,https://wandb.ai/jpark-columbia/decipher-bc-sigma-sweep/runs/xaw83u1b,0.9874492339172143,0.9884774637978342,0.992782676130685,0.5982031226158142,0.9427903013646247,0.8990288495325006,/home/jihyunpark/decipher-bc/Simulated Data/Simulated Data Sweep Pipeline/../Sweeps and Results/shift_sigma_sweep_bifurcation/1008/trained/sweep1008_splitfix_sigma0.5_seed3_model5_bif_genes_decipherseed_3.h5ad,2250,250,167,4804dc9681c76805d5c33f7fd9a72b18ed0e1faa,True,0.0,47.2,0.8,0.4,0.4,0.1,decipher_models2,,294.8
native,genes,bif,10.0,5,3,Base Decipher (genes),5m0z2nxb,https://wandb.ai/jpark-columbia/decipher-bc-sigma-sweep/runs/5m0z2nxb,0.1451364435377544,0.13993054949728612,0.22838905143605762,0.0001974315382540226,0.7551868044695454,0.8870057322782442,/home/jihyunpark/decipher-bc/Simulated Data/Simulated Data Sweep Pipeline/../Sweeps and Results/shift_sigma_sweep_bifurcation/1008/trained/sweep1008_splitfix_sigma10.0_seed5_native_bif_genes_decipherseed_3.h5ad,2250,250,155,4804dc9681c76805d5c33f7fd9a72b18ed0e1faa,True,0.0,41.4,0.8,0.4,0.4,0.1,decipher_models2,,939.9
model5,genes,bif,1.0,3,2,Set3 zx2,bvbbtond,https://wandb.ai/jpark-columbia/decipher-bc-sigma-sweep/runs/bvbbtond,0.9943251959767945,0.992796121784991,0.99345732346003,0.5031934976577759,0.9356350218779462,0.889148248507595,/home/jihyunpark/decipher-bc/Simulated Data/Simulated Data Sweep Pipeline/../Sweeps and Results/shift_sigma_sweep_bifurcation/1008/trained/sweep1008_splitfix_sigma1.0_seed3_model5_bif_genes_decipherseed_2.h5ad,2250,250,123,4804dc9681c76805d5c33f7fd9a72b18ed0e1faa,True,0.0,34.0,0.8,0.4,0.5,0.1,decipher_models2,,36.5
model5,genes,bif,0.5,5,2,Set3 zx2,aua1vmzw,https://wandb.ai/jpark-columbia/decipher-bc-sigma-sweep/runs/aua1vmzw,0.9767178550414184,0.9697739681462523,0.9643039935390505,0.5008159875869751,0.8753799015549093,0.8109270582936353,/home/jihyunpark/decipher-bc/Simulated Data/Simulated Data Sweep Pipeline/../Sweeps and Results/shift_sigma_sweep_bifurcation/1008/trained/sweep1008_splitfix_sigma0.5_seed5_model5_bif_genes_decipherseed_2.h5ad,2250,250,129,4804dc9681c76805d5c33f7fd9a72b18ed0e1faa,True,0.0,37.1,0.8,0.3,0.5,0.1,decipher_models2,,275.1
model5,genes,bif,0.5,5,1,Set3 zx2,ibqeeel1,https://wandb.ai/jpark-columbia/decipher-bc-sigma-sweep/runs/ibqeeel1,0.9794161777047463,0.9701487683410958,0.9685200464007778,0.42255303263664246,0.8753502480510126,0.8078924151223945,/home/jihyunpark/decipher-bc/Simulated Data/Simulated Data Sweep Pipeline/../Sweeps and Results/shift_sigma_sweep_bifurcation/1008/trained/sweep1008_splitfix_sigma0.5_seed5_model5_bif_genes_decipherseed_1.h5ad,2250,250,156,4804dc9681c76805d5c33f7fd9a72b18ed0e1faa,True,0.0,42.8,0.8,0.3,0.5,0.1,decipher_models2,,275.3
model5,genes,bif,1.0,4,3,Set3 zx2,uwn78rbh,https://wandb.ai/jpark-columbia/decipher-bc-sigma-sweep/runs/uwn78rbh,0.9790634623187089,0.9714292414390321,0.9763980576600696,0.44659048318862915,0.9059854044451404,0.8621478445517508,/home/jihyunpark/decipher-bc/Simulated Data/Simulated Data Sweep Pipeline/../Sweeps and Results/shift_sigma_sweep_bifurcation/1008/trained/sweep1008_splitfix_sigma1.0_seed4_model5_bif_genes_decipherseed_3.h5ad,2250,250,179,4804dc9681c76805d5c33f7fd9a72b18ed0e1faa,True,0.0,50.0,1.0,0.3,0.5,0.1,decipher_models2,,52.5
model5,genes,bif,1.0,4,2,Set3 zx2,iji5yv8j,https://wandb.ai/jpark-columbia/decipher-bc-sigma-sweep/runs/iji5yv8j,0.9813732625239988,0.9751342779764561,0.9679672938401078,0.5080398917198181,0.9026780440591831,0.857649967758776,/home/jihyunpark/decipher-bc/Simulated Data/Simulated Data Sweep Pipeline/../Sweeps and Results/shift_sigma_sweep_bifurcation/1008/trained/sweep1008_splitfix_sigma1.0_seed4_model5_bif_genes_decipherseed_2.h5ad,2250,250,180,4804dc9681c76805d5c33f7fd9a72b18ed0e1faa,True,0.0,51.9,0.9,0.3,0.5,0.1,decipher_models2,,54.2
model5,genes,bif,0.1,5,2,Set3 zx2,tj5ocdgg,https://wandb.ai/jpark-columbia/decipher-bc-sigma-sweep/runs/tj5ocdgg,0.9769375071541275,0.9704855959478323,0.968022704859914,0.49244022369384766,0.871246837729788,0.7651236995826423,/home/jihyunpark/decipher-bc/Simulated Data/Simulated Data Sweep Pipeline/../Sweeps and Results/shift_sigma_sweep_bifurcation/1008/trained/sweep1008_splitfix_sigma0.1_seed5_model5_bif_genes_decipherseed_2.h5ad,2250,250,127,4804dc9681c76805d5c33f7fd9a72b18ed0e1faa,True,0.0,35.3,0.8,0.4,0.5,0.1,decipher_models2,,970.4
model5,genes,bif,1.0,3,1,Set3 zx2,kf6wr2hm,https://wandb.ai/jpark-columbia/decipher-bc-sigma-sweep/runs/kf6wr2hm,0.9929004450286261,0.9918088792120985,0.9918160152078858,0.512050211429596,0.93561404623517,0.8882711076776175,/home/jihyunpark/decipher-bc/Simulated Data/Simulated Data Sweep Pipeline/../Sweeps and Results/shift_sigma_sweep_bifurcation/1008/trained/sweep1008_splitfix_sigma1.0_seed3_model5_bif_genes_decipherseed_1.h5ad,2250,250,164,4804dc9681c76805d5c33f7fd9a72b18ed0e1faa,True,0.0,46.7,0.9,0.2,0.5,0.1,decipher_models2,,340.1
model5,genes,bif,1.0,5,1,Set3 zx2,nw7eq4l7,https://wandb.ai/jpark-columbia/decipher-bc-sigma-sweep/runs/nw7eq4l7,0.9715012758384514,0.9645035730255546,0.962751729705769,0.4221312403678894,0.8988471269015199,0.8524869352727527,/home/jihyunpark/decipher-bc/Simulated Data/Simulated Data Sweep Pipeline/../Sweeps and Results/shift_sigma_sweep_bifurcation/1008/trained/sweep1008_splitfix_sigma1.0_seed5_model5_bif_genes_decipherseed_1.h5ad,2250,250,148,4804dc9681c76805d5c33f7fd9a72b18ed0e1faa,True,0.0,41.4,0.8,0.4,0.5,0.1,decipher_models2,,44.0
model5,genes,bif,1.0,5,2,Set3 zx2,q1tq426r,https://wandb.ai/jpark-columbia/decipher-bc-sigma-sweep/runs/q1tq426r,0.9329442180488977,0.9605527478522283,0.953942076088838,0.6049267649650574,0.8982438374694794,0.8523128324266974,/home/jihyunpark/decipher-bc/Simulated Data/Simulated Data Sweep Pipeline/../Sweeps and Results/shift_sigma_sweep_bifurcation/1008/trained/sweep1008_splitfix_sigma1.0_seed5_model5_bif_genes_decipherseed_2.h5ad,2250,250,132,4804dc9681c76805d5c33f7fd9a72b18ed0e1faa,True,0.0,37.4,0.8,0.4,0.4,0.1,decipher_models2,,68.7
model5,genes,bif,0.5,4,3,Set3 zx2,wfy8bynj,https://wandb.ai/jpark-columbia/decipher-bc-sigma-sweep/runs/wfy8bynj,0.9806244587000438,0.9745923244602692,0.9754773735741182,0.46090784668922424,0.8859574005098464,0.8142894984058454,/home/jihyunpark/decipher-bc/Simulated Data/Simulated Data Sweep Pipeline/../Sweeps and Results/shift_sigma_sweep_bifurcation/1008/trained/sweep1008_splitfix_sigma0.5_seed4_model5_bif_genes_decipherseed_3.h5ad,2250,250,157,4804dc9681c76805d5c33f7fd9a72b18ed0e1faa,True,0.1,46.2,0.8,0.3,0.5,0.1,decipher_models2,,749.7
model5,genes,bif,2.0,3,3,Set3 zx2,ma141tdz,https://wandb.ai/jpark-columbia/decipher-bc-sigma-sweep/runs/ma141tdz,0.9938031688889747,0.9919902561831858,0.9899776917369082,0.4764051139354706,0.9324776462515261,0.8952472333905475,/home/jihyunpark/decipher-bc/Simulated Data/Simulated Data Sweep Pipeline/../Sweeps and Results/shift_sigma_sweep_bifurcation/1008/trained/sweep1008_splitfix_sigma2.0_seed3_model5_bif_genes_decipherseed_3.h5ad,2250,250,193,4804dc9681c76805d5c33f7fd9a72b18ed0e1faa,True,0.0,53.9,0.8,0.4,0.5,0.1,decipher_models2,,56.4
model5,genes,bif,2.0,3,1,Set3 zx2,cndk7cvs,https://wandb.ai/jpark-columbia/decipher-bc-sigma-sweep/runs/cndk7cvs,0.8027322853553464,0.9890956967070892,0.9132043064085706,0.5461930632591248,0.9358201018522507,0.8999175818423388,/home/jihyunpark/decipher-bc/Simulated Data/Simulated Data Sweep Pipeline/../Sweeps and Results/shift_sigma_sweep_bifurcation/1008/trained/sweep1008_splitfix_sigma2.0_seed3_model5_bif_genes_decipherseed_1.h5ad,2250,250,198,4804dc9681c76805d5c33f7fd9a72b18ed0e1faa,True,0.0,55.7,1.2,0.3,0.4,0.1,decipher_models2,,205.3
model5,genes,bif,1.0,3,3,Set3 zx2,xp1draf0,https://wandb.ai/jpark-columbia/decipher-bc-sigma-sweep/runs/xp1draf0,0.9943244635643658,0.9922002334490723,0.9933305294945025,0.503192663192749,0.9351318671884413,0.8899043470116266,/home/jihyunpark/decipher-bc/Simulated Data/Simulated Data Sweep Pipeline/../Sweeps and Results/shift_sigma_sweep_bifurcation/1008/trained/sweep1008_splitfix_sigma1.0_seed3_model5_bif_genes_decipherseed_3.h5ad,2250,250,174,4804dc9681c76805d5c33f7fd9a72b18ed0e1faa,True,0.0,48.8,0.8,0.3,0.5,0.1,decipher_models2,,574.6
model5,genes,bif,1.0,5,3,Set3 zx2,,,0.9588747594765832,0.9701956281624295,0.9519669506259005,0.5577817559242249,0.899380300338132,0.8535388501550558,/home/jihyunpark/decipher-bc/Simulated Data/Simulated Data Sweep Pipeline/../Sweeps and Results/shift_sigma_sweep_bifurcation/1008/trained/sweep1008_splitfix_sigma1.0_seed5_model5_bif_genes_decipherseed_3.h5ad,2250,250,151,4804dc9681c76805d5c33f7fd9a72b18ed0e1faa,True,0.0,40.9,0.5,0.3,0.3,0.1,decipher_models2,,42.1
model5,genes,bif,2.0,4,2,Set3 zx2,t1ug3ze7,https://wandb.ai/jpark-columbia/decipher-bc-sigma-sweep/runs/t1ug3ze7,0.9739576864230877,0.9660649013972118,0.9623660996540248,0.4603310823440552,0.9328713055952138,0.9032457959228408,/home/jihyunpark/decipher-bc/Simulated Data/Simulated Data Sweep Pipeline/../Sweeps and Results/shift_sigma_sweep_bifurcation/1008/trained/sweep1008_splitfix_sigma2.0_seed4_model5_bif_genes_decipherseed_2.h5ad,2250,250,143,4804dc9681c76805d5c33f7fd9a72b18ed0e1faa,True,0.0,41.0,0.8,0.3,0.5,0.1,decipher_models2,,43.3
model5,genes,bif,2.0,5,3,Set3 zx2,d5w5hnek,https://wandb.ai/jpark-columbia/decipher-bc-sigma-sweep/runs/d5w5hnek,0.9463498327061379,0.9449881918718739,0.9361303510475896,0.515105664730072,0.9326811592190302,0.9053791706910526,/home/jihyunpark/decipher-bc/Simulated Data/Simulated Data Sweep Pipeline/../Sweeps and Results/shift_sigma_sweep_bifurcation/1008/trained/sweep1008_splitfix_sigma2.0_seed5_model5_bif_genes_decipherseed_3.h5ad,2250,250,179,4804dc9681c76805d5c33f7fd9a72b18ed0e1faa,True,0.0,50.7,1.2,0.4,0.5,0.1,decipher_models2,,53.8
model5,genes,bif,0.5,5,3,Set3 zx2,3hcb7kf4,https://wandb.ai/jpark-columbia/decipher-bc-sigma-sweep/runs/3hcb7kf4,0.9716455515050217,0.9659462752663409,0.9695929453313598,0.48924800753593445,0.8766067096198982,0.8123976836707987,/home/jihyunpark/decipher-bc/Simulated Data/Simulated Data Sweep Pipeline/../Sweeps and Results/shift_sigma_sweep_bifurcation/1008/trained/sweep1008_splitfix_sigma0.5_seed5_model5_bif_genes_decipherseed_3.h5ad,2250,250,151,4804dc9681c76805d5c33f7fd9a72b18ed0e1faa,True,0.0,42.1,0.8,0.4,0.5,0.1,decipher_models2,,934.9
model5,genes,bif,2.0,4,3,Set3 zx2,csd5wcy9,https://wandb.ai/jpark-columbia/decipher-bc-sigma-sweep/runs/csd5wcy9,0.9529115181006005,0.9601332964470588,0.9605803352636233,0.5841500759124756,0.9326392442558777,0.9033486853609869,/home/jihyunpark/decipher-bc/Simulated Data/Simulated Data Sweep Pipeline/../Sweeps and Results/shift_sigma_sweep_bifurcation/1008/trained/sweep1008_splitfix_sigma2.0_seed4_model5_bif_genes_decipherseed_3.h5ad,2250,250,121,4804dc9681c76805d5c33f7fd9a72b18ed0e1faa,True,0.0,35.0,0.8,0.4,0.5,0.1,decipher_models2,,156.0
model5,genes,bif,2.0,5,2,Set3 zx2,ycm6bewv,https://wandb.ai/jpark-columbia/decipher-bc-sigma-sweep/runs/ycm6bewv,0.9242797700578119,0.9475296177565926,0.9452452314571907,0.5791231989860535,0.9313816694362554,0.904005844041373,/home/jihyunpark/decipher-bc/Simulated Data/Simulated Data Sweep Pipeline/../Sweeps and Results/shift_sigma_sweep_bifurcation/1008/trained/sweep1008_splitfix_sigma2.0_seed5_model5_bif_genes_decipherseed_2.h5ad,2250,250,156,4804dc9681c76805d5c33f7fd9a72b18ed0e1faa,True,0.0,42.7,0.8,0.4,0.5,0.1,decipher_models2,,205.8
model5,genes,bif,2.0,3,2,Set3 zx2,1xexejxl,https://wandb.ai/jpark-columbia/decipher-bc-sigma-sweep/runs/1xexejxl,0.9932685625842969,0.992744088689857,0.9929238816160928,0.5000181198120117,0.9324211460576015,0.8948284451358022,/home/jihyunpark/decipher-bc/Simulated Data/Simulated Data Sweep Pipeline/../Sweeps and Results/shift_sigma_sweep_bifurcation/1008/trained/sweep1008_splitfix_sigma2.0_seed3_model5_bif_genes_decipherseed_2.h5ad,2250,250,182,4804dc9681c76805d5c33f7fd9a72b18ed0e1faa,True,0.0,50.2,0.8,0.9,0.4,0.1,decipher_models2,,574.8
model5,genes,bif,2.0,5,1,Set3 zx2,uqqnvxx3,https://wandb.ai/jpark-columbia/decipher-bc-sigma-sweep/runs/uqqnvxx3,0.9433750838272762,0.9482031854029366,0.957507333795574,0.5967302322387695,0.9296647517382159,0.9015236894953333,/home/jihyunpark/decipher-bc/Simulated Data/Simulated Data Sweep Pipeline/../Sweeps and Results/shift_sigma_sweep_bifurcation/1008/trained/sweep1008_splitfix_sigma2.0_seed5_model5_bif_genes_decipherseed_1.h5ad,2250,250,193,4804dc9681c76805d5c33f7fd9a72b18ed0e1faa,True,0.0,52.8,0.8,0.3,0.4,0.1,decipher_models2,,419.2
model5,genes,bif,5.0,3,1,Set3 zx2,h4u0jgph,https://wandb.ai/jpark-columbia/decipher-bc-sigma-sweep/runs/h4u0jgph,0.8042047882653752,0.9195077976406978,0.6206111794186209,0.29450058937072754,0.9507830520225444,0.9285588670068777,/home/jihyunpark/decipher-bc/Simulated Data/Simulated Data Sweep Pipeline/../Sweeps and Results/shift_sigma_sweep_bifurcation/1008/trained/sweep1008_splitfix_sigma5.0_seed3_model5_bif_genes_decipherseed_1.h5ad,2250,250,262,4804dc9681c76805d5c33f7fd9a72b18ed0e1faa,True,0.0,74.2,0.8,0.4,0.5,0.1,decipher_models2,,76.6
model5,genes,bif,5.0,3,3,Set3 zx2,u5wptp9f,https://wandb.ai/jpark-columbia/decipher-bc-sigma-sweep/runs/u5wptp9f,0.8511483417341614,0.8269729442435121,0.8017736684379709,0.22966012358665466,0.9465241587705032,0.9253927573493536,/home/jihyunpark/decipher-bc/Simulated Data/Simulated Data Sweep Pipeline/../Sweeps and Results/shift_sigma_sweep_bifurcation/1008/trained/sweep1008_splitfix_sigma5.0_seed3_model5_bif_genes_decipherseed_3.h5ad,2250,250,192,4804dc9681c76805d5c33f7fd9a72b18ed0e1faa,True,0.0,55.4,0.9,0.4,0.5,0.1,decipher_models2,,139.6
model5,genes,bif,1.0,4,1,Set3 zx2,c3uoihay,https://wandb.ai/jpark-columbia/decipher-bc-sigma-sweep/runs/c3uoihay,0.9816671147765121,0.9713571237050813,0.9752373036944082,0.45539912581443787,0.906120820547928,0.8643748341034949,/home/jihyunpark/decipher-bc/Simulated Data/Simulated Data Sweep Pipeline/../Sweeps and Results/shift_sigma_sweep_bifurcation/1008/trained/sweep1008_splitfix_sigma1.0_seed4_model5_bif_genes_decipherseed_1.h5ad,2250,250,186,4804dc9681c76805d5c33f7fd9a72b18ed0e1faa,True,0.0,52.1,1.2,0.3,0.5,0.1,decipher_models2,,1130.0
model5,genes,bif,5.0,4,1,Set3 zx2,gzx797ez,https://wandb.ai/jpark-columbia/decipher-bc-sigma-sweep/runs/gzx797ez,0.6002923181014305,0.5475629960708163,0.3412557134628148,0.08508488535881042,0.960260539624935,0.9488408953601816,/home/jihyunpark/decipher-bc/Simulated Data/Simulated Data Sweep Pipeline/../Sweeps and Results/shift_sigma_sweep_bifurcation/1008/trained/sweep1008_splitfix_sigma5.0_seed4_model5_bif_genes_decipherseed_1.h5ad,2250,250,218,4804dc9681c76805d5c33f7fd9a72b18ed0e1faa,True,0.0,59.9,0.9,0.4,0.5,0.1,decipher_models2,,274.6
model5,genes,bif,5.0,3,2,Set3 zx2,75qcnc5u,https://wandb.ai/jpark-columbia/decipher-bc-sigma-sweep/runs/75qcnc5u,0.7638997487665379,0.6826559342207347,0.5510856203696674,0.2467956840991974,0.94818581958444,0.9271533529670624,/home/jihyunpark/decipher-bc/Simulated Data/Simulated Data Sweep Pipeline/../Sweeps and Results/shift_sigma_sweep_bifurcation/1008/trained/sweep1008_splitfix_sigma5.0_seed3_model5_bif_genes_decipherseed_2.h5ad,2250,250,163,4804dc9681c76805d5c33f7fd9a72b18ed0e1faa,True,0.0,44.8,0.8,0.4,0.5,0.1,decipher_models2,,436.1
model5,genes,bif,7.5,3,2,Set3 zx2,hbzc1ld6,https://wandb.ai/jpark-columbia/decipher-bc-sigma-sweep/runs/hbzc1ld6,0.825892434493366,0.7743732265453045,0.6206526172228015,0.02761349081993103,0.9567983926613025,0.9435565374350627,/home/jihyunpark/decipher-bc/Simulated Data/Simulated Data Sweep Pipeline/../Sweeps and Results/shift_sigma_sweep_bifurcation/1008/trained/sweep1008_splitfix_sigma7.5_seed3_model5_bif_genes_decipherseed_2.h5ad,2250,250,219,4804dc9681c76805d5c33f7fd9a72b18ed0e1faa,True,0.0,60.0,0.8,0.4,0.4,0.1,decipher_models2,,62.3
model5,genes,bif,5.0,4,2,Set3 zx2,86l1kkdz,https://wandb.ai/jpark-columbia/decipher-bc-sigma-sweep/runs/86l1kkdz,0.8546001146782849,0.7400963015503257,0.6886323503824352,0.037956055253744125,0.9615019037966945,0.9504793561958627,/home/jihyunpark/decipher-bc/Simulated Data/Simulated Data Sweep Pipeline/../Sweeps and Results/shift_sigma_sweep_bifurcation/1008/trained/sweep1008_splitfix_sigma5.0_seed4_model5_bif_genes_decipherseed_2.h5ad,2250,250,183,4804dc9681c76805d5c33f7fd9a72b18ed0e1faa,True,0.0,51.0,0.8,0.3,0.4,0.1,decipher_models2,,485.6
model5,genes,bif,2.0,4,1,Set3 zx2,bydz4b9g,https://wandb.ai/jpark-columbia/decipher-bc-sigma-sweep/runs/bydz4b9g,0.7820713220165163,0.9608244218905022,0.6649385401071324,0.42639264464378357,0.9339843927783834,0.9046655311934637,/home/jihyunpark/decipher-bc/Simulated Data/Simulated Data Sweep Pipeline/../Sweeps and Results/shift_sigma_sweep_bifurcation/1008/trained/sweep1008_splitfix_sigma2.0_seed4_model5_bif_genes_decipherseed_1.h5ad,2250,250,205,4804dc9681c76805d5c33f7fd9a72b18ed0e1faa,True,0.0,55.7,0.8,0.4,0.5,0.1,decipher_models2,,1164.4
model5,genes,bif,7.5,3,1,Set3 zx2,6yk0qi4h,https://wandb.ai/jpark-columbia/decipher-bc-sigma-sweep/runs/6yk0qi4h,0.740940373569997,0.5764238835268021,0.6269531097616325,0.08857347816228867,0.9575605414964831,0.9427692851895714,/home/jihyunpark/decipher-bc/Simulated Data/Simulated Data Sweep Pipeline/../Sweeps and Results/shift_sigma_sweep_bifurcation/1008/trained/sweep1008_splitfix_sigma7.5_seed3_model5_bif_genes_decipherseed_1.h5ad,2250,250,268,4804dc9681c76805d5c33f7fd9a72b18ed0e1faa,True,0.0,73.0,0.9,0.4,0.4,0.1,decipher_models2,,75.7
model5,genes,bif,7.5,3,3,Set3 zx2,2kggmudy,https://wandb.ai/jpark-columbia/decipher-bc-sigma-sweep/runs/2kggmudy,0.5806806652727292,0.3856859728446363,0.47368472631221087,0.11198265850543976,0.9566178351795662,0.9421446536438463,/home/jihyunpark/decipher-bc/Simulated Data/Simulated Data Sweep Pipeline/../Sweeps and Results/shift_sigma_sweep_bifurcation/1008/trained/sweep1008_splitfix_sigma7.5_seed3_model5_bif_genes_decipherseed_3.h5ad,2250,250,240,4804dc9681c76805d5c33f7fd9a72b18ed0e1faa,True,0.0,66.7,0.8,0.3,0.5,0.1,decipher_models2,,139.6
model5,genes,bif,7.5,4,3,Set3 zx2,ndshwzk5,https://wandb.ai/jpark-columbia/decipher-bc-sigma-sweep/runs/ndshwzk5,0.7685647810156161,0.7788701610294237,0.5690851583612441,0.056825537234544754,0.9703780878860444,0.9639644258227631,/home/jihyunpark/decipher-bc/Simulated Data/Simulated Data Sweep Pipeline/../Sweeps and Results/shift_sigma_sweep_bifurcation/1008/trained/sweep1008_splitfix_sigma7.5_seed4_model5_bif_genes_decipherseed_3.h5ad,2250,250,232,4804dc9681c76805d5c33f7fd9a72b18ed0e1faa,True,0.0,63.2,0.8,0.4,0.4,0.1,decipher_models2,,65.4
model5,genes,bif,5.0,5,2,Set3 zx2,tvf1071n,https://wandb.ai/jpark-columbia/decipher-bc-sigma-sweep/runs/tvf1071n,0.8515831347699103,0.7563462563222214,0.7899745897201564,0.09507621824741364,0.9628267623410446,0.9542196672001009,/home/jihyunpark/decipher-bc/Simulated Data/Simulated Data Sweep Pipeline/../Sweeps and Results/shift_sigma_sweep_bifurcation/1008/trained/sweep1008_splitfix_sigma5.0_seed5_model5_bif_genes_decipherseed_2.h5ad,2250,250,198,4804dc9681c76805d5c33f7fd9a72b18ed0e1faa,True,0.0,56.7,0.8,0.4,0.5,0.1,decipher_models2,,569.8
model5,genes,bif,5.0,4,3,Set3 zx2,c3oklewp,https://wandb.ai/jpark-columbia/decipher-bc-sigma-sweep/runs/c3oklewp,0.7101938950798653,0.6644266092527312,0.5015735751897828,0.05528739094734192,0.96061232783473,0.9494358899537936,/home/jihyunpark/decipher-bc/Simulated Data/Simulated Data Sweep Pipeline/../Sweeps and Results/shift_sigma_sweep_bifurcation/1008/trained/sweep1008_splitfix_sigma5.0_seed4_model5_bif_genes_decipherseed_3.h5ad,2250,250,172,4804dc9681c76805d5c33f7fd9a72b18ed0e1faa,True,0.0,47.4,0.8,0.3,0.5,0.1,decipher_models2,,579.6
model5,genes,bif,7.5,5,2,Set3 zx2,5pg652ps,https://wandb.ai/jpark-columbia/decipher-bc-sigma-sweep/runs/5pg652ps,0.4644069532288125,0.3145634603261366,0.014119621129468124,0.0009220620850101113,0.9592417770926944,0.9558065548889554,/home/jihyunpark/decipher-bc/Simulated Data/Simulated Data Sweep Pipeline/../Sweeps and Results/shift_sigma_sweep_bifurcation/1008/trained/sweep1008_splitfix_sigma7.5_seed5_model5_bif_genes_decipherseed_2.h5ad,2250,250,115,4804dc9681c76805d5c33f7fd9a72b18ed0e1faa,True,0.0,31.3,0.8,0.3,0.4,0.1,decipher_models2,,33.7
model5,genes,bif,7.5,5,3,Set3 zx2,2ndhkgw9,https://wandb.ai/jpark-columbia/decipher-bc-sigma-sweep/runs/2ndhkgw9,0.31688460512115413,0.1078552361120941,0.3287427044993206,0.0011795683531090617,0.9619772192336148,0.9588895139803271,/home/jihyunpark/decipher-bc/Simulated Data/Simulated Data Sweep Pipeline/../Sweeps and Results/shift_sigma_sweep_bifurcation/1008/trained/sweep1008_splitfix_sigma7.5_seed5_model5_bif_genes_decipherseed_3.h5ad,2250,250,141,4804dc9681c76805d5c33f7fd9a72b18ed0e1faa,True,0.0,40.1,0.8,0.4,0.4,0.1,decipher_models2,,42.4
model5,genes,bif,7.5,4,1,Set3 zx2,dobrb7nq,https://wandb.ai/jpark-columbia/decipher-bc-sigma-sweep/runs/dobrb7nq,0.6743374263609194,0.6453718059573168,0.4220247817546728,0.01046667154878378,0.9669409182481865,0.9612641660770034,/home/jihyunpark/decipher-bc/Simulated Data/Simulated Data Sweep Pipeline/../Sweeps and Results/shift_sigma_sweep_bifurcation/1008/trained/sweep1008_splitfix_sigma7.5_seed4_model5_bif_genes_decipherseed_1.h5ad,2250,250,209,4804dc9681c76805d5c33f7fd9a72b18ed0e1faa,True,0.0,58.3,0.9,0.3,0.4,0.1,decipher_models2,,451.7
model5,genes,bif,7.5,4,2,Set3 zx2,idlk3zmj,https://wandb.ai/jpark-columbia/decipher-bc-sigma-sweep/runs/idlk3zmj,0.6939976700952367,0.5637949225684987,0.47660155195412046,0.04903290793299675,0.9703843638415219,0.9636500690065704,/home/jihyunpark/decipher-bc/Simulated Data/Simulated Data Sweep Pipeline/../Sweeps and Results/shift_sigma_sweep_bifurcation/1008/trained/sweep1008_splitfix_sigma7.5_seed4_model5_bif_genes_decipherseed_2.h5ad,2250,250,233,4804dc9681c76805d5c33f7fd9a72b18ed0e1faa,True,0.0,63.3,1.2,0.4,0.4,0.1,decipher_models2,,285.5
model5,genes,bif,10.0,4,1,Set3 zx2,v8b7oib9,https://wandb.ai/jpark-columbia/decipher-bc-sigma-sweep/runs/v8b7oib9,0.6147137245764213,0.4571574847642654,0.32744932563857626,0.0014204869512468576,0.9680334395339316,0.9645252245545318,/home/jihyunpark/decipher-bc/Simulated Data/Simulated Data Sweep Pipeline/../Sweeps and Results/shift_sigma_sweep_bifurcation/1008/trained/sweep1008_splitfix_sigma10.0_seed4_model5_bif_genes_decipherseed_1.h5ad,2250,250,175,4804dc9681c76805d5c33f7fd9a72b18ed0e1faa,True,0.0,48.7,0.8,0.3,0.4,0.1,decipher_models2,,51.1
model5,genes,bif,10.0,4,2,Set3 zx2,6ro7ucgh,https://wandb.ai/jpark-columbia/decipher-bc-sigma-sweep/runs/6ro7ucgh,0.861969288460115,0.8032308480218084,0.7925686675846566,0.00728997215628624,0.9724665281113984,0.9671853315665677,/home/jihyunpark/decipher-bc/Simulated Data/Simulated Data Sweep Pipeline/../Sweeps and Results/shift_sigma_sweep_bifurcation/1008/trained/sweep1008_splitfix_sigma10.0_seed4_model5_bif_genes_decipherseed_2.h5ad,2250,250,202,4804dc9681c76805d5c33f7fd9a72b18ed0e1faa,True,0.0,55.4,0.9,0.3,0.4,0.1,decipher_models2,,57.7
model5,genes,bif,10.0,3,3,Set3 zx2,lzrhddfq,https://wandb.ai/jpark-columbia/decipher-bc-sigma-sweep/runs/lzrhddfq,0.7560233311056472,0.6674208287848571,0.6076893616925904,0.044305115938186646,0.9603854933186282,0.9502919644828615,/home/jihyunpark/decipher-bc/Simulated Data/Simulated Data Sweep Pipeline/../Sweeps and Results/shift_sigma_sweep_bifurcation/1008/trained/sweep1008_splitfix_sigma10.0_seed3_model5_bif_genes_decipherseed_3.h5ad,2250,250,217,4804dc9681c76805d5c33f7fd9a72b18ed0e1faa,True,0.0,61.4,0.8,0.4,0.4,0.1,decipher_models2,,279.3
model5,genes,bif,10.0,3,1,Set3 zx2,7d26j1t6,https://wandb.ai/jpark-columbia/decipher-bc-sigma-sweep/runs/7d26j1t6,0.7713514651615406,0.4738036117268404,0.6756030411560675,0.0406356118619442,0.9614894857565907,0.9504240770978547,/home/jihyunpark/decipher-bc/Simulated Data/Simulated Data Sweep Pipeline/../Sweeps and Results/shift_sigma_sweep_bifurcation/1008/trained/sweep1008_splitfix_sigma10.0_seed3_model5_bif_genes_decipherseed_1.h5ad,2250,250,238,4804dc9681c76805d5c33f7fd9a72b18ed0e1faa,True,0.0,65.3,1.2,0.4,0.4,0.1,decipher_models2,,279.7
model5,genes,bif,7.5,5,1,Set3 zx2,u4dfuc71,https://wandb.ai/jpark-columbia/decipher-bc-sigma-sweep/runs/u4dfuc71,0.7514579600775063,0.4280324322645753,0.6735019032202517,0.010534591972827911,0.9660903017375883,0.9621450011335672,/home/jihyunpark/decipher-bc/Simulated Data/Simulated Data Sweep Pipeline/../Sweeps and Results/shift_sigma_sweep_bifurcation/1008/trained/sweep1008_splitfix_sigma7.5_seed5_model5_bif_genes_decipherseed_1.h5ad,2250,250,174,4804dc9681c76805d5c33f7fd9a72b18ed0e1faa,True,0.0,47.8,0.8,0.3,0.4,0.1,decipher_models2,,279.4
model5,genes,bif,5.0,5,1,Set3 zx2,sgyuyvms,https://wandb.ai/jpark-columbia/decipher-bc-sigma-sweep/runs/sgyuyvms,0.6878455201467736,0.44671806597355845,0.6739241246154939,0.10361140221357346,0.9628130303136945,0.9534490976187965,/home/jihyunpark/decipher-bc/Simulated Data/Simulated Data Sweep Pipeline/../Sweeps and Results/shift_sigma_sweep_bifurcation/1008/trained/sweep1008_splitfix_sigma5.0_seed5_model5_bif_genes_decipherseed_1.h5ad,2250,250,230,4804dc9681c76805d5c33f7fd9a72b18ed0e1faa,True,0.0,65.8,0.8,0.3,0.5,0.1,decipher_models2,,1124.2
model5,genes,bif,5.0,5,3,Set3 zx2,4pirb1vg,https://wandb.ai/jpark-columbia/decipher-bc-sigma-sweep/runs/4pirb1vg,0.6041212417975453,0.5212820338947028,0.5562076236637468,0.043199572712183,0.9629144360615749,0.9538972605865031,/home/jihyunpark/decipher-bc/Simulated Data/Simulated Data Sweep Pipeline/../Sweeps and Results/shift_sigma_sweep_bifurcation/1008/trained/sweep1008_splitfix_sigma5.0_seed5_model5_bif_genes_decipherseed_3.h5ad,2250,250,193,4804dc9681c76805d5c33f7fd9a72b18ed0e1faa,True,0.1,54.1,0.8,0.4,0.5,0.1,decipher_models2,,1129.2
model5,genes,bif,10.0,5,3,Set3 zx2,af08ssmy,https://wandb.ai/jpark-columbia/decipher-bc-sigma-sweep/runs/af08ssmy,0.5923462640063332,0.39483263453710987,0.3733561651475045,0.0005839741788804531,0.9689415095394686,0.9669824981409986,/home/jihyunpark/decipher-bc/Simulated Data/Simulated Data Sweep Pipeline/../Sweeps and Results/shift_sigma_sweep_bifurcation/1008/trained/sweep1008_splitfix_sigma10.0_seed5_model5_bif_genes_decipherseed_3.h5ad,2250,250,140,4804dc9681c76805d5c33f7fd9a72b18ed0e1faa,True,0.0,38.8,0.8,0.4,0.4,0.1,decipher_models2,,41.1
model5,genes,bif,10.0,4,3,Set3 zx2,u9gmeyi6,https://wandb.ai/jpark-columbia/decipher-bc-sigma-sweep/runs/u9gmeyi6,0.4607912900423781,0.4572699164816796,0.14236033414400537,0.0012681110529229045,0.9675297989921904,0.9636273705460241,/home/jihyunpark/decipher-bc/Simulated Data/Simulated Data Sweep Pipeline/../Sweeps and Results/shift_sigma_sweep_bifurcation/1008/trained/sweep1008_splitfix_sigma10.0_seed4_model5_bif_genes_decipherseed_3.h5ad,2250,250,168,4804dc9681c76805d5c33f7fd9a72b18ed0e1faa,True,0.0,46.5,0.8,0.4,0.4,0.1,decipher_models2,,48.7
model5,genes,bif,10.0,3,2,Set3 zx2,vst189pt,https://wandb.ai/jpark-columbia/decipher-bc-sigma-sweep/runs/vst189pt,0.8978641767339186,0.8113668114980908,0.8212834399924333,0.019153347238898277,0.960223718325482,0.9487645151035214,/home/jihyunpark/decipher-bc/Simulated Data/Simulated Data Sweep Pipeline/../Sweeps and Results/shift_sigma_sweep_bifurcation/1008/trained/sweep1008_splitfix_sigma10.0_seed3_model5_bif_genes_decipherseed_2.h5ad,2250,250,165,4804dc9681c76805d5c33f7fd9a72b18ed0e1faa,True,0.0,44.7,1.3,0.3,0.4,0.1,decipher_models2,,589.8
model5,genes,bif,10.0,5,2,Set3 zx2,log8ujl9,https://wandb.ai/jpark-columbia/decipher-bc-sigma-sweep/runs/log8ujl9,0.527314431047631,0.22207473731065203,0.216673609225596,0.000283613073406741,0.9681058664553146,0.9661333707911608,/home/jihyunpark/decipher-bc/Simulated Data/Simulated Data Sweep Pipeline/../Sweeps and Results/shift_sigma_sweep_bifurcation/1008/trained/sweep1008_splitfix_sigma10.0_seed5_model5_bif_genes_decipherseed_2.h5ad,2250,250,129,4804dc9681c76805d5c33f7fd9a72b18ed0e1faa,True,0.0,36.2,0.8,0.5,0.4,0.1,decipher_models2,,68.2
model5,genes,bif,10.0,5,1,Set3 zx2,1a7qmkq3,https://wandb.ai/jpark-columbia/decipher-bc-sigma-sweep/runs/1a7qmkq3,0.3079902087053527,0.25454362248254436,0.04099740614650158,0.00018693662423174828,0.9702257086713786,0.9679627961815456,/home/jihyunpark/decipher-bc/Simulated Data/Simulated Data Sweep Pipeline/../Sweeps and Results/shift_sigma_sweep_bifurcation/1008/trained/sweep1008_splitfix_sigma10.0_seed5_model5_bif_genes_decipherseed_1.h5ad,2250,250,179,4804dc9681c76805d5c33f7fd9a72b18ed0e1faa,True,0.0,48.5,0.8,0.4,0.4,0.1,decipher_models2,,426.4
