model,batch_mode,bifurcation,shift_sigma,seed,decipher_seed,arm,wandb_run_id,wandb_url,rho,rho_plus,rho_minus,branch_asw,r2_overall,r2_per_gene_median,trained_h5ad,error,seconds
native,genes,bif,0.1,4,1,Base Decipher (genes),fzktzyru,https://wandb.ai/jpark-columbia/decipher-bc-sigma-sweep/runs/fzktzyru,0.9845123954013557,0.9763006514596924,0.9805696189181152,0.45849910378456116,0.8714684419274885,0.77518097697749,/home/jihyunpark/decipher-bc/Simulated Data/Simulated Data Sweep Pipeline/../Sweeps and Results/shift_sigma_sweep_bifurcation/1008/trained/sweep1008_control_sigma0.1_seed4_native_bif_genes_decipherseed_1.h5ad,,156.9
native,genes,bif,0.1,4,2,Base Decipher (genes),xcz64klg,https://wandb.ai/jpark-columbia/decipher-bc-sigma-sweep/runs/xcz64klg,0.9827760368699505,0.9745740952224149,0.9753700304098509,0.47842228412628174,0.8722974659355358,0.7730383945329833,/home/jihyunpark/decipher-bc/Simulated Data/Simulated Data Sweep Pipeline/../Sweeps and Results/shift_sigma_sweep_bifurcation/1008/trained/sweep1008_control_sigma0.1_seed4_native_bif_genes_decipherseed_2.h5ad,,161.3
native,genes,bif,0.1,5,1,Base Decipher (genes),s7y41mlj,https://wandb.ai/jpark-columbia/decipher-bc-sigma-sweep/runs/s7y41mlj,0.9548973330567762,0.9501009794684016,0.9705090924357608,0.42099976539611816,0.8596887277445795,0.7511391041221185,/home/jihyunpark/decipher-bc/Simulated Data/Simulated Data Sweep Pipeline/../Sweeps and Results/shift_sigma_sweep_bifurcation/1008/trained/sweep1008_control_sigma0.1_seed5_native_bif_genes_decipherseed_1.h5ad,,162.3
native,genes,bif,0.1,5,2,Base Decipher (genes),w3hh4tbm,https://wandb.ai/jpark-columbia/decipher-bc-sigma-sweep/runs/w3hh4tbm,0.980558494422175,0.9696183394675993,0.9687669617582229,0.37661120295524597,0.8605137407956581,0.7516907710550449,/home/jihyunpark/decipher-bc/Simulated Data/Simulated Data Sweep Pipeline/../Sweeps and Results/shift_sigma_sweep_bifurcation/1008/trained/sweep1008_control_sigma0.1_seed5_native_bif_genes_decipherseed_2.h5ad,,175.0
native,genes,bif,0.1,4,3,Base Decipher (genes),lu65n8tc,https://wandb.ai/jpark-columbia/decipher-bc-sigma-sweep/runs/lu65n8tc,0.9646482214094799,0.9690690553777098,0.9780907092397283,0.488113135099411,0.8729458080383661,0.7767979151250656,/home/jihyunpark/decipher-bc/Simulated Data/Simulated Data Sweep Pipeline/../Sweeps and Results/shift_sigma_sweep_bifurcation/1008/trained/sweep1008_control_sigma0.1_seed4_native_bif_genes_decipherseed_3.h5ad,,176.1
native,genes,bif,0.1,3,3,Base Decipher (genes),9jj9gpe9,https://wandb.ai/jpark-columbia/decipher-bc-sigma-sweep/runs/9jj9gpe9,0.9956226089282421,0.9922772243798738,0.9939470506294521,0.49052390456199646,0.9443582282757036,0.899728928637705,/home/jihyunpark/decipher-bc/Simulated Data/Simulated Data Sweep Pipeline/../Sweeps and Results/shift_sigma_sweep_bifurcation/1008/trained/sweep1008_control_sigma0.1_seed3_native_bif_genes_decipherseed_3.h5ad,,191.6
native,genes,bif,0.1,3,2,Base Decipher (genes),9l13ub2m,https://wandb.ai/jpark-columbia/decipher-bc-sigma-sweep/runs/9l13ub2m,0.9958037680135925,0.9929211205689951,0.9940082650154313,0.48916417360305786,0.9454977283445873,0.9000922828365826,/home/jihyunpark/decipher-bc/Simulated Data/Simulated Data Sweep Pipeline/../Sweeps and Results/shift_sigma_sweep_bifurcation/1008/trained/sweep1008_control_sigma0.1_seed3_native_bif_genes_decipherseed_2.h5ad,,197.3
native,genes,bif,0.1,3,1,Base Decipher (genes),ki7dnvkz,https://wandb.ai/jpark-columbia/decipher-bc-sigma-sweep/runs/ki7dnvkz,0.9918606328603233,0.9929595047111655,0.9940951324339851,0.49358874559402466,0.9467234554296051,0.9029605741797782,/home/jihyunpark/decipher-bc/Simulated Data/Simulated Data Sweep Pipeline/../Sweeps and Results/shift_sigma_sweep_bifurcation/1008/trained/sweep1008_control_sigma0.1_seed3_native_bif_genes_decipherseed_1.h5ad,,207.6
native,genes,bif,0.1,5,3,Base Decipher (genes),e8luxdn3,https://wandb.ai/jpark-columbia/decipher-bc-sigma-sweep/runs/e8luxdn3,0.9737743061548746,0.9570634277525001,0.951944392144325,0.07776035368442535,0.8580992184735942,0.7536836365480956,/home/jihyunpark/decipher-bc/Simulated Data/Simulated Data Sweep Pipeline/../Sweeps and Results/shift_sigma_sweep_bifurcation/1008/trained/sweep1008_control_sigma0.1_seed5_native_bif_genes_decipherseed_3.h5ad,,103.5
native,genes,bif,0.5,3,2,Base Decipher (genes),j557nc8f,https://wandb.ai/jpark-columbia/decipher-bc-sigma-sweep/runs/j557nc8f,0.986401037989799,0.992467135920822,0.9915347884412747,0.45260101556777954,0.8759430922190344,0.8034607504870301,/home/jihyunpark/decipher-bc/Simulated Data/Simulated Data Sweep Pipeline/../Sweeps and Results/shift_sigma_sweep_bifurcation/1008/trained/sweep1008_control_sigma0.5_seed3_native_bif_genes_decipherseed_2.h5ad,,127.6
native,genes,bif,0.5,3,1,Base Decipher (genes),rrip9t13,https://wandb.ai/jpark-columbia/decipher-bc-sigma-sweep/runs/rrip9t13,0.9765373537624601,0.9643664138880633,0.9750978858334736,0.46599268913269043,0.8895030321938105,0.8218310615908966,/home/jihyunpark/decipher-bc/Simulated Data/Simulated Data Sweep Pipeline/../Sweeps and Results/shift_sigma_sweep_bifurcation/1008/trained/sweep1008_control_sigma0.5_seed3_native_bif_genes_decipherseed_1.h5ad,,137.2
native,genes,bif,0.5,4,1,Base Decipher (genes),ceqber4u,https://wandb.ai/jpark-columbia/decipher-bc-sigma-sweep/runs/ceqber4u,0.9429251277674269,0.8363174984613393,0.9302963648178134,0.2761073410511017,0.779986803445753,0.646814779649272,/home/jihyunpark/decipher-bc/Simulated Data/Simulated Data Sweep Pipeline/../Sweeps and Results/shift_sigma_sweep_bifurcation/1008/trained/sweep1008_control_sigma0.5_seed4_native_bif_genes_decipherseed_1.h5ad,,126.6
native,genes,bif,0.5,3,3,Base Decipher (genes),e3237clf,https://wandb.ai/jpark-columbia/decipher-bc-sigma-sweep/runs/e3237clf,0.9917076677790797,0.9933218669254865,0.9927989265257949,0.5250163674354553,0.8767499955516284,0.8031932808810498,/home/jihyunpark/decipher-bc/Simulated Data/Simulated Data Sweep Pipeline/../Sweeps and Results/shift_sigma_sweep_bifurcation/1008/trained/sweep1008_control_sigma0.5_seed3_native_bif_genes_decipherseed_3.h5ad,,130.6
native,genes,bif,0.5,4,3,Base Decipher (genes),e8fdf7ad,https://wandb.ai/jpark-columbia/decipher-bc-sigma-sweep/runs/e8fdf7ad,0.9592102826609158,0.9292927460038054,0.9660905993459337,0.4702988266944885,0.7774739380167927,0.6124516650836156,/home/jihyunpark/decipher-bc/Simulated Data/Simulated Data Sweep Pipeline/../Sweeps and Results/shift_sigma_sweep_bifurcation/1008/trained/sweep1008_control_sigma0.5_seed4_native_bif_genes_decipherseed_3.h5ad,,130.5
native,genes,bif,0.5,4,2,Base Decipher (genes),p2ywwi14,https://wandb.ai/jpark-columbia/decipher-bc-sigma-sweep/runs/p2ywwi14,0.9518524201435008,0.94549008451143,0.9543698345410117,0.4992939829826355,0.7778709796431138,0.6399739813374962,/home/jihyunpark/decipher-bc/Simulated Data/Simulated Data Sweep Pipeline/../Sweeps and Results/shift_sigma_sweep_bifurcation/1008/trained/sweep1008_control_sigma0.5_seed4_native_bif_genes_decipherseed_2.h5ad,,121.8
native,genes,bif,0.5,5,2,Base Decipher (genes),,,0.9603653569051845,0.9227326025249164,0.9551863352606176,0.4761710464954376,0.7581104002093269,0.6360351438489809,/home/jihyunpark/decipher-bc/Simulated Data/Simulated Data Sweep Pipeline/../Sweeps and Results/shift_sigma_sweep_bifurcation/1008/trained/sweep1008_control_sigma0.5_seed5_native_bif_genes_decipherseed_2.h5ad,,97.7
native,genes,bif,0.5,5,1,Base Decipher (genes),nlfzm5sa,https://wandb.ai/jpark-columbia/decipher-bc-sigma-sweep/runs/nlfzm5sa,0.963060287709264,0.9330391007996276,0.9457627096543862,0.30043768882751465,0.7576271262471942,0.6036528056400491,/home/jihyunpark/decipher-bc/Simulated Data/Simulated Data Sweep Pipeline/../Sweeps and Results/shift_sigma_sweep_bifurcation/1008/trained/sweep1008_control_sigma0.5_seed5_native_bif_genes_decipherseed_1.h5ad,,341.9
native,genes,bif,1.0,3,3,Base Decipher (genes),9mjs3n2d,https://wandb.ai/jpark-columbia/decipher-bc-sigma-sweep/runs/9mjs3n2d,0.9750421588311284,0.9837614744307185,0.9729348532943226,0.4729417562484741,0.8012471989797849,0.7008522358840563,/home/jihyunpark/decipher-bc/Simulated Data/Simulated Data Sweep Pipeline/../Sweeps and Results/shift_sigma_sweep_bifurcation/1008/trained/sweep1008_control_sigma1.0_seed3_native_bif_genes_decipherseed_3.h5ad,,342.1
native,genes,bif,1.0,4,3,Base Decipher (genes),vhiafmuh,https://wandb.ai/jpark-columbia/decipher-bc-sigma-sweep/runs/vhiafmuh,0.8502654945804802,0.8620151892354737,0.7252151675007561,0.21754688024520874,0.651890470218784,0.4862538786744663,/home/jihyunpark/decipher-bc/Simulated Data/Simulated Data Sweep Pipeline/../Sweeps and Results/shift_sigma_sweep_bifurcation/1008/trained/sweep1008_control_sigma1.0_seed4_native_bif_genes_decipherseed_3.h5ad,,119.8
native,genes,bif,1.0,5,2,Base Decipher (genes),anh97ut2,https://wandb.ai/jpark-columbia/decipher-bc-sigma-sweep/runs/anh97ut2,0.8534519004012087,0.8474289457034129,0.8198727477187304,0.3219754993915558,0.6428814708432627,0.5008529505409,/home/jihyunpark/decipher-bc/Simulated Data/Simulated Data Sweep Pipeline/../Sweeps and Results/shift_sigma_sweep_bifurcation/1008/trained/sweep1008_control_sigma1.0_seed5_native_bif_genes_decipherseed_2.h5ad,,157.0
native,genes,bif,0.5,5,3,Base Decipher (genes),884nxa5h,https://wandb.ai/jpark-columbia/decipher-bc-sigma-sweep/runs/884nxa5h,0.8888737227206941,0.8620117021328401,0.9573407046680823,0.4217289090156555,0.7516893626913067,0.6268087733191995,/home/jihyunpark/decipher-bc/Simulated Data/Simulated Data Sweep Pipeline/../Sweeps and Results/shift_sigma_sweep_bifurcation/1008/trained/sweep1008_control_sigma0.5_seed5_native_bif_genes_decipherseed_3.h5ad,,571.3
native,genes,bif,1.0,4,2,Base Decipher (genes),,,0.8855923923772768,0.8207977407545123,0.8571161560555217,0.3559674620628357,0.6570450493718052,0.497651642142361,/home/jihyunpark/decipher-bc/Simulated Data/Simulated Data Sweep Pipeline/../Sweeps and Results/shift_sigma_sweep_bifurcation/1008/trained/sweep1008_control_sigma1.0_seed4_native_bif_genes_decipherseed_2.h5ad,,102.8
native,genes,bif,1.0,4,1,Base Decipher (genes),,,0.9442867861519916,0.8422254626784603,0.923212689636755,0.05486210435628891,0.6597103256689322,0.5304952338366362,/home/jihyunpark/decipher-bc/Simulated Data/Simulated Data Sweep Pipeline/../Sweeps and Results/shift_sigma_sweep_bifurcation/1008/trained/sweep1008_control_sigma1.0_seed4_native_bif_genes_decipherseed_1.h5ad,,109.8
native,genes,bif,1.0,3,1,Base Decipher (genes),wzjrw0sr,https://wandb.ai/jpark-columbia/decipher-bc-sigma-sweep/runs/wzjrw0sr,0.9382597314861268,0.9628093031564036,0.9656864259668393,0.5084961652755737,0.8022210410195989,0.7162579261726235,/home/jihyunpark/decipher-bc/Simulated Data/Simulated Data Sweep Pipeline/../Sweeps and Results/shift_sigma_sweep_bifurcation/1008/trained/sweep1008_control_sigma1.0_seed3_native_bif_genes_decipherseed_1.h5ad,,574.4
native,genes,bif,2.0,3,1,Base Decipher (genes),9khc9n6l,https://wandb.ai/jpark-columbia/decipher-bc-sigma-sweep/runs/9khc9n6l,0.9197935532782818,0.8973188302361583,0.9103633014069367,0.45266810059547424,0.6480688575937279,0.5015857849296059,/home/jihyunpark/decipher-bc/Simulated Data/Simulated Data Sweep Pipeline/../Sweeps and Results/shift_sigma_sweep_bifurcation/1008/trained/sweep1008_control_sigma2.0_seed3_native_bif_genes_decipherseed_1.h5ad,,118.8
native,genes,bif,1.0,5,3,Base Decipher (genes),hj4zig6n,https://wandb.ai/jpark-columbia/decipher-bc-sigma-sweep/runs/hj4zig6n,0.7872715645555276,0.8187540265493228,0.5428999278055289,0.16197821497917175,0.645152270772211,0.5000187949730338,/home/jihyunpark/decipher-bc/Simulated Data/Simulated Data Sweep Pipeline/../Sweeps and Results/shift_sigma_sweep_bifurcation/1008/trained/sweep1008_control_sigma1.0_seed5_native_bif_genes_decipherseed_3.h5ad,,106.4
native,genes,bif,1.0,5,1,Base Decipher (genes),6whwok5q,https://wandb.ai/jpark-columbia/decipher-bc-sigma-sweep/runs/6whwok5q,0.7582613310448922,0.5306796676579946,0.7241209009447359,0.18815308809280396,0.6478149518399946,0.5015412989393837,/home/jihyunpark/decipher-bc/Simulated Data/Simulated Data Sweep Pipeline/../Sweeps and Results/shift_sigma_sweep_bifurcation/1008/trained/sweep1008_control_sigma1.0_seed5_native_bif_genes_decipherseed_1.h5ad,,135.2
native,genes,bif,2.0,4,1,Base Decipher (genes),q26gp9oi,https://wandb.ai/jpark-columbia/decipher-bc-sigma-sweep/runs/q26gp9oi,0.5024028711432176,0.5738295758295601,0.21612216159862765,0.006719390861690044,0.6745076206802337,0.5389640113346232,/home/jihyunpark/decipher-bc/Simulated Data/Simulated Data Sweep Pipeline/../Sweeps and Results/shift_sigma_sweep_bifurcation/1008/trained/sweep1008_control_sigma2.0_seed4_native_bif_genes_decipherseed_1.h5ad,,145.3
native,genes,bif,2.0,4,2,Base Decipher (genes),bpn3sw4l,https://wandb.ai/jpark-columbia/decipher-bc-sigma-sweep/runs/bpn3sw4l,0.5456306206398417,0.45630523222918323,0.3517944059363947,0.0033278099726885557,0.6877383278335014,0.5983937250534542,/home/jihyunpark/decipher-bc/Simulated Data/Simulated Data Sweep Pipeline/../Sweeps and Results/shift_sigma_sweep_bifurcation/1008/trained/sweep1008_control_sigma2.0_seed4_native_bif_genes_decipherseed_2.h5ad,,123.4
native,genes,bif,2.0,3,2,Base Decipher (genes),n0kaqce4,https://wandb.ai/jpark-columbia/decipher-bc-sigma-sweep/runs/n0kaqce4,0.9109301560281817,0.9394755712528985,0.8424879178662956,0.38348865509033203,0.6413992264511705,0.5436789880300352,/home/jihyunpark/decipher-bc/Simulated Data/Simulated Data Sweep Pipeline/../Sweeps and Results/shift_sigma_sweep_bifurcation/1008/trained/sweep1008_control_sigma2.0_seed3_native_bif_genes_decipherseed_2.h5ad,,135.0
native,genes,bif,2.0,5,2,Base Decipher (genes),76wk1ut3,https://wandb.ai/jpark-columbia/decipher-bc-sigma-sweep/runs/76wk1ut3,0.6001923086463189,0.40810513819624167,0.396033007497928,0.0024148088414222,0.7060949500412194,0.587855315349679,/home/jihyunpark/decipher-bc/Simulated Data/Simulated Data Sweep Pipeline/../Sweeps and Results/shift_sigma_sweep_bifurcation/1008/trained/sweep1008_control_sigma2.0_seed5_native_bif_genes_decipherseed_2.h5ad,,136.3
native,genes,bif,1.0,3,2,Base Decipher (genes),ihiy0npc,https://wandb.ai/jpark-columbia/decipher-bc-sigma-sweep/runs/ihiy0npc,0.9890494799531401,0.9889053009300044,0.9845906889752224,0.5213508009910583,0.7990897346332662,0.7154952614651364,/home/jihyunpark/decipher-bc/Simulated Data/Simulated Data Sweep Pipeline/../Sweeps and Results/shift_sigma_sweep_bifurcation/1008/trained/sweep1008_control_sigma1.0_seed3_native_bif_genes_decipherseed_2.h5ad,,939.7
native,genes,bif,5.0,3,1,Base Decipher (genes),ydvby4bt,https://wandb.ai/jpark-columbia/decipher-bc-sigma-sweep/runs/ydvby4bt,0.6044010964453336,0.3994457888881446,0.46410908725378774,0.0014546762686222792,0.71276126043765,0.6493645790773739,/home/jihyunpark/decipher-bc/Simulated Data/Simulated Data Sweep Pipeline/../Sweeps and Results/shift_sigma_sweep_bifurcation/1008/trained/sweep1008_control_sigma5.0_seed3_native_bif_genes_decipherseed_1.h5ad,,120.5
native,genes,bif,2.0,5,3,Base Decipher (genes),2d5j1c3m,https://wandb.ai/jpark-columbia/decipher-bc-sigma-sweep/runs/2d5j1c3m,0.5309150189869958,0.4330717287838219,0.40647361729717263,0.0011702666524797678,0.7041447196562141,0.5969164771310997,/home/jihyunpark/decipher-bc/Simulated Data/Simulated Data Sweep Pipeline/../Sweeps and Results/shift_sigma_sweep_bifurcation/1008/trained/sweep1008_control_sigma2.0_seed5_native_bif_genes_decipherseed_3.h5ad,,134.4
native,genes,bif,5.0,3,3,Base Decipher (genes),08horsse,https://wandb.ai/jpark-columbia/decipher-bc-sigma-sweep/runs/08horsse,0.7332051368392549,0.5584980897804432,0.6799645321298913,0.0026012519374489784,0.708658415519335,0.6432322466036812,/home/jihyunpark/decipher-bc/Simulated Data/Simulated Data Sweep Pipeline/../Sweeps and Results/shift_sigma_sweep_bifurcation/1008/trained/sweep1008_control_sigma5.0_seed3_native_bif_genes_decipherseed_3.h5ad,,148.4
native,genes,bif,2.0,4,3,Base Decipher (genes),3lrngpls,https://wandb.ai/jpark-columbia/decipher-bc-sigma-sweep/runs/3lrngpls,0.48496728805819583,0.6167235402824874,0.3801993404544398,0.005282716825604439,0.6821762592691569,0.5554150383205048,/home/jihyunpark/decipher-bc/Simulated Data/Simulated Data Sweep Pipeline/../Sweeps and Results/shift_sigma_sweep_bifurcation/1008/trained/sweep1008_control_sigma2.0_seed4_native_bif_genes_decipherseed_3.h5ad,,422.6
native,genes,bif,2.0,5,1,Base Decipher (genes),50an9w1s,https://wandb.ai/jpark-columbia/decipher-bc-sigma-sweep/runs/50an9w1s,0.5564023949420405,0.4263540283461679,0.36946503672140407,0.005526932887732983,0.7029665818422131,0.6501664723395673,/home/jihyunpark/decipher-bc/Simulated Data/Simulated Data Sweep Pipeline/../Sweeps and Results/shift_sigma_sweep_bifurcation/1008/trained/sweep1008_control_sigma2.0_seed5_native_bif_genes_decipherseed_1.h5ad,,424.3
native,genes,bif,5.0,5,3,Base Decipher (genes),i4qzrb78,https://wandb.ai/jpark-columbia/decipher-bc-sigma-sweep/runs/i4qzrb78,0.25886026035140985,0.21057689687030912,0.03125112025759493,-0.00021845348237548023,0.7520842971817665,0.822167800189566,/home/jihyunpark/decipher-bc/Simulated Data/Simulated Data Sweep Pipeline/../Sweeps and Results/shift_sigma_sweep_bifurcation/1008/trained/sweep1008_control_sigma5.0_seed5_native_bif_genes_decipherseed_3.h5ad,,133.0
native,genes,bif,5.0,4,2,Base Decipher (genes),jwucvvew,https://wandb.ai/jpark-columbia/decipher-bc-sigma-sweep/runs/jwucvvew,0.42413443770539083,0.19028715730948176,0.6545102710293791,0.0026039641816169024,0.7173043323434705,0.7890957803859946,/home/jihyunpark/decipher-bc/Simulated Data/Simulated Data Sweep Pipeline/../Sweeps and Results/shift_sigma_sweep_bifurcation/1008/trained/sweep1008_control_sigma5.0_seed4_native_bif_genes_decipherseed_2.h5ad,,140.5
native,genes,bif,2.0,3,3,Base Decipher (genes),yg1yu0p2,https://wandb.ai/jpark-columbia/decipher-bc-sigma-sweep/runs/yg1yu0p2,0.7604939609707344,0.4883501910270582,0.7406096364593425,0.2520533800125122,0.657419086326891,0.5137356969017499,/home/jihyunpark/decipher-bc/Simulated Data/Simulated Data Sweep Pipeline/../Sweeps and Results/shift_sigma_sweep_bifurcation/1008/trained/sweep1008_control_sigma2.0_seed3_native_bif_genes_decipherseed_3.h5ad,,744.9
native,genes,bif,5.0,3,2,Base Decipher (genes),lbz15s8f,https://wandb.ai/jpark-columbia/decipher-bc-sigma-sweep/runs/lbz15s8f,0.575026542640073,0.35124319327236825,0.2803744913789416,0.0003900220908690244,0.7094783549662484,0.6663270508297463,/home/jihyunpark/decipher-bc/Simulated Data/Simulated Data Sweep Pipeline/../Sweeps and Results/shift_sigma_sweep_bifurcation/1008/trained/sweep1008_control_sigma5.0_seed3_native_bif_genes_decipherseed_2.h5ad,,588.1
native,genes,bif,7.5,3,2,Base Decipher (genes),9kffqbqk,https://wandb.ai/jpark-columbia/decipher-bc-sigma-sweep/runs/9kffqbqk,0.4481289644468676,0.17254531839395632,0.6563653502642366,0.005204296205192804,0.7132774127483046,0.7418260313429479,/home/jihyunpark/decipher-bc/Simulated Data/Simulated Data Sweep Pipeline/../Sweeps and Results/shift_sigma_sweep_bifurcation/1008/trained/sweep1008_control_sigma7.5_seed3_native_bif_genes_decipherseed_2.h5ad,,122.1
native,genes,bif,5.0,5,1,Base Decipher (genes),e3arkt7j,https://wandb.ai/jpark-columbia/decipher-bc-sigma-sweep/runs/e3arkt7j,0.3468368860642126,0.16772367252087433,0.334006353419503,0.0005079958937130868,0.7508955159101668,0.8144618646881179,/home/jihyunpark/decipher-bc/Simulated Data/Simulated Data Sweep Pipeline/../Sweeps and Results/shift_sigma_sweep_bifurcation/1008/trained/sweep1008_control_sigma5.0_seed5_native_bif_genes_decipherseed_1.h5ad,,277.3
native,genes,bif,5.0,5,2,Base Decipher (genes),47vlcagj,https://wandb.ai/jpark-columbia/decipher-bc-sigma-sweep/runs/47vlcagj,0.4441507031070418,0.39973105616094073,0.28996885836040676,-0.00048546199104748666,0.754368777916888,0.8019732558830021,/home/jihyunpark/decipher-bc/Simulated Data/Simulated Data Sweep Pipeline/../Sweeps and Results/shift_sigma_sweep_bifurcation/1008/trained/sweep1008_control_sigma5.0_seed5_native_bif_genes_decipherseed_2.h5ad,,279.4
native,genes,bif,5.0,4,1,Base Decipher (genes),z9r4n4k4,https://wandb.ai/jpark-columbia/decipher-bc-sigma-sweep/runs/z9r4n4k4,0.4089316651743276,0.39061308249191456,0.1782502819838229,0.0009446032927371562,0.7315727504164076,0.8010423297886264,/home/jihyunpark/decipher-bc/Simulated Data/Simulated Data Sweep Pipeline/../Sweeps and Results/shift_sigma_sweep_bifurcation/1008/trained/sweep1008_control_sigma5.0_seed4_native_bif_genes_decipherseed_1.h5ad,,739.4
native,genes,bif,7.5,3,3,Base Decipher (genes),vonxt2g0,https://wandb.ai/jpark-columbia/decipher-bc-sigma-sweep/runs/vonxt2g0,0.5875034929008149,0.3797480864995489,0.41337993204369883,0.0004546710115391761,0.7244397204354794,0.7544618719895553,/home/jihyunpark/decipher-bc/Simulated Data/Simulated Data Sweep Pipeline/../Sweeps and Results/shift_sigma_sweep_bifurcation/1008/trained/sweep1008_control_sigma7.5_seed3_native_bif_genes_decipherseed_3.h5ad,,128.7
native,genes,bif,5.0,4,3,Base Decipher (genes),xsw9mjqk,https://wandb.ai/jpark-columbia/decipher-bc-sigma-sweep/runs/xsw9mjqk,0.40168274810412985,0.14693539832259492,0.360405459807301,0.000955411116592586,0.731438976466761,0.8038702742315114,/home/jihyunpark/decipher-bc/Simulated Data/Simulated Data Sweep Pipeline/../Sweeps and Results/shift_sigma_sweep_bifurcation/1008/trained/sweep1008_control_sigma5.0_seed4_native_bif_genes_decipherseed_3.h5ad,,575.3
native,genes,bif,7.5,5,2,Base Decipher (genes),4ah6xjk5,https://wandb.ai/jpark-columbia/decipher-bc-sigma-sweep/runs/4ah6xjk5,0.19612306818102504,0.05949188338528359,0.03688721792969324,0.00018479404388926923,0.7593829905148279,0.8667508072369388,/home/jihyunpark/decipher-bc/Simulated Data/Simulated Data Sweep Pipeline/../Sweeps and Results/shift_sigma_sweep_bifurcation/1008/trained/sweep1008_control_sigma7.5_seed5_native_bif_genes_decipherseed_2.h5ad,,96.9
native,genes,bif,7.5,5,1,Base Decipher (genes),6lczkhif,https://wandb.ai/jpark-columbia/decipher-bc-sigma-sweep/runs/6lczkhif,0.2638645575981858,0.07767490074534034,0.20471351864733733,-0.00016954902093857527,0.7571510813325224,0.8629611497405223,/home/jihyunpark/decipher-bc/Simulated Data/Simulated Data Sweep Pipeline/../Sweeps and Results/shift_sigma_sweep_bifurcation/1008/trained/sweep1008_control_sigma7.5_seed5_native_bif_genes_decipherseed_1.h5ad,,420.2
native,genes,bif,10.0,3,1,Base Decipher (genes),byu3zpyd,https://wandb.ai/jpark-columbia/decipher-bc-sigma-sweep/runs/byu3zpyd,0.3754852235709636,0.11077187771737378,0.1598620685109825,0.0012953163823112845,0.7306032916172873,0.8060091934504503,/home/jihyunpark/decipher-bc/Simulated Data/Simulated Data Sweep Pipeline/../Sweeps and Results/shift_sigma_sweep_bifurcation/1008/trained/sweep1008_control_sigma10.0_seed3_native_bif_genes_decipherseed_1.h5ad,,272.8
native,genes,bif,10.0,3,3,Base Decipher (genes),yt4jwksw,https://wandb.ai/jpark-columbia/decipher-bc-sigma-sweep/runs/yt4jwksw,0.47828160987051277,0.02848708705836762,0.357545399963717,0.0010773607064038515,0.7358711285570072,0.7944244741645475,/home/jihyunpark/decipher-bc/Simulated Data/Simulated Data Sweep Pipeline/../Sweeps and Results/shift_sigma_sweep_bifurcation/1008/trained/sweep1008_control_sigma10.0_seed3_native_bif_genes_decipherseed_3.h5ad,,74.7
native,genes,bif,7.5,4,1,Base Decipher (genes),vazhl3oh,https://wandb.ai/jpark-columbia/decipher-bc-sigma-sweep/runs/vazhl3oh,0.23869549854724775,0.18047467434003495,0.3667936533888523,0.0006575364386662841,0.7369894197038446,0.8516978723660078,/home/jihyunpark/decipher-bc/Simulated Data/Simulated Data Sweep Pipeline/../Sweeps and Results/shift_sigma_sweep_bifurcation/1008/trained/sweep1008_control_sigma7.5_seed4_native_bif_genes_decipherseed_1.h5ad,,418.1
native,genes,bif,7.5,4,3,Base Decipher (genes),mgha4i3u,https://wandb.ai/jpark-columbia/decipher-bc-sigma-sweep/runs/mgha4i3u,0.24535741926635576,0.14188519290114615,0.570199054439885,0.00017254857812076807,0.7362677660484426,0.8474668392115816,/home/jihyunpark/decipher-bc/Simulated Data/Simulated Data Sweep Pipeline/../Sweeps and Results/shift_sigma_sweep_bifurcation/1008/trained/sweep1008_control_sigma7.5_seed4_native_bif_genes_decipherseed_3.h5ad,,574.8
native,genes,bif,7.5,5,3,Base Decipher (genes),,,0.21581606475426848,0.04225003369299309,0.15069648310303482,-5.5818018154241145e-05,0.7586530491885723,0.8659582144684306,/home/jihyunpark/decipher-bc/Simulated Data/Simulated Data Sweep Pipeline/../Sweeps and Results/shift_sigma_sweep_bifurcation/1008/trained/sweep1008_control_sigma7.5_seed5_native_bif_genes_decipherseed_3.h5ad,,86.7
native,genes,bif,10.0,4,1,Base Decipher (genes),0fluv5a8,https://wandb.ai/jpark-columbia/decipher-bc-sigma-sweep/runs/0fluv5a8,0.26857088977615406,0.17082715820375208,0.40075052946747136,0.000468085752800107,0.7191520245658078,0.8625995547567715,/home/jihyunpark/decipher-bc/Simulated Data/Simulated Data Sweep Pipeline/../Sweeps and Results/shift_sigma_sweep_bifurcation/1008/trained/sweep1008_control_sigma10.0_seed4_native_bif_genes_decipherseed_1.h5ad,,75.6
native,genes,bif,10.0,5,3,Base Decipher (genes),tim6n48s,https://wandb.ai/jpark-columbia/decipher-bc-sigma-sweep/runs/tim6n48s,0.20947038259035525,0.03365032243006713,0.23062156540603324,-0.00021892304357606918,0.7600640813752297,0.8877062663368469,/home/jihyunpark/decipher-bc/Simulated Data/Simulated Data Sweep Pipeline/../Sweeps and Results/shift_sigma_sweep_bifurcation/1008/trained/sweep1008_control_sigma10.0_seed5_native_bif_genes_decipherseed_3.h5ad,,106.3
native,genes,bif,10.0,4,3,Base Decipher (genes),bpwbbnw0,https://wandb.ai/jpark-columbia/decipher-bc-sigma-sweep/runs/bpwbbnw0,0.37298236288352354,0.28775444364858294,0.23357065103586533,0.00036850562901236117,0.7376112272056824,0.8663665880301793,/home/jihyunpark/decipher-bc/Simulated Data/Simulated Data Sweep Pipeline/../Sweeps and Results/shift_sigma_sweep_bifurcation/1008/trained/sweep1008_control_sigma10.0_seed4_native_bif_genes_decipherseed_3.h5ad,,91.9
native,genes,bif,10.0,3,2,Base Decipher (genes),mfk9htn6,https://wandb.ai/jpark-columbia/decipher-bc-sigma-sweep/runs/mfk9htn6,0.4848908375530841,0.4002272828485708,0.358807241561122,8.265251381089911e-05,0.7293147672120928,0.8062933862171009,/home/jihyunpark/decipher-bc/Simulated Data/Simulated Data Sweep Pipeline/../Sweeps and Results/shift_sigma_sweep_bifurcation/1008/trained/sweep1008_control_sigma10.0_seed3_native_bif_genes_decipherseed_2.h5ad,,484.8
model5,genes,bif,0.1,3,1,Set3 zx2,gssw8n2l,https://wandb.ai/jpark-columbia/decipher-bc-sigma-sweep/runs/gssw8n2l,0.99027885343003,0.9920967600461762,0.9938956501338304,0.5329097509384155,0.950168581258277,0.9096422752826452,/home/jihyunpark/decipher-bc/Simulated Data/Simulated Data Sweep Pipeline/../Sweeps and Results/shift_sigma_sweep_bifurcation/1008/trained/sweep1008_control_sigma0.1_seed3_model5_bif_genes_decipherseed_1.h5ad,,103.9
native,genes,bif,10.0,5,1,Base Decipher (genes),5drn26sq,https://wandb.ai/jpark-columbia/decipher-bc-sigma-sweep/runs/5drn26sq,0.30099723060170414,0.1658766391611762,0.18400097462933823,0.00035004725214093924,0.7588040889789108,0.8909060243079953,/home/jihyunpark/decipher-bc/Simulated Data/Simulated Data Sweep Pipeline/../Sweeps and Results/shift_sigma_sweep_bifurcation/1008/trained/sweep1008_control_sigma10.0_seed5_native_bif_genes_decipherseed_1.h5ad,,275.8
native,genes,bif,10.0,5,2,Base Decipher (genes),,,0.31294151541232296,0.07356257641373365,0.021473966200355323,-0.0004024794325232506,0.7620661845695532,0.8813906883620758,/home/jihyunpark/decipher-bc/Simulated Data/Simulated Data Sweep Pipeline/../Sweeps and Results/shift_sigma_sweep_bifurcation/1008/trained/sweep1008_control_sigma10.0_seed5_native_bif_genes_decipherseed_2.h5ad,,108.5
model5,genes,bif,0.1,4,2,Set3 zx2,1k9rk7gu,https://wandb.ai/jpark-columbia/decipher-bc-sigma-sweep/runs/1k9rk7gu,0.9704453521167162,0.9762667448902865,0.9753290120446924,0.423723965883255,0.8843197886235072,0.7841263699399371,/home/jihyunpark/decipher-bc/Simulated Data/Simulated Data Sweep Pipeline/../Sweeps and Results/shift_sigma_sweep_bifurcation/1008/trained/sweep1008_control_sigma0.1_seed4_model5_bif_genes_decipherseed_2.h5ad,,117.3
model5,genes,bif,0.1,4,1,Set3 zx2,sgivpjdo,https://wandb.ai/jpark-columbia/decipher-bc-sigma-sweep/runs/sgivpjdo,0.9777476127412856,0.9728824027112002,0.9763021132663383,0.4982738196849823,0.884629634393138,0.7866558849452667,/home/jihyunpark/decipher-bc/Simulated Data/Simulated Data Sweep Pipeline/../Sweeps and Results/shift_sigma_sweep_bifurcation/1008/trained/sweep1008_control_sigma0.1_seed4_model5_bif_genes_decipherseed_1.h5ad,,274.3
model5,genes,bif,0.1,4,3,Set3 zx2,kek3158u,https://wandb.ai/jpark-columbia/decipher-bc-sigma-sweep/runs/kek3158u,0.9717948299712204,0.9759536872207565,0.972865584890256,0.4869530498981476,0.8833212834322292,0.7869006152955418,/home/jihyunpark/decipher-bc/Simulated Data/Simulated Data Sweep Pipeline/../Sweeps and Results/shift_sigma_sweep_bifurcation/1008/trained/sweep1008_control_sigma0.1_seed4_model5_bif_genes_decipherseed_3.h5ad,,276.2
native,genes,bif,10.0,4,2,Base Decipher (genes),c5p8fmem,https://wandb.ai/jpark-columbia/decipher-bc-sigma-sweep/runs/c5p8fmem,0.2683268442997194,0.35156632227437246,0.2960110281905443,0.0009317511576227844,0.7160521813010055,0.8630213970867628,/home/jihyunpark/decipher-bc/Simulated Data/Simulated Data Sweep Pipeline/../Sweeps and Results/shift_sigma_sweep_bifurcation/1008/trained/sweep1008_control_sigma10.0_seed4_native_bif_genes_decipherseed_2.h5ad,,639.4
model5,genes,bif,0.1,5,2,Set3 zx2,lqnhurk4,https://wandb.ai/jpark-columbia/decipher-bc-sigma-sweep/runs/lqnhurk4,0.9715967651686236,0.9680362016893712,0.967706418655251,0.46760863065719604,0.8703432167917674,0.762025224595309,/home/jihyunpark/decipher-bc/Simulated Data/Simulated Data Sweep Pipeline/../Sweeps and Results/shift_sigma_sweep_bifurcation/1008/trained/sweep1008_control_sigma0.1_seed5_model5_bif_genes_decipherseed_2.h5ad,,122.1
native,genes,bif,7.5,4,2,Base Decipher (genes),a9bt54rt,https://wandb.ai/jpark-columbia/decipher-bc-sigma-sweep/runs/a9bt54rt,0.32690878885461355,0.6250169836950908,0.1681785886767496,0.000515650724992156,0.7356604623824612,0.8483020754593145,/home/jihyunpark/decipher-bc/Simulated Data/Simulated Data Sweep Pipeline/../Sweeps and Results/shift_sigma_sweep_bifurcation/1008/trained/sweep1008_control_sigma7.5_seed4_native_bif_genes_decipherseed_2.h5ad,,1519.8
model5,genes,bif,0.1,5,3,Set3 zx2,591yxweq,https://wandb.ai/jpark-columbia/decipher-bc-sigma-sweep/runs/591yxweq,0.975906622403499,0.9692686115355917,0.9696324780909018,0.4637286067008972,0.8728616010236208,0.7674631029316346,/home/jihyunpark/decipher-bc/Simulated Data/Simulated Data Sweep Pipeline/../Sweeps and Results/shift_sigma_sweep_bifurcation/1008/trained/sweep1008_control_sigma0.1_seed5_model5_bif_genes_decipherseed_3.h5ad,,90.8
model5,genes,bif,0.1,5,1,Set3 zx2,f4pqdwgd,https://wandb.ai/jpark-columbia/decipher-bc-sigma-sweep/runs/f4pqdwgd,0.97974793970157,0.9684061344119779,0.9692612937253144,0.47198715806007385,0.872212985462254,0.7689124400548142,/home/jihyunpark/decipher-bc/Simulated Data/Simulated Data Sweep Pipeline/../Sweeps and Results/shift_sigma_sweep_bifurcation/1008/trained/sweep1008_control_sigma0.1_seed5_model5_bif_genes_decipherseed_1.h5ad,,344.6
model5,genes,bif,0.1,3,3,Set3 zx2,p1rsq9uy,https://wandb.ai/jpark-columbia/decipher-bc-sigma-sweep/runs/p1rsq9uy,0.990873293323282,0.9922597333099783,0.9936999683785946,0.4880390167236328,0.9505984818522836,0.9089460351756466,/home/jihyunpark/decipher-bc/Simulated Data/Simulated Data Sweep Pipeline/../Sweeps and Results/shift_sigma_sweep_bifurcation/1008/trained/sweep1008_control_sigma0.1_seed3_model5_bif_genes_decipherseed_3.h5ad,,809.7
model5,genes,bif,0.5,4,2,Set3 zx2,zgrt6c20,https://wandb.ai/jpark-columbia/decipher-bc-sigma-sweep/runs/zgrt6c20,0.9789414855890372,0.9754557517186943,0.9729760676505065,0.5141186714172363,0.8811201895960457,0.8030810260613276,/home/jihyunpark/decipher-bc/Simulated Data/Simulated Data Sweep Pipeline/../Sweeps and Results/shift_sigma_sweep_bifurcation/1008/trained/sweep1008_control_sigma0.5_seed4_model5_bif_genes_decipherseed_2.h5ad,,107.6
model5,genes,bif,0.5,3,3,Set3 zx2,3sdrc0a2,https://wandb.ai/jpark-columbia/decipher-bc-sigma-sweep/runs/3sdrc0a2,0.9931564846068063,0.9927112993583171,0.9920992566393777,0.5128477215766907,0.9423023146820161,0.898224276155074,/home/jihyunpark/decipher-bc/Simulated Data/Simulated Data Sweep Pipeline/../Sweeps and Results/shift_sigma_sweep_bifurcation/1008/trained/sweep1008_control_sigma0.5_seed3_model5_bif_genes_decipherseed_3.h5ad,,139.3
model5,genes,bif,0.5,3,2,Set3 zx2,gfbwydm9,https://wandb.ai/jpark-columbia/decipher-bc-sigma-sweep/runs/gfbwydm9,0.9952971836464725,0.9930513888865425,0.9938997976047537,0.5060220956802368,0.9418275114232484,0.8969493319204604,/home/jihyunpark/decipher-bc/Simulated Data/Simulated Data Sweep Pipeline/../Sweeps and Results/shift_sigma_sweep_bifurcation/1008/trained/sweep1008_control_sigma0.5_seed3_model5_bif_genes_decipherseed_2.h5ad,,311.9
model5,genes,bif,0.1,3,2,Set3 zx2,0j0x13hk,https://wandb.ai/jpark-columbia/decipher-bc-sigma-sweep/runs/0j0x13hk,0.9952639538702095,0.992598054349602,0.993639294517421,0.4940115213394165,0.9495787327563129,0.9079527858803003,/home/jihyunpark/decipher-bc/Simulated Data/Simulated Data Sweep Pipeline/../Sweeps and Results/shift_sigma_sweep_bifurcation/1008/trained/sweep1008_control_sigma0.1_seed3_model5_bif_genes_decipherseed_2.h5ad,,934.7
model5,genes,bif,0.5,5,1,Set3 zx2,ydrtwmwi,https://wandb.ai/jpark-columbia/decipher-bc-sigma-sweep/runs/ydrtwmwi,0.9744142839430122,0.9630928467976534,0.9576566652430984,0.5843085646629333,0.874553943193779,0.8084328833202885,/home/jihyunpark/decipher-bc/Simulated Data/Simulated Data Sweep Pipeline/../Sweeps and Results/shift_sigma_sweep_bifurcation/1008/trained/sweep1008_control_sigma0.5_seed5_model5_bif_genes_decipherseed_1.h5ad,,94.8
model5,genes,bif,0.5,5,2,Set3 zx2,a7onws97,https://wandb.ai/jpark-columbia/decipher-bc-sigma-sweep/runs/a7onws97,0.9716784570439738,0.9624620467808717,0.9616516018168885,0.4781973659992218,0.8766404584559505,0.8105526989452558,/home/jihyunpark/decipher-bc/Simulated Data/Simulated Data Sweep Pipeline/../Sweeps and Results/shift_sigma_sweep_bifurcation/1008/trained/sweep1008_control_sigma0.5_seed5_model5_bif_genes_decipherseed_2.h5ad,,87.1
model5,genes,bif,0.5,5,3,Set3 zx2,uqdr8t7y,https://wandb.ai/jpark-columbia/decipher-bc-sigma-sweep/runs/uqdr8t7y,0.9763890109395091,0.9684666046597598,0.9634754579443243,0.5147642493247986,0.8771122167910863,0.8141898266739589,/home/jihyunpark/decipher-bc/Simulated Data/Simulated Data Sweep Pipeline/../Sweeps and Results/shift_sigma_sweep_bifurcation/1008/trained/sweep1008_control_sigma0.5_seed5_model5_bif_genes_decipherseed_3.h5ad,,115.2
native,genes,bif,7.5,3,1,Base Decipher (genes),416y3a2n,https://wandb.ai/jpark-columbia/decipher-bc-sigma-sweep/runs/416y3a2n,0.5731743446895512,0.36010202154969484,0.512559853337147,0.00057340192142874,0.7237972433712015,0.7549587780386624,/home/jihyunpark/decipher-bc/Simulated Data/Simulated Data Sweep Pipeline/../Sweeps and Results/shift_sigma_sweep_bifurcation/1008/trained/sweep1008_control_sigma7.5_seed3_native_bif_genes_decipherseed_1.h5ad,,2160.6
model5,genes,bif,1.0,4,1,Set3 zx2,7xw8hd9o,https://wandb.ai/jpark-columbia/decipher-bc-sigma-sweep/runs/7xw8hd9o,0.9749675940816558,0.9719219482303985,0.9727707026796859,0.5067254900932312,0.9065243809911534,0.8634016354270573,/home/jihyunpark/decipher-bc/Simulated Data/Simulated Data Sweep Pipeline/../Sweeps and Results/shift_sigma_sweep_bifurcation/1008/trained/sweep1008_control_sigma1.0_seed4_model5_bif_genes_decipherseed_1.h5ad,,85.2
model5,genes,bif,1.0,3,1,Set3 zx2,geggvh75,https://wandb.ai/jpark-columbia/decipher-bc-sigma-sweep/runs/geggvh75,0.9896210338228952,0.9911454327484065,0.9929764578183287,0.4795837998390198,0.9343239370059491,0.8878284887193956,/home/jihyunpark/decipher-bc/Simulated Data/Simulated Data Sweep Pipeline/../Sweeps and Results/shift_sigma_sweep_bifurcation/1008/trained/sweep1008_control_sigma1.0_seed3_model5_bif_genes_decipherseed_1.h5ad,,145.6
model5,genes,bif,1.0,3,3,Set3 zx2,z9fu5njs,https://wandb.ai/jpark-columbia/decipher-bc-sigma-sweep/runs/z9fu5njs,0.9876531193329463,0.9922205405208909,0.992274145444677,0.558169960975647,0.9368265398348989,0.8922343855808379,/home/jihyunpark/decipher-bc/Simulated Data/Simulated Data Sweep Pipeline/../Sweeps and Results/shift_sigma_sweep_bifurcation/1008/trained/sweep1008_control_sigma1.0_seed3_model5_bif_genes_decipherseed_3.h5ad,,285.2
model5,genes,bif,1.0,5,1,Set3 zx2,6vf6l9vo,https://wandb.ai/jpark-columbia/decipher-bc-sigma-sweep/runs/6vf6l9vo,0.9778822923273311,0.9613941920757668,0.9657506253304022,0.48320862650871277,0.8987288879083634,0.8530920063394065,/home/jihyunpark/decipher-bc/Simulated Data/Simulated Data Sweep Pipeline/../Sweeps and Results/shift_sigma_sweep_bifurcation/1008/trained/sweep1008_control_sigma1.0_seed5_model5_bif_genes_decipherseed_1.h5ad,,139.6
model5,genes,bif,1.0,4,2,Set3 zx2,,,0.9721965854787846,0.9718842119509736,0.9585937019191733,0.5976365804672241,0.9031221617164396,0.8588780943048963,/home/jihyunpark/decipher-bc/Simulated Data/Simulated Data Sweep Pipeline/../Sweeps and Results/shift_sigma_sweep_bifurcation/1008/trained/sweep1008_control_sigma1.0_seed4_model5_bif_genes_decipherseed_2.h5ad,,106.4
model5,genes,bif,0.5,4,3,Set3 zx2,jsz05bxd,https://wandb.ai/jpark-columbia/decipher-bc-sigma-sweep/runs/jsz05bxd,0.9825183304675974,0.9756841627494318,0.972694205180138,0.4898133873939514,0.8865829849777491,0.8172889411830278,/home/jihyunpark/decipher-bc/Simulated Data/Simulated Data Sweep Pipeline/../Sweeps and Results/shift_sigma_sweep_bifurcation/1008/trained/sweep1008_control_sigma0.5_seed4_model5_bif_genes_decipherseed_3.h5ad,,764.7
model5,genes,bif,1.0,4,3,Set3 zx2,,,0.9777518331643231,0.9728093249910023,0.9654736616707246,0.5807838439941406,0.9061448375486125,0.8629796009067021,/home/jihyunpark/decipher-bc/Simulated Data/Simulated Data Sweep Pipeline/../Sweeps and Results/shift_sigma_sweep_bifurcation/1008/trained/sweep1008_control_sigma1.0_seed4_model5_bif_genes_decipherseed_3.h5ad,,103.3
model5,genes,bif,1.0,5,2,Set3 zx2,kcxa4b3a,https://wandb.ai/jpark-columbia/decipher-bc-sigma-sweep/runs/kcxa4b3a,0.9720623938757604,0.9694687372503018,0.9646118489717395,0.48020419478416443,0.8966111587006018,0.848072128141837,/home/jihyunpark/decipher-bc/Simulated Data/Simulated Data Sweep Pipeline/../Sweeps and Results/shift_sigma_sweep_bifurcation/1008/trained/sweep1008_control_sigma1.0_seed5_model5_bif_genes_decipherseed_2.h5ad,,146.7
model5,genes,bif,2.0,3,1,Set3 zx2,uyui2067,https://wandb.ai/jpark-columbia/decipher-bc-sigma-sweep/runs/uyui2067,0.8588544093689379,0.9816700697142213,0.9562004153446007,0.5354345440864563,0.9369231199744565,0.9017974967978949,/home/jihyunpark/decipher-bc/Simulated Data/Simulated Data Sweep Pipeline/../Sweeps and Results/shift_sigma_sweep_bifurcation/1008/trained/sweep1008_control_sigma2.0_seed3_model5_bif_genes_decipherseed_1.h5ad,,139.3
model5,genes,bif,2.0,3,2,Set3 zx2,sxtu9gzw,https://wandb.ai/jpark-columbia/decipher-bc-sigma-sweep/runs/sxtu9gzw,0.988950427849704,0.9908070339242638,0.978581637308432,0.4139527678489685,0.9312125099170643,0.8934018570866213,/home/jihyunpark/decipher-bc/Simulated Data/Simulated Data Sweep Pipeline/../Sweeps and Results/shift_sigma_sweep_bifurcation/1008/trained/sweep1008_control_sigma2.0_seed3_model5_bif_genes_decipherseed_2.h5ad,,87.6
model5,genes,bif,0.5,3,1,Set3 zx2,589hmvry,https://wandb.ai/jpark-columbia/decipher-bc-sigma-sweep/runs/589hmvry,0.9926816146117964,0.9898595429797163,0.993262185354567,0.5340710282325745,0.9425339264126296,0.8982688256863189,/home/jihyunpark/decipher-bc/Simulated Data/Simulated Data Sweep Pipeline/../Sweeps and Results/shift_sigma_sweep_bifurcation/1008/trained/sweep1008_control_sigma0.5_seed3_model5_bif_genes_decipherseed_1.h5ad,,1357.1
model5,genes,bif,1.0,5,3,Set3 zx2,we4uleje,https://wandb.ai/jpark-columbia/decipher-bc-sigma-sweep/runs/we4uleje,0.9764029178352243,0.9666166746927072,0.9650746787953632,0.48111772537231445,0.8977976683086094,0.8536766854460183,/home/jihyunpark/decipher-bc/Simulated Data/Simulated Data Sweep Pipeline/../Sweeps and Results/shift_sigma_sweep_bifurcation/1008/trained/sweep1008_control_sigma1.0_seed5_model5_bif_genes_decipherseed_3.h5ad,,430.0
model5,genes,bif,0.5,4,1,Set3 zx2,jl3vhtm4,https://wandb.ai/jpark-columbia/decipher-bc-sigma-sweep/runs/jl3vhtm4,0.9735468881163792,0.9746764407363152,0.9724825411739586,0.4835083782672882,0.886578952543253,0.8137136362150938,/home/jihyunpark/decipher-bc/Simulated Data/Simulated Data Sweep Pipeline/../Sweeps and Results/shift_sigma_sweep_bifurcation/1008/trained/sweep1008_control_sigma0.5_seed4_model5_bif_genes_decipherseed_1.h5ad,,1130.4
model5,genes,bif,2.0,5,1,Set3 zx2,gjvxzrml,https://wandb.ai/jpark-columbia/decipher-bc-sigma-sweep/runs/gjvxzrml,0.946575903646049,0.9579550732361453,0.9490821713841722,0.5886871218681335,0.9301661817398175,0.9026371476234194,/home/jihyunpark/decipher-bc/Simulated Data/Simulated Data Sweep Pipeline/../Sweeps and Results/shift_sigma_sweep_bifurcation/1008/trained/sweep1008_control_sigma2.0_seed5_model5_bif_genes_decipherseed_1.h5ad,,106.1
model5,genes,bif,1.0,3,2,Set3 zx2,g56f7adu,https://wandb.ai/jpark-columbia/decipher-bc-sigma-sweep/runs/g56f7adu,0.9763353466343552,0.9923864469087152,0.9929603894577357,0.5255275368690491,0.9343800677935443,0.8872740676736641,/home/jihyunpark/decipher-bc/Simulated Data/Simulated Data Sweep Pipeline/../Sweeps and Results/shift_sigma_sweep_bifurcation/1008/trained/sweep1008_control_sigma1.0_seed3_model5_bif_genes_decipherseed_2.h5ad,,760.6
model5,genes,bif,2.0,3,3,Set3 zx2,4bhap2co,https://wandb.ai/jpark-columbia/decipher-bc-sigma-sweep/runs/4bhap2co,0.990115153231281,0.9920954189704064,0.9933772149798911,0.4892522096633911,0.9326708816572802,0.8941762010413191,/home/jihyunpark/decipher-bc/Simulated Data/Simulated Data Sweep Pipeline/../Sweeps and Results/shift_sigma_sweep_bifurcation/1008/trained/sweep1008_control_sigma2.0_seed3_model5_bif_genes_decipherseed_3.h5ad,,275.6
model5,genes,bif,2.0,4,2,Set3 zx2,ple60p91,https://wandb.ai/jpark-columbia/decipher-bc-sigma-sweep/runs/ple60p91,0.9609396401012487,0.9676660334617584,0.9583578775702754,0.6022451519966125,0.9316826569726752,0.9011516428199018,/home/jihyunpark/decipher-bc/Simulated Data/Simulated Data Sweep Pipeline/../Sweeps and Results/shift_sigma_sweep_bifurcation/1008/trained/sweep1008_control_sigma2.0_seed4_model5_bif_genes_decipherseed_2.h5ad,,154.7
model5,genes,bif,2.0,4,3,Set3 zx2,chzntfjq,https://wandb.ai/jpark-columbia/decipher-bc-sigma-sweep/runs/chzntfjq,0.9479647646922484,0.9577545797784581,0.9594922904120334,0.597058117389679,0.9324396089616104,0.9040236645876415,/home/jihyunpark/decipher-bc/Simulated Data/Simulated Data Sweep Pipeline/../Sweeps and Results/shift_sigma_sweep_bifurcation/1008/trained/sweep1008_control_sigma2.0_seed4_model5_bif_genes_decipherseed_3.h5ad,,419.8
model5,genes,bif,2.0,4,1,Set3 zx2,nrnfsi8n,https://wandb.ai/jpark-columbia/decipher-bc-sigma-sweep/runs/nrnfsi8n,0.943509399560978,0.9576742153788266,0.9267114190928721,0.4611700475215912,0.9324510640624891,0.9035423477351521,/home/jihyunpark/decipher-bc/Simulated Data/Simulated Data Sweep Pipeline/../Sweeps and Results/shift_sigma_sweep_bifurcation/1008/trained/sweep1008_control_sigma2.0_seed4_model5_bif_genes_decipherseed_1.h5ad,,569.9
model5,genes,bif,2.0,5,2,Set3 zx2,,,0.9550641636746601,0.9551592599454206,0.9523653133190751,0.5901071429252625,0.9309493339566643,0.9033548953715257,/home/jihyunpark/decipher-bc/Simulated Data/Simulated Data Sweep Pipeline/../Sweeps and Results/shift_sigma_sweep_bifurcation/1008/trained/sweep1008_control_sigma2.0_seed5_model5_bif_genes_decipherseed_2.h5ad,,114.6
model5,genes,bif,5.0,3,3,Set3 zx2,lyh0p76g,https://wandb.ai/jpark-columbia/decipher-bc-sigma-sweep/runs/lyh0p76g,0.776538014606125,0.772847490232711,0.5600677230867882,0.24582813680171967,0.9500747588733924,0.9279259894663145,/home/jihyunpark/decipher-bc/Simulated Data/Simulated Data Sweep Pipeline/../Sweeps and Results/shift_sigma_sweep_bifurcation/1008/trained/sweep1008_control_sigma5.0_seed3_model5_bif_genes_decipherseed_3.h5ad,,485.2
model5,genes,bif,5.0,4,1,Set3 zx2,,,0.6147549344215184,0.54290462261982,0.4353024789633503,0.05638474225997925,0.9610504586155997,0.9504287594430656,/home/jihyunpark/decipher-bc/Simulated Data/Simulated Data Sweep Pipeline/../Sweeps and Results/shift_sigma_sweep_bifurcation/1008/trained/sweep1008_control_sigma5.0_seed4_model5_bif_genes_decipherseed_1.h5ad,,125.0
model5,genes,bif,5.0,3,2,Set3 zx2,s0071z0i,https://wandb.ai/jpark-columbia/decipher-bc-sigma-sweep/runs/s0071z0i,0.7160896585787395,0.5948581376185358,0.5326400057496437,0.22292451560497284,0.9509016021944988,0.9287609531651384,/home/jihyunpark/decipher-bc/Simulated Data/Simulated Data Sweep Pipeline/../Sweeps and Results/shift_sigma_sweep_bifurcation/1008/trained/sweep1008_control_sigma5.0_seed3_model5_bif_genes_decipherseed_2.h5ad,,274.6
model5,genes,bif,5.0,5,1,Set3 zx2,4m6daw28,https://wandb.ai/jpark-columbia/decipher-bc-sigma-sweep/runs/4m6daw28,0.597254503237846,0.5173942814635426,0.495471797382421,0.06288619339466095,0.9620015004279404,0.9524628411213327,/home/jihyunpark/decipher-bc/Simulated Data/Simulated Data Sweep Pipeline/../Sweeps and Results/shift_sigma_sweep_bifurcation/1008/trained/sweep1008_control_sigma5.0_seed5_model5_bif_genes_decipherseed_1.h5ad,,162.7
model5,genes,bif,5.0,4,3,Set3 zx2,3sgsn5su,https://wandb.ai/jpark-columbia/decipher-bc-sigma-sweep/runs/3sgsn5su,0.7285564355707578,0.6619164595849303,0.7038818183439699,0.0951443687081337,0.9609623318879004,0.9496054629084727,/home/jihyunpark/decipher-bc/Simulated Data/Simulated Data Sweep Pipeline/../Sweeps and Results/shift_sigma_sweep_bifurcation/1008/trained/sweep1008_control_sigma5.0_seed4_model5_bif_genes_decipherseed_3.h5ad,,167.9
model5,genes,bif,5.0,5,3,Set3 zx2,xml4xcnl,https://wandb.ai/jpark-columbia/decipher-bc-sigma-sweep/runs/xml4xcnl,0.6657340570285707,0.6869575692790835,0.462310164699665,0.032578032463788986,0.9606733549626983,0.9516156721159312,/home/jihyunpark/decipher-bc/Simulated Data/Simulated Data Sweep Pipeline/../Sweeps and Results/shift_sigma_sweep_bifurcation/1008/trained/sweep1008_control_sigma5.0_seed5_model5_bif_genes_decipherseed_3.h5ad,,156.3
model5,genes,bif,5.0,5,2,Set3 zx2,cc45qwwz,https://wandb.ai/jpark-columbia/decipher-bc-sigma-sweep/runs/cc45qwwz,0.8495148478030309,0.6873442976589621,0.821786189928894,0.046937473118305206,0.9611267346481392,0.9533901359126247,/home/jihyunpark/decipher-bc/Simulated Data/Simulated Data Sweep Pipeline/../Sweeps and Results/shift_sigma_sweep_bifurcation/1008/trained/sweep1008_control_sigma5.0_seed5_model5_bif_genes_decipherseed_2.h5ad,,205.0
model5,genes,bif,7.5,3,3,Set3 zx2,uv97vd20,https://wandb.ai/jpark-columbia/decipher-bc-sigma-sweep/runs/uv97vd20,0.7974492294485762,0.7865695750474374,0.6521383014535139,0.05769855156540871,0.9553958628628249,0.9405869543552405,/home/jihyunpark/decipher-bc/Simulated Data/Simulated Data Sweep Pipeline/../Sweeps and Results/shift_sigma_sweep_bifurcation/1008/trained/sweep1008_control_sigma7.5_seed3_model5_bif_genes_decipherseed_3.h5ad,,174.7
model5,genes,bif,2.0,5,3,Set3 zx2,zszjkiow,https://wandb.ai/jpark-columbia/decipher-bc-sigma-sweep/runs/zszjkiow,0.9335764124946195,0.9551672283686738,0.7533363419048401,0.33081376552581787,0.9297645203775361,0.9018545328250825,/home/jihyunpark/decipher-bc/Simulated Data/Simulated Data Sweep Pipeline/../Sweeps and Results/shift_sigma_sweep_bifurcation/1008/trained/sweep1008_control_sigma2.0_seed5_model5_bif_genes_decipherseed_3.h5ad,,745.2
model5,genes,bif,5.0,4,2,Set3 zx2,bj6zmsqf,https://wandb.ai/jpark-columbia/decipher-bc-sigma-sweep/runs/bj6zmsqf,0.8023012435632737,0.7522454101985458,0.7269075585787366,0.061393093317747116,0.9615636234975729,0.9497836651863607,/home/jihyunpark/decipher-bc/Simulated Data/Simulated Data Sweep Pipeline/../Sweeps and Results/shift_sigma_sweep_bifurcation/1008/trained/sweep1008_control_sigma5.0_seed4_model5_bif_genes_decipherseed_2.h5ad,,439.7
model5,genes,bif,7.5,4,1,Set3 zx2,6srwywbq,https://wandb.ai/jpark-columbia/decipher-bc-sigma-sweep/runs/6srwywbq,0.6592908957247441,0.5931714407283498,0.37393625083861515,0.038410965353250504,0.9666597406517377,0.9602765539671954,/home/jihyunpark/decipher-bc/Simulated Data/Simulated Data Sweep Pipeline/../Sweeps and Results/shift_sigma_sweep_bifurcation/1008/trained/sweep1008_control_sigma7.5_seed4_model5_bif_genes_decipherseed_1.h5ad,,171.6
model5,genes,bif,7.5,3,2,Set3 zx2,9hpy42c3,https://wandb.ai/jpark-columbia/decipher-bc-sigma-sweep/runs/9hpy42c3,0.7576327521427161,0.7747458825790502,0.6697322610210141,0.11263126134872437,0.9546195956471135,0.9393506951990257,/home/jihyunpark/decipher-bc/Simulated Data/Simulated Data Sweep Pipeline/../Sweeps and Results/shift_sigma_sweep_bifurcation/1008/trained/sweep1008_control_sigma7.5_seed3_model5_bif_genes_decipherseed_2.h5ad,,294.3
model5,genes,bif,7.5,4,2,Set3 zx2,598h0uh2,https://wandb.ai/jpark-columbia/decipher-bc-sigma-sweep/runs/598h0uh2,0.8189050038346771,0.7124208770354493,0.6367668328029342,0.031227581202983856,0.9698682586518915,0.9625906742192638,/home/jihyunpark/decipher-bc/Simulated Data/Simulated Data Sweep Pipeline/../Sweeps and Results/shift_sigma_sweep_bifurcation/1008/trained/sweep1008_control_sigma7.5_seed4_model5_bif_genes_decipherseed_2.h5ad,,152.7
model5,genes,bif,7.5,5,1,Set3 zx2,k9ttg8q8,https://wandb.ai/jpark-columbia/decipher-bc-sigma-sweep/runs/k9ttg8q8,0.7377744552009605,0.7919074772459167,0.5598670979752278,0.019865570589900017,0.9671629082571906,0.963121607362212,/home/jihyunpark/decipher-bc/Simulated Data/Simulated Data Sweep Pipeline/../Sweeps and Results/shift_sigma_sweep_bifurcation/1008/trained/sweep1008_control_sigma7.5_seed5_model5_bif_genes_decipherseed_1.h5ad,,139.0
model5,genes,bif,10.0,3,1,Set3 zx2,eaebs1v3,https://wandb.ai/jpark-columbia/decipher-bc-sigma-sweep/runs/eaebs1v3,0.791650907287136,0.6641977462861887,0.557617135427245,0.03540151193737984,0.9599181280345853,0.9491594785522137,/home/jihyunpark/decipher-bc/Simulated Data/Simulated Data Sweep Pipeline/../Sweeps and Results/shift_sigma_sweep_bifurcation/1008/trained/sweep1008_control_sigma10.0_seed3_model5_bif_genes_decipherseed_1.h5ad,,274.9
model5,genes,bif,7.5,3,1,Set3 zx2,xj54gz2c,https://wandb.ai/jpark-columbia/decipher-bc-sigma-sweep/runs/xj54gz2c,0.8088506575448867,0.663699475774617,0.6145770252346672,0.03104373626410961,0.9547098642550671,0.9401253658052724,/home/jihyunpark/decipher-bc/Simulated Data/Simulated Data Sweep Pipeline/../Sweeps and Results/shift_sigma_sweep_bifurcation/1008/trained/sweep1008_control_sigma7.5_seed3_model5_bif_genes_decipherseed_1.h5ad,,579.6
model5,genes,bif,7.5,4,3,Set3 zx2,lptqi2wp,https://wandb.ai/jpark-columbia/decipher-bc-sigma-sweep/runs/lptqi2wp,0.6829766709969926,0.6235242969797559,0.4491796248786833,0.0153459832072258,0.9638597584734004,0.9587134369453778,/home/jihyunpark/decipher-bc/Simulated Data/Simulated Data Sweep Pipeline/../Sweeps and Results/shift_sigma_sweep_bifurcation/1008/trained/sweep1008_control_sigma7.5_seed4_model5_bif_genes_decipherseed_3.h5ad,,454.7
model5,genes,bif,7.5,5,2,Set3 zx2,,,0.39537455756622547,0.09217110168527187,0.03178715777337162,4.3701329559553415e-05,0.9600921457366962,0.956972167589037,/home/jihyunpark/decipher-bc/Simulated Data/Simulated Data Sweep Pipeline/../Sweeps and Results/shift_sigma_sweep_bifurcation/1008/trained/sweep1008_control_sigma7.5_seed5_model5_bif_genes_decipherseed_2.h5ad,,98.5
model5,genes,bif,10.0,3,3,Set3 zx2,duks7dbq,https://wandb.ai/jpark-columbia/decipher-bc-sigma-sweep/runs/duks7dbq,0.8273295465889392,0.7678458545657822,0.744031753842734,0.04685252532362938,0.9608030418314135,0.9507172039201186,/home/jihyunpark/decipher-bc/Simulated Data/Simulated Data Sweep Pipeline/../Sweeps and Results/shift_sigma_sweep_bifurcation/1008/trained/sweep1008_control_sigma10.0_seed3_model5_bif_genes_decipherseed_3.h5ad,,179.0
model5,genes,bif,10.0,4,1,Set3 zx2,hc7fxctd,https://wandb.ai/jpark-columbia/decipher-bc-sigma-sweep/runs/hc7fxctd,0.6696305167691183,0.7052264314998468,0.2795794769531311,0.004931941162794828,0.9689310924856832,0.9659287332675205,/home/jihyunpark/decipher-bc/Simulated Data/Simulated Data Sweep Pipeline/../Sweeps and Results/shift_sigma_sweep_bifurcation/1008/trained/sweep1008_control_sigma10.0_seed4_model5_bif_genes_decipherseed_1.h5ad,,161.5
model5,genes,bif,10.0,5,1,Set3 zx2,3xc2brvs,https://wandb.ai/jpark-columbia/decipher-bc-sigma-sweep/runs/3xc2brvs,0.6156818577089824,0.4959216862864093,0.5477299968687245,0.0002259739558212459,0.9695944132387515,0.9676575562061811,/home/jihyunpark/decipher-bc/Simulated Data/Simulated Data Sweep Pipeline/../Sweeps and Results/shift_sigma_sweep_bifurcation/1008/trained/sweep1008_control_sigma10.0_seed5_model5_bif_genes_decipherseed_1.h5ad,,122.8
model5,genes,bif,10.0,4,3,Set3 zx2,r882qhj2,https://wandb.ai/jpark-columbia/decipher-bc-sigma-sweep/runs/r882qhj2,0.37583566165492743,0.3728046033063745,0.07250096785784385,0.00122158566955477,0.9672341629160908,0.9634781810355438,/home/jihyunpark/decipher-bc/Simulated Data/Simulated Data Sweep Pipeline/../Sweeps and Results/shift_sigma_sweep_bifurcation/1008/trained/sweep1008_control_sigma10.0_seed4_model5_bif_genes_decipherseed_3.h5ad,,144.6
model5,genes,bif,10.0,3,2,Set3 zx2,5sgtymam,https://wandb.ai/jpark-columbia/decipher-bc-sigma-sweep/runs/5sgtymam,0.7569476470765647,0.8175125029263198,0.6045542427568966,0.03905390948057175,0.9583563332753454,0.949323888731006,/home/jihyunpark/decipher-bc/Simulated Data/Simulated Data Sweep Pipeline/../Sweeps and Results/shift_sigma_sweep_bifurcation/1008/trained/sweep1008_control_sigma10.0_seed3_model5_bif_genes_decipherseed_2.h5ad,,577.5
model5,genes,bif,10.0,5,3,Set3 zx2,ttcqssll,https://wandb.ai/jpark-columbia/decipher-bc-sigma-sweep/runs/ttcqssll,0.455861868783751,0.4297013366031345,0.5310781264820628,0.0005611702217720449,0.9691750803351455,0.9669035560721781,/home/jihyunpark/decipher-bc/Simulated Data/Simulated Data Sweep Pipeline/../Sweeps and Results/shift_sigma_sweep_bifurcation/1008/trained/sweep1008_control_sigma10.0_seed5_model5_bif_genes_decipherseed_3.h5ad,,205.0
model5,genes,bif,10.0,4,2,Set3 zx2,76q1y82k,https://wandb.ai/jpark-columbia/decipher-bc-sigma-sweep/runs/76q1y82k,0.7319528070177038,0.7184649849484727,0.6638400638988085,0.003938963636755943,0.9690515617823788,0.9641880183250104,/home/jihyunpark/decipher-bc/Simulated Data/Simulated Data Sweep Pipeline/../Sweeps and Results/shift_sigma_sweep_bifurcation/1008/trained/sweep1008_control_sigma10.0_seed4_model5_bif_genes_decipherseed_2.h5ad,,121.4
model5,genes,bif,5.0,3,1,Set3 zx2,rtelga99,https://wandb.ai/jpark-columbia/decipher-bc-sigma-sweep/runs/rtelga99,0.7330250030452578,0.30586718039391686,0.872964110665021,0.31045234203338623,0.9506615770449046,0.9284562401150837,/home/jihyunpark/decipher-bc/Simulated Data/Simulated Data Sweep Pipeline/../Sweeps and Results/shift_sigma_sweep_bifurcation/1008/trained/sweep1008_control_sigma5.0_seed3_model5_bif_genes_decipherseed_1.h5ad,,1517.3
model5,genes,bif,10.0,5,2,Set3 zx2,vyoaz65g,https://wandb.ai/jpark-columbia/decipher-bc-sigma-sweep/runs/vyoaz65g,0.3018262253127635,0.1407621942440588,0.201223098226747,-0.00014940770051907748,0.9690274335116802,0.9668952069390253,/home/jihyunpark/decipher-bc/Simulated Data/Simulated Data Sweep Pipeline/../Sweeps and Results/shift_sigma_sweep_bifurcation/1008/trained/sweep1008_control_sigma10.0_seed5_model5_bif_genes_decipherseed_2.h5ad,,88.8
model5,genes,bif,7.5,5,3,Set3 zx2,m2cdvvvs,https://wandb.ai/jpark-columbia/decipher-bc-sigma-sweep/runs/m2cdvvvs,0.7258567655325499,0.5416095773333925,0.7231498017409578,0.006078329402953386,0.9624991485239524,0.9595683738225225,/home/jihyunpark/decipher-bc/Simulated Data/Simulated Data Sweep Pipeline/../Sweeps and Results/shift_sigma_sweep_bifurcation/1008/trained/sweep1008_control_sigma7.5_seed5_model5_bif_genes_decipherseed_3.h5ad,,570.0
