model,n_z_dims,shift_sigma,seed,decipher_seed,beta,batch_mode,rho,trained_h5ad,r2_overall,r2_per_gene_median,error
Decipher-VZ-Add,3,0.1,0,1,0.1,genes,0.8853220984804575,/Users/alanxie/CodingProjects/Columbia/Azizi Lab/Spatial Nut Carcinoma/decipher-bc-methods/Data/Simulated Data/Simulated Data Generation/../Simulated Adata/shift_sigma_sweep/0825/trained/9.9_sigma0.1_seed0_decipher_vz_add.h5ad,0.6658995187471278,0.3822610059723976,
Decipher-VZ-Add,3,0.1,1,1,0.1,genes,0.9281027821255391,/Users/alanxie/CodingProjects/Columbia/Azizi Lab/Spatial Nut Carcinoma/decipher-bc-methods/Data/Simulated Data/Simulated Data Generation/../Simulated Adata/shift_sigma_sweep/0825/trained/9.9_sigma0.1_seed1_decipher_vz_add.h5ad,0.7075484255500821,0.44838606086273514,
Decipher-VZ-Add,3,0.1,2,1,0.1,genes,0.8783186565371525,/Users/alanxie/CodingProjects/Columbia/Azizi Lab/Spatial Nut Carcinoma/decipher-bc-methods/Data/Simulated Data/Simulated Data Generation/../Simulated Adata/shift_sigma_sweep/0825/trained/9.9_sigma0.1_seed2_decipher_vz_add.h5ad,0.6601044269780334,0.33374483901424723,
Decipher-VZ-Add,3,0.25,0,1,0.1,genes,0.8786297800160321,/Users/alanxie/CodingProjects/Columbia/Azizi Lab/Spatial Nut Carcinoma/decipher-bc-methods/Data/Simulated Data/Simulated Data Generation/../Simulated Adata/shift_sigma_sweep/0825/trained/9.9_sigma0.25_seed0_decipher_vz_add.h5ad,0.5714146532916202,0.30998462235470875,
Decipher-VZ-Add,3,0.25,1,1,0.1,genes,0.9066900342729324,/Users/alanxie/CodingProjects/Columbia/Azizi Lab/Spatial Nut Carcinoma/decipher-bc-methods/Data/Simulated Data/Simulated Data Generation/../Simulated Adata/shift_sigma_sweep/0825/trained/9.9_sigma0.25_seed1_decipher_vz_add.h5ad,0.6327250130511954,0.3863375433133571,
Decipher-VZ-Add,3,0.25,2,1,0.1,genes,0.8644509849089802,/Users/alanxie/CodingProjects/Columbia/Azizi Lab/Spatial Nut Carcinoma/decipher-bc-methods/Data/Simulated Data/Simulated Data Generation/../Simulated Adata/shift_sigma_sweep/0825/trained/9.9_sigma0.25_seed2_decipher_vz_add.h5ad,0.5662559300256729,0.31531630957940787,
Decipher-VZ-Add,3,0.5,0,1,0.1,genes,0.2991882017421356,/Users/alanxie/CodingProjects/Columbia/Azizi Lab/Spatial Nut Carcinoma/decipher-bc-methods/Data/Simulated Data/Simulated Data Generation/../Simulated Adata/shift_sigma_sweep/0825/trained/9.9_sigma0.5_seed0_decipher_vz_add.h5ad,0.6039717808873067,0.373069627897758,
Decipher-VZ-Add,3,0.5,1,1,0.1,genes,0.9237134425505846,/Users/alanxie/CodingProjects/Columbia/Azizi Lab/Spatial Nut Carcinoma/decipher-bc-methods/Data/Simulated Data/Simulated Data Generation/../Simulated Adata/shift_sigma_sweep/0825/trained/9.9_sigma0.5_seed1_decipher_vz_add.h5ad,0.6322872973988625,0.4942567220280744,
Decipher-VZ-Add,3,0.5,2,1,0.1,genes,0.2284727662217876,/Users/alanxie/CodingProjects/Columbia/Azizi Lab/Spatial Nut Carcinoma/decipher-bc-methods/Data/Simulated Data/Simulated Data Generation/../Simulated Adata/shift_sigma_sweep/0825/trained/9.9_sigma0.5_seed2_decipher_vz_add.h5ad,0.5869975278928856,0.3468286057183713,
Decipher-VZ-Add,3,1.0,0,1,0.1,genes,0.21083258680279104,/Users/alanxie/CodingProjects/Columbia/Azizi Lab/Spatial Nut Carcinoma/decipher-bc-methods/Data/Simulated Data/Simulated Data Generation/../Simulated Adata/shift_sigma_sweep/0825/trained/9.9_sigma1.0_seed0_decipher_vz_add.h5ad,0.6901051462861962,0.5833503003103666,
Decipher-VZ-Add,3,1.0,1,1,0.1,genes,0.3067159213475928,/Users/alanxie/CodingProjects/Columbia/Azizi Lab/Spatial Nut Carcinoma/decipher-bc-methods/Data/Simulated Data/Simulated Data Generation/../Simulated Adata/shift_sigma_sweep/0825/trained/9.9_sigma1.0_seed1_decipher_vz_add.h5ad,0.6933678331624726,0.5996160395839354,
Decipher-VZ-Add,3,1.0,2,1,0.1,genes,0.19776646667415151,/Users/alanxie/CodingProjects/Columbia/Azizi Lab/Spatial Nut Carcinoma/decipher-bc-methods/Data/Simulated Data/Simulated Data Generation/../Simulated Adata/shift_sigma_sweep/0825/trained/9.9_sigma1.0_seed2_decipher_vz_add.h5ad,0.678809100240249,0.611097438303619,
Decipher-VZ2-Add,3,0.1,0,1,0.1,genes,0.8862763791486126,/Users/alanxie/CodingProjects/Columbia/Azizi Lab/Spatial Nut Carcinoma/decipher-bc-methods/Data/Simulated Data/Simulated Data Generation/../Simulated Adata/shift_sigma_sweep/0825/trained/9.9_sigma0.1_seed0_decipher_vz2_add.h5ad,0.663816469168156,0.3852413047384643,
Decipher-VZ2-Add,3,0.1,1,1,0.1,genes,0.9325104334517494,/Users/alanxie/CodingProjects/Columbia/Azizi Lab/Spatial Nut Carcinoma/decipher-bc-methods/Data/Simulated Data/Simulated Data Generation/../Simulated Adata/shift_sigma_sweep/0825/trained/9.9_sigma0.1_seed1_decipher_vz2_add.h5ad,0.6926519876169267,0.43816491008548086,
Decipher-VZ2-Add,3,0.1,2,1,0.1,genes,0.8723523199542974,/Users/alanxie/CodingProjects/Columbia/Azizi Lab/Spatial Nut Carcinoma/decipher-bc-methods/Data/Simulated Data/Simulated Data Generation/../Simulated Adata/shift_sigma_sweep/0825/trained/9.9_sigma0.1_seed2_decipher_vz2_add.h5ad,0.6693607693253019,0.3733116308241631,
Decipher-VZ2-Add,3,0.25,0,1,0.1,genes,0.8839510826613352,/Users/alanxie/CodingProjects/Columbia/Azizi Lab/Spatial Nut Carcinoma/decipher-bc-methods/Data/Simulated Data/Simulated Data Generation/../Simulated Adata/shift_sigma_sweep/0825/trained/9.9_sigma0.25_seed0_decipher_vz2_add.h5ad,0.575078623492399,0.333170306460622,
Decipher-VZ2-Add,3,0.25,1,1,0.1,genes,0.9234739950800692,/Users/alanxie/CodingProjects/Columbia/Azizi Lab/Spatial Nut Carcinoma/decipher-bc-methods/Data/Simulated Data/Simulated Data Generation/../Simulated Adata/shift_sigma_sweep/0825/trained/9.9_sigma0.25_seed1_decipher_vz2_add.h5ad,0.6273130986357655,0.3776671637054696,
Decipher-VZ2-Add,3,0.25,2,1,0.1,genes,0.8785046623813696,/Users/alanxie/CodingProjects/Columbia/Azizi Lab/Spatial Nut Carcinoma/decipher-bc-methods/Data/Simulated Data/Simulated Data Generation/../Simulated Adata/shift_sigma_sweep/0825/trained/9.9_sigma0.25_seed2_decipher_vz2_add.h5ad,0.5645321846994202,0.3181847096559809,
Decipher-VZ2-Add,3,0.5,0,1,0.1,genes,0.20386662877537268,/Users/alanxie/CodingProjects/Columbia/Azizi Lab/Spatial Nut Carcinoma/decipher-bc-methods/Data/Simulated Data/Simulated Data Generation/../Simulated Adata/shift_sigma_sweep/0825/trained/9.9_sigma0.5_seed0_decipher_vz2_add.h5ad,0.6026229874892499,0.37147618469422217,
Decipher-VZ2-Add,3,0.5,1,1,0.1,genes,0.9020823296424976,/Users/alanxie/CodingProjects/Columbia/Azizi Lab/Spatial Nut Carcinoma/decipher-bc-methods/Data/Simulated Data/Simulated Data Generation/../Simulated Adata/shift_sigma_sweep/0825/trained/9.9_sigma0.5_seed1_decipher_vz2_add.h5ad,0.612219396220315,0.4369138792541039,
Decipher-VZ2-Add,3,0.5,2,1,0.1,genes,0.633629726102983,/Users/alanxie/CodingProjects/Columbia/Azizi Lab/Spatial Nut Carcinoma/decipher-bc-methods/Data/Simulated Data/Simulated Data Generation/../Simulated Adata/shift_sigma_sweep/0825/trained/9.9_sigma0.5_seed2_decipher_vz2_add.h5ad,0.5987881512857004,0.35441369289373814,
Decipher-VZ2-Add,3,1.0,0,1,0.1,genes,0.27910418328285885,/Users/alanxie/CodingProjects/Columbia/Azizi Lab/Spatial Nut Carcinoma/decipher-bc-methods/Data/Simulated Data/Simulated Data Generation/../Simulated Adata/shift_sigma_sweep/0825/trained/9.9_sigma1.0_seed0_decipher_vz2_add.h5ad,0.6807632944895126,0.5834319050356027,
Decipher-VZ2-Add,3,1.0,1,1,0.1,genes,0.35478275855026015,/Users/alanxie/CodingProjects/Columbia/Azizi Lab/Spatial Nut Carcinoma/decipher-bc-methods/Data/Simulated Data/Simulated Data Generation/../Simulated Adata/shift_sigma_sweep/0825/trained/9.9_sigma1.0_seed1_decipher_vz2_add.h5ad,0.6950130069254341,0.6194368427229189,
Decipher-VZ2-Add,3,1.0,2,1,0.1,genes,0.36948170483337867,/Users/alanxie/CodingProjects/Columbia/Azizi Lab/Spatial Nut Carcinoma/decipher-bc-methods/Data/Simulated Data/Simulated Data Generation/../Simulated Adata/shift_sigma_sweep/0825/trained/9.9_sigma1.0_seed2_decipher_vz2_add.h5ad,0.6931964215888455,0.593770126014968,
Decipher-MF-Add,3,0.1,0,1,0.1,genes,0.8842877870935856,/Users/alanxie/CodingProjects/Columbia/Azizi Lab/Spatial Nut Carcinoma/decipher-bc-methods/Data/Simulated Data/Simulated Data Generation/../Simulated Adata/shift_sigma_sweep/0825/trained/9.9_sigma0.1_seed0_decipher_mf_add.h5ad,0.6724506457162711,0.4028484906565786,
Decipher-MF-Add,3,0.1,1,1,0.1,genes,0.9384993671242556,/Users/alanxie/CodingProjects/Columbia/Azizi Lab/Spatial Nut Carcinoma/decipher-bc-methods/Data/Simulated Data/Simulated Data Generation/../Simulated Adata/shift_sigma_sweep/0825/trained/9.9_sigma0.1_seed1_decipher_mf_add.h5ad,0.6824142786897431,0.43520655216541937,
Decipher-MF-Add,3,0.1,2,1,0.1,genes,0.8722078572736676,/Users/alanxie/CodingProjects/Columbia/Azizi Lab/Spatial Nut Carcinoma/decipher-bc-methods/Data/Simulated Data/Simulated Data Generation/../Simulated Adata/shift_sigma_sweep/0825/trained/9.9_sigma0.1_seed2_decipher_mf_add.h5ad,0.6742025179063245,0.38684242721428974,
Decipher-MF-Add,3,0.25,0,1,0.1,genes,0.8904829234344915,/Users/alanxie/CodingProjects/Columbia/Azizi Lab/Spatial Nut Carcinoma/decipher-bc-methods/Data/Simulated Data/Simulated Data Generation/../Simulated Adata/shift_sigma_sweep/0825/trained/9.9_sigma0.25_seed0_decipher_mf_add.h5ad,0.5772700552297867,0.3186919045710659,
Decipher-MF-Add,3,0.25,1,1,0.1,genes,0.9338496011543457,/Users/alanxie/CodingProjects/Columbia/Azizi Lab/Spatial Nut Carcinoma/decipher-bc-methods/Data/Simulated Data/Simulated Data Generation/../Simulated Adata/shift_sigma_sweep/0825/trained/9.9_sigma0.25_seed1_decipher_mf_add.h5ad,0.639966978066142,0.41351435464872993,
Decipher-MF-Add,3,0.25,2,1,0.1,genes,0.8763663508720347,/Users/alanxie/CodingProjects/Columbia/Azizi Lab/Spatial Nut Carcinoma/decipher-bc-methods/Data/Simulated Data/Simulated Data Generation/../Simulated Adata/shift_sigma_sweep/0825/trained/9.9_sigma0.25_seed2_decipher_mf_add.h5ad,0.5697828252017108,0.32926743584314333,
Decipher-MF-Add,3,0.5,0,1,0.1,genes,0.20557425772630086,/Users/alanxie/CodingProjects/Columbia/Azizi Lab/Spatial Nut Carcinoma/decipher-bc-methods/Data/Simulated Data/Simulated Data Generation/../Simulated Adata/shift_sigma_sweep/0825/trained/9.9_sigma0.5_seed0_decipher_mf_add.h5ad,0.6033704951041001,0.3978732499109129,
Decipher-MF-Add,3,0.5,1,1,0.1,genes,0.9284287929994105,/Users/alanxie/CodingProjects/Columbia/Azizi Lab/Spatial Nut Carcinoma/decipher-bc-methods/Data/Simulated Data/Simulated Data Generation/../Simulated Adata/shift_sigma_sweep/0825/trained/9.9_sigma0.5_seed1_decipher_mf_add.h5ad,0.6307995152610114,0.4759191725143326,
Decipher-MF-Add,3,0.5,2,1,0.1,genes,0.3786271285253494,/Users/alanxie/CodingProjects/Columbia/Azizi Lab/Spatial Nut Carcinoma/decipher-bc-methods/Data/Simulated Data/Simulated Data Generation/../Simulated Adata/shift_sigma_sweep/0825/trained/9.9_sigma0.5_seed2_decipher_mf_add.h5ad,0.5944125326289981,0.3997300442907511,
Decipher-MF-Add,3,1.0,0,1,0.1,genes,0.17692838222972657,/Users/alanxie/CodingProjects/Columbia/Azizi Lab/Spatial Nut Carcinoma/decipher-bc-methods/Data/Simulated Data/Simulated Data Generation/../Simulated Adata/shift_sigma_sweep/0825/trained/9.9_sigma1.0_seed0_decipher_mf_add.h5ad,0.6900124297163988,0.5607087025054319,
Decipher-MF-Add,3,1.0,1,1,0.1,genes,0.40009725272580904,/Users/alanxie/CodingProjects/Columbia/Azizi Lab/Spatial Nut Carcinoma/decipher-bc-methods/Data/Simulated Data/Simulated Data Generation/../Simulated Adata/shift_sigma_sweep/0825/trained/9.9_sigma1.0_seed1_decipher_mf_add.h5ad,0.688581133633512,0.5636348720596798,
Decipher-MF-Add,3,1.0,2,1,0.1,genes,0.27045008845907825,/Users/alanxie/CodingProjects/Columbia/Azizi Lab/Spatial Nut Carcinoma/decipher-bc-methods/Data/Simulated Data/Simulated Data Generation/../Simulated Adata/shift_sigma_sweep/0825/trained/9.9_sigma1.0_seed2_decipher_mf_add.h5ad,0.6990247142160497,0.5914052651182284,
Decipher-ZX,3,0.1,0,1,0.1,genes,0.8812170926880328,/Users/alanxie/CodingProjects/Columbia/Azizi Lab/Spatial Nut Carcinoma/decipher-bc-methods/Data/Simulated Data/Simulated Data Generation/../Simulated Adata/shift_sigma_sweep/0825/trained/9.9_sigma0.1_seed0_decipher_zx.h5ad,0.729025628824095,0.5129029540041122,
Decipher-ZX,3,0.1,1,1,0.1,genes,0.9166052472381427,/Users/alanxie/CodingProjects/Columbia/Azizi Lab/Spatial Nut Carcinoma/decipher-bc-methods/Data/Simulated Data/Simulated Data Generation/../Simulated Adata/shift_sigma_sweep/0825/trained/9.9_sigma0.1_seed1_decipher_zx.h5ad,0.7603968321618408,0.5376868285881085,
Decipher-ZX,3,0.1,2,1,0.1,genes,0.8735529037315053,/Users/alanxie/CodingProjects/Columbia/Azizi Lab/Spatial Nut Carcinoma/decipher-bc-methods/Data/Simulated Data/Simulated Data Generation/../Simulated Adata/shift_sigma_sweep/0825/trained/9.9_sigma0.1_seed2_decipher_zx.h5ad,0.7290911741927126,0.48673708170411867,
Decipher-ZX,3,0.25,0,1,0.1,genes,0.879764762386299,/Users/alanxie/CodingProjects/Columbia/Azizi Lab/Spatial Nut Carcinoma/decipher-bc-methods/Data/Simulated Data/Simulated Data Generation/../Simulated Adata/shift_sigma_sweep/0825/trained/9.9_sigma0.25_seed0_decipher_zx.h5ad,0.7014220178261215,0.5134636625053355,
Decipher-ZX,3,0.25,1,1,0.1,genes,0.9219051589048055,/Users/alanxie/CodingProjects/Columbia/Azizi Lab/Spatial Nut Carcinoma/decipher-bc-methods/Data/Simulated Data/Simulated Data Generation/../Simulated Adata/shift_sigma_sweep/0825/trained/9.9_sigma0.25_seed1_decipher_zx.h5ad,0.7532350521877479,0.5976778887135733,
Decipher-ZX,3,0.25,2,1,0.1,genes,0.8772779018096662,/Users/alanxie/CodingProjects/Columbia/Azizi Lab/Spatial Nut Carcinoma/decipher-bc-methods/Data/Simulated Data/Simulated Data Generation/../Simulated Adata/shift_sigma_sweep/0825/trained/9.9_sigma0.25_seed2_decipher_zx.h5ad,0.695933225361965,0.5068329417083948,
Decipher-ZX,3,0.5,0,1,0.1,genes,0.8917195016573455,/Users/alanxie/CodingProjects/Columbia/Azizi Lab/Spatial Nut Carcinoma/decipher-bc-methods/Data/Simulated Data/Simulated Data Generation/../Simulated Adata/shift_sigma_sweep/0825/trained/9.9_sigma0.5_seed0_decipher_zx.h5ad,0.778030477981369,0.671248731528451,
Decipher-ZX,3,0.5,1,1,0.1,genes,0.9362577207773967,/Users/alanxie/CodingProjects/Columbia/Azizi Lab/Spatial Nut Carcinoma/decipher-bc-methods/Data/Simulated Data/Simulated Data Generation/../Simulated Adata/shift_sigma_sweep/0825/trained/9.9_sigma0.5_seed1_decipher_zx.h5ad,0.7865969417583293,0.6949293708897896,
Decipher-ZX,3,0.5,2,1,0.1,genes,0.8830503356251153,/Users/alanxie/CodingProjects/Columbia/Azizi Lab/Spatial Nut Carcinoma/decipher-bc-methods/Data/Simulated Data/Simulated Data Generation/../Simulated Adata/shift_sigma_sweep/0825/trained/9.9_sigma0.5_seed2_decipher_zx.h5ad,0.7893319625674973,0.6701588046161611,
Decipher-ZX,3,1.0,0,1,0.1,genes,0.8553553040373274,/Users/alanxie/CodingProjects/Columbia/Azizi Lab/Spatial Nut Carcinoma/decipher-bc-methods/Data/Simulated Data/Simulated Data Generation/../Simulated Adata/shift_sigma_sweep/0825/trained/9.9_sigma1.0_seed0_decipher_zx.h5ad,0.8747339857216869,0.8256703079652474,
Decipher-ZX,3,1.0,1,1,0.1,genes,0.9384132284704365,/Users/alanxie/CodingProjects/Columbia/Azizi Lab/Spatial Nut Carcinoma/decipher-bc-methods/Data/Simulated Data/Simulated Data Generation/../Simulated Adata/shift_sigma_sweep/0825/trained/9.9_sigma1.0_seed1_decipher_zx.h5ad,0.8833573364798858,0.8414801479322563,
Decipher-ZX,3,1.0,2,1,0.1,genes,0.8805236825377899,/Users/alanxie/CodingProjects/Columbia/Azizi Lab/Spatial Nut Carcinoma/decipher-bc-methods/Data/Simulated Data/Simulated Data Generation/../Simulated Adata/shift_sigma_sweep/0825/trained/9.9_sigma1.0_seed2_decipher_zx.h5ad,0.8782059500613737,0.8195432305146357,
Decipher-ZX2,3,0.1,0,1,0.1,genes,0.8809132022867863,/Users/alanxie/CodingProjects/Columbia/Azizi Lab/Spatial Nut Carcinoma/decipher-bc-methods/Data/Simulated Data/Simulated Data Generation/../Simulated Adata/shift_sigma_sweep/0825/trained/9.9_sigma0.1_seed0_decipher_zx2.h5ad,0.7279007055908049,0.49604591394846065,
Decipher-ZX2,3,0.1,1,1,0.1,genes,0.93532208130307,/Users/alanxie/CodingProjects/Columbia/Azizi Lab/Spatial Nut Carcinoma/decipher-bc-methods/Data/Simulated Data/Simulated Data Generation/../Simulated Adata/shift_sigma_sweep/0825/trained/9.9_sigma0.1_seed1_decipher_zx2.h5ad,0.74979476118501,0.5324774609609508,
Decipher-ZX2,3,0.1,2,1,0.1,genes,0.8749480722454018,/Users/alanxie/CodingProjects/Columbia/Azizi Lab/Spatial Nut Carcinoma/decipher-bc-methods/Data/Simulated Data/Simulated Data Generation/../Simulated Adata/shift_sigma_sweep/0825/trained/9.9_sigma0.1_seed2_decipher_zx2.h5ad,0.7287755814927476,0.486467048852819,
Decipher-ZX2,3,0.25,0,1,0.1,genes,0.8954347995849675,/Users/alanxie/CodingProjects/Columbia/Azizi Lab/Spatial Nut Carcinoma/decipher-bc-methods/Data/Simulated Data/Simulated Data Generation/../Simulated Adata/shift_sigma_sweep/0825/trained/9.9_sigma0.25_seed0_decipher_zx2.h5ad,0.6946942629289246,0.5065278162912781,
Decipher-ZX2,3,0.25,1,1,0.1,genes,0.9276663481036103,/Users/alanxie/CodingProjects/Columbia/Azizi Lab/Spatial Nut Carcinoma/decipher-bc-methods/Data/Simulated Data/Simulated Data Generation/../Simulated Adata/shift_sigma_sweep/0825/trained/9.9_sigma0.25_seed1_decipher_zx2.h5ad,0.7355762820055023,0.5680302981751266,
Decipher-ZX2,3,0.25,2,1,0.1,genes,0.8808254112320906,/Users/alanxie/CodingProjects/Columbia/Azizi Lab/Spatial Nut Carcinoma/decipher-bc-methods/Data/Simulated Data/Simulated Data Generation/../Simulated Adata/shift_sigma_sweep/0825/trained/9.9_sigma0.25_seed2_decipher_zx2.h5ad,0.7090434513149089,0.5348917145089125,
Decipher-ZX2,3,0.5,0,1,0.1,genes,0.8941006806561574,/Users/alanxie/CodingProjects/Columbia/Azizi Lab/Spatial Nut Carcinoma/decipher-bc-methods/Data/Simulated Data/Simulated Data Generation/../Simulated Adata/shift_sigma_sweep/0825/trained/9.9_sigma0.5_seed0_decipher_zx2.h5ad,0.7793473915911066,0.6709660437669054,
Decipher-ZX2,3,0.5,1,1,0.1,genes,0.9391867061909789,/Users/alanxie/CodingProjects/Columbia/Azizi Lab/Spatial Nut Carcinoma/decipher-bc-methods/Data/Simulated Data/Simulated Data Generation/../Simulated Adata/shift_sigma_sweep/0825/trained/9.9_sigma0.5_seed1_decipher_zx2.h5ad,0.7920213718412219,0.6984436328109784,
Decipher-ZX2,3,0.5,2,1,0.1,genes,0.8774290217864549,/Users/alanxie/CodingProjects/Columbia/Azizi Lab/Spatial Nut Carcinoma/decipher-bc-methods/Data/Simulated Data/Simulated Data Generation/../Simulated Adata/shift_sigma_sweep/0825/trained/9.9_sigma0.5_seed2_decipher_zx2.h5ad,0.7857314601259813,0.6685278959777614,
Decipher-ZX2,3,1.0,0,1,0.1,genes,0.8734920818315411,/Users/alanxie/CodingProjects/Columbia/Azizi Lab/Spatial Nut Carcinoma/decipher-bc-methods/Data/Simulated Data/Simulated Data Generation/../Simulated Adata/shift_sigma_sweep/0825/trained/9.9_sigma1.0_seed0_decipher_zx2.h5ad,0.8741277734516761,0.8260665731610133,
Decipher-ZX2,3,1.0,1,1,0.1,genes,0.9350708583485299,/Users/alanxie/CodingProjects/Columbia/Azizi Lab/Spatial Nut Carcinoma/decipher-bc-methods/Data/Simulated Data/Simulated Data Generation/../Simulated Adata/shift_sigma_sweep/0825/trained/9.9_sigma1.0_seed1_decipher_zx2.h5ad,0.8809482471746506,0.8375613216652438,
Decipher-ZX2,3,1.0,2,1,0.1,genes,0.8751943681534281,/Users/alanxie/CodingProjects/Columbia/Azizi Lab/Spatial Nut Carcinoma/decipher-bc-methods/Data/Simulated Data/Simulated Data Generation/../Simulated Adata/shift_sigma_sweep/0825/trained/9.9_sigma1.0_seed2_decipher_zx2.h5ad,0.8788601994846487,0.820133254628463,
Decipher-MF2,3,0.1,0,1,0.1,genes,0.8832867835784791,/Users/alanxie/CodingProjects/Columbia/Azizi Lab/Spatial Nut Carcinoma/decipher-bc-methods/Data/Simulated Data/Simulated Data Generation/../Simulated Adata/shift_sigma_sweep/0825/trained/9.9_sigma0.1_seed0_decipher_mf2.h5ad,0.7312133454745182,0.5058124866428227,
Decipher-MF2,3,0.1,1,1,0.1,genes,0.9340184245340636,/Users/alanxie/CodingProjects/Columbia/Azizi Lab/Spatial Nut Carcinoma/decipher-bc-methods/Data/Simulated Data/Simulated Data Generation/../Simulated Adata/shift_sigma_sweep/0825/trained/9.9_sigma0.1_seed1_decipher_mf2.h5ad,0.7545868828731269,0.5441168129617788,
Decipher-MF2,3,0.1,2,1,0.1,genes,0.8783447082506621,/Users/alanxie/CodingProjects/Columbia/Azizi Lab/Spatial Nut Carcinoma/decipher-bc-methods/Data/Simulated Data/Simulated Data Generation/../Simulated Adata/shift_sigma_sweep/0825/trained/9.9_sigma0.1_seed2_decipher_mf2.h5ad,0.7331946248905317,0.4937005793922643,
Decipher-MF2,3,0.25,0,1,0.1,genes,0.8473107354341609,/Users/alanxie/CodingProjects/Columbia/Azizi Lab/Spatial Nut Carcinoma/decipher-bc-methods/Data/Simulated Data/Simulated Data Generation/../Simulated Adata/shift_sigma_sweep/0825/trained/9.9_sigma0.25_seed0_decipher_mf2.h5ad,0.7186507268076732,0.5524910223182963,
Decipher-MF2,3,0.25,1,1,0.1,genes,0.9317425323494131,/Users/alanxie/CodingProjects/Columbia/Azizi Lab/Spatial Nut Carcinoma/decipher-bc-methods/Data/Simulated Data/Simulated Data Generation/../Simulated Adata/shift_sigma_sweep/0825/trained/9.9_sigma0.25_seed1_decipher_mf2.h5ad,0.76016876214739,0.6113195433415379,
Decipher-MF2,3,0.25,2,1,0.1,genes,0.8658152182807921,/Users/alanxie/CodingProjects/Columbia/Azizi Lab/Spatial Nut Carcinoma/decipher-bc-methods/Data/Simulated Data/Simulated Data Generation/../Simulated Adata/shift_sigma_sweep/0825/trained/9.9_sigma0.25_seed2_decipher_mf2.h5ad,0.7053294718270462,0.5247824600304962,
Decipher-MF2,3,0.5,0,1,0.1,genes,0.8889766508247149,/Users/alanxie/CodingProjects/Columbia/Azizi Lab/Spatial Nut Carcinoma/decipher-bc-methods/Data/Simulated Data/Simulated Data Generation/../Simulated Adata/shift_sigma_sweep/0825/trained/9.9_sigma0.5_seed0_decipher_mf2.h5ad,0.8011265515852465,0.7087680099166032,
Decipher-MF2,3,0.5,1,1,0.1,genes,0.9306469135148935,/Users/alanxie/CodingProjects/Columbia/Azizi Lab/Spatial Nut Carcinoma/decipher-bc-methods/Data/Simulated Data/Simulated Data Generation/../Simulated Adata/shift_sigma_sweep/0825/trained/9.9_sigma0.5_seed1_decipher_mf2.h5ad,0.8069838558420729,0.7147444448932325,
Decipher-MF2,3,0.5,2,1,0.1,genes,0.8778577354259519,/Users/alanxie/CodingProjects/Columbia/Azizi Lab/Spatial Nut Carcinoma/decipher-bc-methods/Data/Simulated Data/Simulated Data Generation/../Simulated Adata/shift_sigma_sweep/0825/trained/9.9_sigma0.5_seed2_decipher_mf2.h5ad,0.7900114040972704,0.6820474819075953,
Decipher-MF2,3,1.0,0,1,0.1,genes,0.6731382204941122,/Users/alanxie/CodingProjects/Columbia/Azizi Lab/Spatial Nut Carcinoma/decipher-bc-methods/Data/Simulated Data/Simulated Data Generation/../Simulated Adata/shift_sigma_sweep/0825/trained/9.9_sigma1.0_seed0_decipher_mf2.h5ad,0.8829239981009797,0.8387826041134951,
Decipher-MF2,3,1.0,1,1,0.1,genes,0.9345161137930776,/Users/alanxie/CodingProjects/Columbia/Azizi Lab/Spatial Nut Carcinoma/decipher-bc-methods/Data/Simulated Data/Simulated Data Generation/../Simulated Adata/shift_sigma_sweep/0825/trained/9.9_sigma1.0_seed1_decipher_mf2.h5ad,0.8888428904221923,0.851202761742825,
Decipher-MF2,3,1.0,2,1,0.1,genes,0.7868427503903611,/Users/alanxie/CodingProjects/Columbia/Azizi Lab/Spatial Nut Carcinoma/decipher-bc-methods/Data/Simulated Data/Simulated Data Generation/../Simulated Adata/shift_sigma_sweep/0825/trained/9.9_sigma1.0_seed2_decipher_mf2.h5ad,0.8845170872390277,0.8285368750502463,
Base Decipher,3,0.1,0,1,0.1,genes,0.8769379854164263,/Users/alanxie/CodingProjects/Columbia/Azizi Lab/Spatial Nut Carcinoma/decipher-bc-methods/Data/Simulated Data/Simulated Data Generation/../Simulated Adata/shift_sigma_sweep/0825/trained/9.9_sigma0.1_seed0_decipher.h5ad,0.6690603204632706,0.38932364201680314,
Base Decipher,3,0.1,1,1,0.1,genes,0.9209120561200115,/Users/alanxie/CodingProjects/Columbia/Azizi Lab/Spatial Nut Carcinoma/decipher-bc-methods/Data/Simulated Data/Simulated Data Generation/../Simulated Adata/shift_sigma_sweep/0825/trained/9.9_sigma0.1_seed1_decipher.h5ad,0.7011491976961625,0.4476773162483071,
Base Decipher,3,0.1,2,1,0.1,genes,0.8794064819744309,/Users/alanxie/CodingProjects/Columbia/Azizi Lab/Spatial Nut Carcinoma/decipher-bc-methods/Data/Simulated Data/Simulated Data Generation/../Simulated Adata/shift_sigma_sweep/0825/trained/9.9_sigma0.1_seed2_decipher.h5ad,0.6716482019744692,0.3580136765984281,
Base Decipher,3,0.25,0,1,0.1,genes,0.8843688042261261,/Users/alanxie/CodingProjects/Columbia/Azizi Lab/Spatial Nut Carcinoma/decipher-bc-methods/Data/Simulated Data/Simulated Data Generation/../Simulated Adata/shift_sigma_sweep/0825/trained/9.9_sigma0.25_seed0_decipher.h5ad,0.5727273962674015,0.3217107335758205,
Base Decipher,3,0.25,1,1,0.1,genes,0.9351674063153999,/Users/alanxie/CodingProjects/Columbia/Azizi Lab/Spatial Nut Carcinoma/decipher-bc-methods/Data/Simulated Data/Simulated Data Generation/../Simulated Adata/shift_sigma_sweep/0825/trained/9.9_sigma0.25_seed1_decipher.h5ad,0.6333213013331573,0.4024480682856285,
Base Decipher,3,0.25,2,1,0.1,genes,0.8494186414026488,/Users/alanxie/CodingProjects/Columbia/Azizi Lab/Spatial Nut Carcinoma/decipher-bc-methods/Data/Simulated Data/Simulated Data Generation/../Simulated Adata/shift_sigma_sweep/0825/trained/9.9_sigma0.25_seed2_decipher.h5ad,0.5214361834961362,0.2574911794258287,
Base Decipher,3,0.5,0,1,0.1,genes,0.1926503338581908,/Users/alanxie/CodingProjects/Columbia/Azizi Lab/Spatial Nut Carcinoma/decipher-bc-methods/Data/Simulated Data/Simulated Data Generation/../Simulated Adata/shift_sigma_sweep/0825/trained/9.9_sigma0.5_seed0_decipher.h5ad,0.5997934045805817,0.35452238992509233,
Base Decipher,3,0.5,1,1,0.1,genes,0.9189331610591271,/Users/alanxie/CodingProjects/Columbia/Azizi Lab/Spatial Nut Carcinoma/decipher-bc-methods/Data/Simulated Data/Simulated Data Generation/../Simulated Adata/shift_sigma_sweep/0825/trained/9.9_sigma0.5_seed1_decipher.h5ad,0.6330260805208294,0.4909084496608695,
Base Decipher,3,0.5,2,1,0.1,genes,0.6279345290602036,/Users/alanxie/CodingProjects/Columbia/Azizi Lab/Spatial Nut Carcinoma/decipher-bc-methods/Data/Simulated Data/Simulated Data Generation/../Simulated Adata/shift_sigma_sweep/0825/trained/9.9_sigma0.5_seed2_decipher.h5ad,0.597780960843369,0.3842975103473685,
Base Decipher,3,1.0,0,1,0.1,genes,0.22475828668016049,/Users/alanxie/CodingProjects/Columbia/Azizi Lab/Spatial Nut Carcinoma/decipher-bc-methods/Data/Simulated Data/Simulated Data Generation/../Simulated Adata/shift_sigma_sweep/0825/trained/9.9_sigma1.0_seed0_decipher.h5ad,0.6792702398078595,0.5882907353985638,
Base Decipher,3,1.0,1,1,0.1,genes,0.5695790799392751,/Users/alanxie/CodingProjects/Columbia/Azizi Lab/Spatial Nut Carcinoma/decipher-bc-methods/Data/Simulated Data/Simulated Data Generation/../Simulated Adata/shift_sigma_sweep/0825/trained/9.9_sigma1.0_seed1_decipher.h5ad,0.6929014063169285,0.5825771425924398,
Base Decipher,3,1.0,2,1,0.1,genes,0.34346797529495027,/Users/alanxie/CodingProjects/Columbia/Azizi Lab/Spatial Nut Carcinoma/decipher-bc-methods/Data/Simulated Data/Simulated Data Generation/../Simulated Adata/shift_sigma_sweep/0825/trained/9.9_sigma1.0_seed2_decipher.h5ad,0.6837023719682531,0.5905169730965364,
