embedding,scope,group,metric,variable,value,n_cells,n_levels
pca,global,all,ilisi_median,donor,2.0011729076133022,49085,9
pca,global,all,ilisi_median_norm,donor,0.12514661345166278,49085,9
pca,global,all,kbet_acceptance,donor,0.015951920138535195,49085,9
pca,global,all,batch_asw,donor,0.9018943592049236,49085,9
pca,global,all,ilisi_median_perm,donor,3.6034319417953613,49085,9
pca,global,all,ilisi_median_norm_perm,donor,0.32542899272442016,49085,9
pca,global,all,kbet_acceptance_perm,donor,0.29660792502801264,49085,9
pca,global,all,batch_asw_perm,donor,0.9508507623862289,49085,9
pca,global,all,ilisi_median,site,1.504040385198589,49085,4
pca,global,all,ilisi_median_norm,site,0.16801346173286302,49085,4
pca,global,all,kbet_acceptance,site,0.04056228990526638,49085,4
pca,global,all,batch_asw,site,0.926299950038284,49085,4
pca,global,all,ilisi_median_perm,site,2.553652962136856,49085,4
pca,global,all,ilisi_median_norm_perm,site,0.5178843207122853,49085,4
pca,global,all,kbet_acceptance_perm,site,0.3568911072629113,49085,4
pca,global,all,batch_asw_perm,site,0.9839840042027538,49085,4
pca,global,all,ilisi_median,sample,2.2411531486065166,49085,12
pca,global,all,ilisi_median_norm,sample,0.11283210441877424,49085,12
pca,global,all,kbet_acceptance,sample,0.004420902516043598,49085,12
pca,global,all,batch_asw,sample,0.9136663064269387,49085,12
pca,global,all,ilisi_median_perm,sample,5.042531715861556,49085,12
pca,global,all,ilisi_median_norm_perm,sample,0.36750288326014147,49085,12
pca,global,all,kbet_acceptance_perm,sample,0.31380258734847716,49085,12
pca,global,all,batch_asw_perm,sample,0.951849373513811,49085,12
pca,lineage,HSC,ilisi_median,donor,2.3592272309969005,1703,9
pca,lineage,HSC,ilisi_median_norm,donor,0.16990340387461256,1703,9
pca,lineage,HSC,kbet_acceptance,donor,0.026423957721667644,1703,9
pca,lineage,HSC,batch_asw,donor,0.8747139316550281,1703,9
pca,lineage,HSC,ilisi_median_perm,donor,4.552522176205261,1703,9
pca,lineage,HSC,ilisi_median_norm_perm,donor,0.4440652720256576,1703,9
pca,lineage,HSC,kbet_acceptance_perm,donor,0.9406928948913682,1703,9
pca,lineage,HSC,batch_asw_perm,donor,0.9638615682811584,1703,9
pca,lineage,HSC,ilisi_median,site,1.8248830397817517,1703,4
pca,lineage,HSC,ilisi_median_norm,site,0.2749610132605839,1703,4
pca,lineage,HSC,kbet_acceptance,site,0.10745742806811509,1703,4
pca,lineage,HSC,batch_asw,site,0.9369488589793321,1703,4
pca,lineage,HSC,ilisi_median_perm,site,2.9294492419780527,1703,4
pca,lineage,HSC,ilisi_median_norm_perm,site,0.6431497473260176,1703,4
pca,lineage,HSC,kbet_acceptance_perm,site,0.9213153258954786,1703,4
pca,lineage,HSC,batch_asw_perm,site,0.9843007207947237,1703,4
pca,lineage,HSC,ilisi_median,sample,2.5854659813219705,1703,12
pca,lineage,HSC,ilisi_median_norm,sample,0.14413327102927004,1703,12
pca,lineage,HSC,kbet_acceptance,sample,0.008220786846741044,1703,12
pca,lineage,HSC,batch_asw,sample,0.8872324537297662,1703,12
pca,lineage,HSC,ilisi_median_perm,sample,5.584364799226593,1703,12
pca,lineage,HSC,ilisi_median_norm_perm,sample,0.41676043629332665,1703,12
pca,lineage,HSC,kbet_acceptance_perm,sample,0.9718144450968879,1703,12
pca,lineage,HSC,batch_asw_perm,sample,0.9494427490463099,1703,12
pca,lineage,erythroid,ilisi_median,donor,2.3322531361431995,11948,9
pca,lineage,erythroid,ilisi_median_norm,donor,0.16653164201789994,11948,9
pca,lineage,erythroid,kbet_acceptance,donor,0.10629394040843655,11948,9
pca,lineage,erythroid,batch_asw,donor,0.8779187922500856,11948,9
pca,lineage,erythroid,ilisi_median_perm,donor,3.328645527921598,11948,9
pca,lineage,erythroid,ilisi_median_norm_perm,donor,0.29108069099019973,11948,9
pca,lineage,erythroid,kbet_acceptance_perm,donor,0.5909775694676933,11948,9
pca,lineage,erythroid,batch_asw_perm,donor,0.9439226240154792,11948,9
pca,lineage,erythroid,ilisi_median,site,1.8767401589272823,11948,4
pca,lineage,erythroid,ilisi_median_norm,site,0.29224671964242743,11948,4
pca,lineage,erythroid,kbet_acceptance,site,0.05942417140944091,11948,4
pca,lineage,erythroid,batch_asw,site,0.9119668171929802,11948,4
pca,lineage,erythroid,ilisi_median_perm,site,2.7834408162287154,11948,4
pca,lineage,erythroid,ilisi_median_norm_perm,site,0.5944802720762384,11948,4
pca,lineage,erythroid,kbet_acceptance_perm,site,0.36767659859390694,11948,4
pca,lineage,erythroid,batch_asw_perm,site,0.9784112509600209,11948,4
pca,lineage,erythroid,ilisi_median,sample,2.935586437846048,11948,12
pca,lineage,erythroid,ilisi_median_norm,sample,0.17596240344054984,11948,12
pca,lineage,erythroid,kbet_acceptance,sample,0.01498158687646468,11948,12
pca,lineage,erythroid,batch_asw,sample,0.8885356868996139,11948,12
pca,lineage,erythroid,ilisi_median_perm,sample,5.207579618227616,11948,12
pca,lineage,erythroid,ilisi_median_norm_perm,sample,0.38250723802069236,11948,12
pca,lineage,erythroid,kbet_acceptance_perm,sample,0.3864245061935052,11948,12
pca,lineage,erythroid,batch_asw_perm,sample,0.9306421334889563,11948,12
pca,lineage,lymphoid,ilisi_median,donor,2.2340319989834474,9225,9
pca,lineage,lymphoid,ilisi_median_norm,donor,0.15425399987293092,9225,9
pca,lineage,lymphoid,kbet_acceptance,donor,0.03447154471544715,9225,9
pca,lineage,lymphoid,batch_asw,donor,0.9160370755150666,9225,9
pca,lineage,lymphoid,ilisi_median_perm,donor,3.8236210237524415,9225,9
pca,lineage,lymphoid,ilisi_median_norm_perm,donor,0.3529526279690552,9225,9
pca,lineage,lymphoid,kbet_acceptance_perm,donor,0.6650406504065041,9225,9
pca,lineage,lymphoid,batch_asw_perm,donor,0.9587782969382119,9225,9
pca,lineage,lymphoid,ilisi_median,site,1.514560438308607,9225,4
pca,lineage,lymphoid,ilisi_median_norm,site,0.17152014610286903,9225,4
pca,lineage,lymphoid,kbet_acceptance,site,0.036205962059620594,9225,4
pca,lineage,lymphoid,batch_asw,site,0.9294271927312396,9225,4
pca,lineage,lymphoid,ilisi_median_perm,site,3.0690803443380665,9225,4
pca,lineage,lymphoid,ilisi_median_norm_perm,site,0.6896934481126888,9225,4
pca,lineage,lymphoid,kbet_acceptance_perm,site,0.6981029810298103,9225,4
pca,lineage,lymphoid,batch_asw_perm,site,0.9892056850327334,9225,4
pca,lineage,lymphoid,ilisi_median,sample,2.4438843732056585,9225,12
pca,lineage,lymphoid,ilisi_median_norm,sample,0.13126221574596897,9225,12
pca,lineage,lymphoid,kbet_acceptance,sample,0.011056910569105691,9225,12
pca,lineage,lymphoid,batch_asw,sample,0.9342693765548203,9225,12
pca,lineage,lymphoid,ilisi_median_perm,sample,5.632188555729063,9225,12
pca,lineage,lymphoid,ilisi_median_norm_perm,sample,0.4211080505208239,9225,12
pca,lineage,lymphoid,kbet_acceptance_perm,sample,0.6142005420054201,9225,12
pca,lineage,lymphoid,batch_asw_perm,sample,0.9584496162922209,9225,12
pca,lineage,myeloid,ilisi_median,donor,1.6730599915599202,26209,9
pca,lineage,myeloid,ilisi_median_norm,donor,0.08413249894499003,26209,9
pca,lineage,myeloid,kbet_acceptance,donor,0.024152008851921095,26209,9
pca,lineage,myeloid,batch_asw,donor,0.9293291121009523,26209,9
pca,lineage,myeloid,ilisi_median_perm,donor,3.6312526399004827,26209,9
pca,lineage,myeloid,ilisi_median_norm_perm,donor,0.32890657998756034,26209,9
pca,lineage,myeloid,kbet_acceptance_perm,donor,0.8334160021366707,26209,9
pca,lineage,myeloid,batch_asw_perm,donor,0.9693796209643452,26209,9
pca,lineage,myeloid,ilisi_median,site,1.3373805375237935,26209,4
pca,lineage,myeloid,ilisi_median_norm,site,0.11246017917459783,26209,4
pca,lineage,myeloid,kbet_acceptance,site,0.08432217940402152,26209,4
pca,lineage,myeloid,batch_asw,site,0.9449520284666691,26209,4
pca,lineage,myeloid,ilisi_median_perm,site,2.261095771776087,26209,4
pca,lineage,myeloid,ilisi_median_norm_perm,site,0.4203652572586957,26209,4
pca,lineage,myeloid,kbet_acceptance_perm,site,0.8920599793963906,26209,4
pca,lineage,myeloid,batch_asw_perm,site,0.9910564549823784,26209,4
pca,lineage,myeloid,ilisi_median,sample,1.8227038707471452,26209,12
pca,lineage,myeloid,ilisi_median_norm,sample,0.0747912609770132,26209,12
pca,lineage,myeloid,kbet_acceptance,sample,0.009271624251211415,26209,12
pca,lineage,myeloid,batch_asw,sample,0.935731829398699,26209,12
pca,lineage,myeloid,ilisi_median_perm,sample,4.773750641383343,26209,12
pca,lineage,myeloid,ilisi_median_norm_perm,sample,0.34306824012575843,26209,12
pca,lineage,myeloid,kbet_acceptance_perm,sample,0.8323858216643137,26209,12
pca,lineage,myeloid,batch_asw_perm,sample,0.9552957632017892,26209,12
pca,global,all,clisi_median,cell_type,1.0000000000000007,49085,13
pca,global,all,clisi_score,cell_type,1.0,49085,13
pca,global,all,celltype_asw,cell_type,0.19792175815140545,49085,13
pca,lineage,erythroid,clisi_median,cell_type,1.0024423009948278,11948,5
pca,lineage,erythroid,clisi_score,cell_type,0.9993894247512931,11948,5
pca,lineage,erythroid,celltype_asw,cell_type,0.3117638749819905,11948,5
pca,lineage,lymphoid,clisi_median,cell_type,1.0184963893950911,9225,4
pca,lineage,lymphoid,clisi_score,cell_type,0.9938345368683029,9225,4
pca,lineage,lymphoid,celltype_asw,cell_type,0.12392837997521892,9225,4
pca,lineage,myeloid,clisi_median,cell_type,1.0000000000000002,26209,3
pca,lineage,myeloid,clisi_score,cell_type,0.9999999999999999,26209,3
pca,lineage,myeloid,celltype_asw,cell_type,0.19678515269793279,26209,3
