run_id,config,conditioned_on,n_batches,seed,hvg,n_cells,n_train,n_val,n_epochs,seconds_total,seconds_per_epoch,peak_rss_mb,shared_h5ad_sha256,package,git_sha,git_dirty,wandb_run_id,wandb_url,status,error
native_hvg2000_ds2,native,none,0,2,2000,39860,35873,3987,33,399.7,12.11,2818.0,46bcf4ca5490e028daab7776030c35027ee31eea61cd6ba3c2982bb147c35b70,decipher_m5,c911e7235943b1c464bd1c1d1884710df42b0af2,True,fusech00,https://wandb.ai/jpark-columbia/decipher-bc-bmmc/runs/fusech00,ok,
native_hvg2000_ds1,native,none,0,1,2000,39860,35873,3987,42,522.8,12.45,2820.0,46bcf4ca5490e028daab7776030c35027ee31eea61cd6ba3c2982bb147c35b70,decipher_m5,c911e7235943b1c464bd1c1d1884710df42b0af2,True,goghreby,https://wandb.ai/jpark-columbia/decipher-bc-bmmc/runs/goghreby,ok,
native_hvg2000_ds3,native,none,0,3,2000,39860,35873,3987,37,449.8,12.16,2839.0,46bcf4ca5490e028daab7776030c35027ee31eea61cd6ba3c2982bb147c35b70,decipher_m5,c911e7235943b1c464bd1c1d1884710df42b0af2,True,be1unspi,https://wandb.ai/jpark-columbia/decipher-bc-bmmc/runs/be1unspi,ok,
BC-donor_hvg2000_ds1,BC-donor,donor,9,1,2000,39860,35873,3987,54,744.5,13.79,2822.0,46bcf4ca5490e028daab7776030c35027ee31eea61cd6ba3c2982bb147c35b70,decipher_m5,c911e7235943b1c464bd1c1d1884710df42b0af2,True,3ovve911,https://wandb.ai/jpark-columbia/decipher-bc-bmmc/runs/3ovve911,ok,
BC-donor_hvg2000_ds2,BC-donor,donor,9,2,2000,39860,35873,3987,35,434.8,12.42,2803.0,46bcf4ca5490e028daab7776030c35027ee31eea61cd6ba3c2982bb147c35b70,decipher_m5,c911e7235943b1c464bd1c1d1884710df42b0af2,True,nojjocuo,https://wandb.ai/jpark-columbia/decipher-bc-bmmc/runs/nojjocuo,ok,
BC-donor_hvg2000_ds3,BC-donor,donor,9,3,2000,39860,35873,3987,30,376.0,12.53,2804.0,46bcf4ca5490e028daab7776030c35027ee31eea61cd6ba3c2982bb147c35b70,decipher_m5,c911e7235943b1c464bd1c1d1884710df42b0af2,True,9jmr4cb3,https://wandb.ai/jpark-columbia/decipher-bc-bmmc/runs/9jmr4cb3,ok,
BC-site_hvg2000_ds1,BC-site,site,4,1,2000,39860,35873,3987,38,477.1,12.55,2803.0,46bcf4ca5490e028daab7776030c35027ee31eea61cd6ba3c2982bb147c35b70,decipher_m5,c911e7235943b1c464bd1c1d1884710df42b0af2,True,m6z3hfp5,https://wandb.ai/jpark-columbia/decipher-bc-bmmc/runs/m6z3hfp5,ok,
BC-site_hvg2000_ds2,BC-site,site,4,2,2000,39860,35873,3987,41,518.1,12.64,2804.0,46bcf4ca5490e028daab7776030c35027ee31eea61cd6ba3c2982bb147c35b70,decipher_m5,c911e7235943b1c464bd1c1d1884710df42b0af2,True,2jlsvhfz,https://wandb.ai/jpark-columbia/decipher-bc-bmmc/runs/2jlsvhfz,ok,
BC-site_hvg2000_ds3,BC-site,site,4,3,2000,39860,35873,3987,45,584.9,13.0,2805.0,46bcf4ca5490e028daab7776030c35027ee31eea61cd6ba3c2982bb147c35b70,decipher_m5,c911e7235943b1c464bd1c1d1884710df42b0af2,True,7cbi0jyo,https://wandb.ai/jpark-columbia/decipher-bc-bmmc/runs/7cbi0jyo,ok,
BC-sample_hvg2000_ds1,BC-sample,sample,12,1,2000,39860,35873,3987,44,564.8,12.84,2804.0,46bcf4ca5490e028daab7776030c35027ee31eea61cd6ba3c2982bb147c35b70,decipher_m5,c911e7235943b1c464bd1c1d1884710df42b0af2,True,bfss23kc,https://wandb.ai/jpark-columbia/decipher-bc-bmmc/runs/bfss23kc,ok,
BC-sample_hvg2000_ds2,BC-sample,sample,12,2,2000,39860,35873,3987,31,388.5,12.53,2802.0,46bcf4ca5490e028daab7776030c35027ee31eea61cd6ba3c2982bb147c35b70,decipher_m5,c911e7235943b1c464bd1c1d1884710df42b0af2,True,ib0q2jlf,https://wandb.ai/jpark-columbia/decipher-bc-bmmc/runs/ib0q2jlf,ok,
BC-sample_hvg2000_ds3,BC-sample,sample,12,3,2000,39860,35873,3987,38,461.7,12.15,2806.0,46bcf4ca5490e028daab7776030c35027ee31eea61cd6ba3c2982bb147c35b70,decipher_m5,c911e7235943b1c464bd1c1d1884710df42b0af2,True,6j9nebnt,https://wandb.ai/jpark-columbia/decipher-bc-bmmc/runs/6j9nebnt,ok,
