fit,space,metric,native,native_sd,zx2,zx2_sd,delta,|delta|/sd,verdict,better
C1,decipher_v,score_divergence,-0.9644,0.6319,-1.4701,0.3908,-0.5057,0.8,inside spread,higher
C1,decipher_z,score_divergence,-1.0957,0.0841,-1.0578,0.1635,0.0379,0.2,inside spread,higher
C1,decipher_v,score_ordering,0.6075,0.1762,0.684,0.0744,0.0766,0.4,inside spread,higher
C1,decipher_z,score_ordering,0.5926,0.0214,0.5724,0.0289,-0.0202,0.7,inside spread,higher
C1,decipher_v,sil_batch,0.0002,0.0002,0.0003,0.0002,0.0001,0.4,inside spread,lower
C1,decipher_z,sil_batch,0.0003,0.0001,0.0003,0.0001,-0.0001,0.6,inside spread,lower
C2,decipher_v,score_divergence,-0.0434,0.1219,-0.0088,0.1996,0.0346,0.2,inside spread,higher
C2,decipher_z,score_divergence,-0.237,0.0889,0.0128,0.109,0.2498,2.3,READABLE,higher
C2,decipher_v,score_ordering,0.7006,0.1199,0.7402,0.1329,0.0395,0.3,inside spread,higher
C2,decipher_z,score_ordering,0.5877,0.0235,0.5855,0.013,-0.0023,0.1,inside spread,higher
C2,decipher_v,sil_batch,0.0007,0.0004,0.0009,0.0001,0.0002,0.6,inside spread,lower
C2,decipher_z,sil_batch,0.0005,0.0002,0.0004,0.0001,-0.0,0.2,inside spread,lower
E,decipher_v,score_divergence,-1.1628,1.0695,-1.3098,0.1716,-0.147,0.1,inside spread,higher
E,decipher_z,score_divergence,-0.7754,0.1442,-0.6966,0.0921,0.0788,0.5,inside spread,higher
E,decipher_v,score_ordering,0.6511,0.0542,0.5596,0.0723,-0.0915,1.3,inside spread,higher
E,decipher_z,score_ordering,0.5442,0.0303,0.5361,0.0093,-0.0081,0.3,inside spread,higher
E,decipher_v,sil_batch,-0.074,0.0261,-0.1203,0.0419,-0.0463,1.1,inside spread,lower
E,decipher_z,sil_batch,0.1073,0.0084,-0.0397,0.0186,-0.147,7.9,READABLE,lower
