pc,var_ratio,donor,site,sample,cell_type
1,0.16932303,0.09497700630033948,0.07094565111869856,0.11003396015748837,0.9011910600693631
2,0.110272005,0.09931098079313543,0.05847181240338069,0.11672371440901141,0.8789689225242955
3,0.051120512,0.1418126664906173,0.11050247221404683,0.15710520259967245,0.9225110857045823
4,0.019408362,0.022516725323768968,0.010503880126776714,0.03338892611689285,0.7368889349494073
5,0.01605885,0.015336884519144535,0.008895793873592643,0.019905602489416606,0.6418914155781923
6,0.012273318,0.14106809304373394,0.026076559994852505,0.14328425885799334,0.5957673141780133
7,0.008025161,0.04952393804900184,0.06234233562383184,0.08764904600351003,0.4868220468389488
8,0.007314908,0.042452051806291774,0.07219033477868611,0.07927896400350709,0.4188928138192861
9,0.006849583,0.03503284868254015,0.03926811244550576,0.08288394292599785,0.14138350402612407
10,0.0054086307,0.15760511769505542,0.08522629516072895,0.2204572972247362,0.12636763342030513
11,0.0051319054,0.029008191941477066,0.04725114219064395,0.06342295362427891,0.2892928126496083
12,0.0044762683,0.19717715709030734,0.14148600370638106,0.2173851128654285,0.11656115977414627
13,0.0042404053,0.1471807081019465,0.11965597288908171,0.18653383209060817,0.12307885505234699
14,0.003495322,0.019074179798778793,0.009480007122500885,0.024067722861311466,0.30651464181880783
15,0.0032454038,0.06517828647204449,0.009982678507060694,0.09046554388268663,0.1126062722039249
16,0.0030459086,0.034044278457196014,0.0015410166790858085,0.04746587099083939,0.0740121349119633
17,0.002996324,0.033173174039001954,0.005619827966891401,0.034042986950925905,0.34484736154983914
18,0.0028512871,0.12888351171205145,0.010723471756946934,0.13064728595887679,0.1931189234147042
19,0.0027492703,0.24481202665884302,0.025796719441911607,0.2670135460444762,0.08425523512394635
20,0.0025341262,0.014367860111288879,0.010102188113901598,0.017798538744711944,0.07974527900271787
21,0.002524153,0.12210051863546575,0.02017713661199521,0.13289288884986789,0.06573512771589113
22,0.0022906172,0.021859327783926033,0.017724772838224403,0.0766992852622257,0.09835761794870494
23,0.0021842115,0.1535048209314241,0.020692750288984138,0.17300568767615812,0.03900912646516386
24,0.0021005764,0.023385928812677405,0.022125629487604246,0.03859528749377238,0.01800361893510575
25,0.0018612548,0.023779207815804063,0.016611560294368128,0.03821356383738091,0.008124223152657406
26,0.0018324075,0.042243049625276474,0.021409023638144734,0.06759897789320281,0.009824562501281385
27,0.001797343,0.053887056721404314,0.022397445559758138,0.08094440490844583,0.020481766288424734
28,0.0017180964,0.028441081503123935,0.011780104303658681,0.030248973197833273,0.015917987677971004
29,0.0017055976,0.020067013448840883,0.009093038014894132,0.026753715363002174,0.009853109943725792
30,0.0016466676,0.029280183690260732,0.019847091339718643,0.06177989069003444,0.02341869600656764
31,0.001613881,0.04150053975518473,0.0074878270107820106,0.047717295851378586,0.005545724451163975
32,0.0015743681,0.04929771945619111,0.035814172016861816,0.05659854359538159,0.01899760908741185
33,0.0015552703,0.03986045478715351,0.008341818339999791,0.04749932544262634,0.019041196783838983
34,0.0015343116,0.01827386210686859,0.010101356719469575,0.02995376306382817,0.015620738385273692
35,0.001509414,0.0014775509339433643,0.0010382844638135243,0.0035697753020040163,0.006020790136716206
36,0.0014882893,0.024064381954618172,0.020313833565241923,0.03830583742597802,0.004807792424001676
37,0.0014783649,0.023818720702274303,0.008765347870230152,0.02740682956021071,0.007326515340546329
38,0.0014667381,0.003957794490255765,0.001498035345759961,0.005146419933649365,0.014118896170934783
39,0.001453958,0.015489868847746302,0.006126563673150583,0.024287723641882447,0.01040313957220529
40,0.001441777,0.007201456209210025,0.004999180375310812,0.010632467873999817,0.0019609102952651055
41,0.0014339912,0.005849760941208811,0.0012737869635733939,0.006570739821696808,0.008382147289268824
42,0.0014219163,0.0019338440418849758,0.0023614705338284967,0.0037199062891594865,0.006118543250015628
43,0.0014123267,0.009360826634893574,0.0031527927295227063,0.010416317436969974,0.003629721529287517
44,0.0014071823,0.00570143819171645,0.0012151245617269553,0.007850660629298267,0.00458717529084105
45,0.001396661,0.004750160835650032,0.00160177029130977,0.005524448726367217,0.001604476715318415
46,0.0013852263,0.005480638460897519,0.001340972004569264,0.006645275476877762,0.002333215233443311
47,0.001376819,0.0022098314405826673,0.0004414777801238497,0.003962098292557562,0.006106566998372433
48,0.0013702824,0.007823174926531081,0.0045240150412260765,0.010295667733159727,0.0033528374315577023
49,0.0013596587,0.005771766388743335,0.0012984883152412719,0.008395101599183108,0.0030076849213124023
50,0.0013551468,0.01384544081960023,0.00380308191636758,0.016832606387330525,0.001380492283142907
weighted_total,,0.08832684301022499,0.05859476131008806,0.10466904116915876,0.7033708798212379
