model,sigma,seed,rho,trained_h5ad
Base Decipher,0.1,0,0.7639517400511351,/Users/alanxie/CodingProjects/Columbia/Azizi Lab/Spatial Nut Carcinoma/decipher-bc-methods/Data/Simulated Data/Simulated Data Generation/../Simulated Adata/shift_sigma_sweep/0803/trained/sigma0.1_seed0_decipher.h5ad
Base Decipher,0.1,1,0.9026578314916814,/Users/alanxie/CodingProjects/Columbia/Azizi Lab/Spatial Nut Carcinoma/decipher-bc-methods/Data/Simulated Data/Simulated Data Generation/../Simulated Adata/shift_sigma_sweep/0803/trained/sigma0.1_seed1_decipher.h5ad
Base Decipher,0.1,2,0.8255848260399283,/Users/alanxie/CodingProjects/Columbia/Azizi Lab/Spatial Nut Carcinoma/decipher-bc-methods/Data/Simulated Data/Simulated Data Generation/../Simulated Adata/shift_sigma_sweep/0803/trained/sigma0.1_seed2_decipher.h5ad
Base Decipher,0.1,3,0.9905232529152178,/Users/alanxie/CodingProjects/Columbia/Azizi Lab/Spatial Nut Carcinoma/decipher-bc-methods/Data/Simulated Data/Simulated Data Generation/../Simulated Adata/shift_sigma_sweep/0803/trained/sigma0.1_seed3_decipher.h5ad
Base Decipher,0.1,4,0.972999836325342,/Users/alanxie/CodingProjects/Columbia/Azizi Lab/Spatial Nut Carcinoma/decipher-bc-methods/Data/Simulated Data/Simulated Data Generation/../Simulated Adata/shift_sigma_sweep/0803/trained/sigma0.1_seed4_decipher.h5ad
Base Decipher,0.5,0,0.42216180140850573,/Users/alanxie/CodingProjects/Columbia/Azizi Lab/Spatial Nut Carcinoma/decipher-bc-methods/Data/Simulated Data/Simulated Data Generation/../Simulated Adata/shift_sigma_sweep/0803/trained/sigma0.5_seed0_decipher.h5ad
Base Decipher,0.5,1,0.6458419413674406,/Users/alanxie/CodingProjects/Columbia/Azizi Lab/Spatial Nut Carcinoma/decipher-bc-methods/Data/Simulated Data/Simulated Data Generation/../Simulated Adata/shift_sigma_sweep/0803/trained/sigma0.5_seed1_decipher.h5ad
Base Decipher,0.5,2,0.6802453237322068,/Users/alanxie/CodingProjects/Columbia/Azizi Lab/Spatial Nut Carcinoma/decipher-bc-methods/Data/Simulated Data/Simulated Data Generation/../Simulated Adata/shift_sigma_sweep/0803/trained/sigma0.5_seed2_decipher.h5ad
Base Decipher,0.5,3,0.8502490737357041,/Users/alanxie/CodingProjects/Columbia/Azizi Lab/Spatial Nut Carcinoma/decipher-bc-methods/Data/Simulated Data/Simulated Data Generation/../Simulated Adata/shift_sigma_sweep/0803/trained/sigma0.5_seed3_decipher.h5ad
Base Decipher,0.5,4,0.9130487533792726,/Users/alanxie/CodingProjects/Columbia/Azizi Lab/Spatial Nut Carcinoma/decipher-bc-methods/Data/Simulated Data/Simulated Data Generation/../Simulated Adata/shift_sigma_sweep/0803/trained/sigma0.5_seed4_decipher.h5ad
Base Decipher,1.0,0,0.09746645743153266,/Users/alanxie/CodingProjects/Columbia/Azizi Lab/Spatial Nut Carcinoma/decipher-bc-methods/Data/Simulated Data/Simulated Data Generation/../Simulated Adata/shift_sigma_sweep/0803/trained/sigma1.0_seed0_decipher.h5ad
Base Decipher,1.0,1,0.24611440547816352,/Users/alanxie/CodingProjects/Columbia/Azizi Lab/Spatial Nut Carcinoma/decipher-bc-methods/Data/Simulated Data/Simulated Data Generation/../Simulated Adata/shift_sigma_sweep/0803/trained/sigma1.0_seed1_decipher.h5ad
Base Decipher,1.0,2,0.32282579487139346,/Users/alanxie/CodingProjects/Columbia/Azizi Lab/Spatial Nut Carcinoma/decipher-bc-methods/Data/Simulated Data/Simulated Data Generation/../Simulated Adata/shift_sigma_sweep/0803/trained/sigma1.0_seed2_decipher.h5ad
Base Decipher,1.0,3,0.7348968923433528,/Users/alanxie/CodingProjects/Columbia/Azizi Lab/Spatial Nut Carcinoma/decipher-bc-methods/Data/Simulated Data/Simulated Data Generation/../Simulated Adata/shift_sigma_sweep/0803/trained/sigma1.0_seed3_decipher.h5ad
Base Decipher,1.0,4,0.664464145976373,/Users/alanxie/CodingProjects/Columbia/Azizi Lab/Spatial Nut Carcinoma/decipher-bc-methods/Data/Simulated Data/Simulated Data Generation/../Simulated Adata/shift_sigma_sweep/0803/trained/sigma1.0_seed4_decipher.h5ad
Base Decipher,2.0,0,0.24240925919441303,/Users/alanxie/CodingProjects/Columbia/Azizi Lab/Spatial Nut Carcinoma/decipher-bc-methods/Data/Simulated Data/Simulated Data Generation/../Simulated Adata/shift_sigma_sweep/0803/trained/sigma2.0_seed0_decipher.h5ad
Base Decipher,2.0,1,0.08358357133570507,/Users/alanxie/CodingProjects/Columbia/Azizi Lab/Spatial Nut Carcinoma/decipher-bc-methods/Data/Simulated Data/Simulated Data Generation/../Simulated Adata/shift_sigma_sweep/0803/trained/sigma2.0_seed1_decipher.h5ad
Base Decipher,2.0,2,0.07446135181161055,/Users/alanxie/CodingProjects/Columbia/Azizi Lab/Spatial Nut Carcinoma/decipher-bc-methods/Data/Simulated Data/Simulated Data Generation/../Simulated Adata/shift_sigma_sweep/0803/trained/sigma2.0_seed2_decipher.h5ad
Base Decipher,2.0,3,0.3913715651356864,/Users/alanxie/CodingProjects/Columbia/Azizi Lab/Spatial Nut Carcinoma/decipher-bc-methods/Data/Simulated Data/Simulated Data Generation/../Simulated Adata/shift_sigma_sweep/0803/trained/sigma2.0_seed3_decipher.h5ad
Base Decipher,2.0,4,0.6590472680571828,/Users/alanxie/CodingProjects/Columbia/Azizi Lab/Spatial Nut Carcinoma/decipher-bc-methods/Data/Simulated Data/Simulated Data Generation/../Simulated Adata/shift_sigma_sweep/0803/trained/sigma2.0_seed4_decipher.h5ad
Base Decipher,5.0,0,0.18474532662912294,/Users/alanxie/CodingProjects/Columbia/Azizi Lab/Spatial Nut Carcinoma/decipher-bc-methods/Data/Simulated Data/Simulated Data Generation/../Simulated Adata/shift_sigma_sweep/0803/trained/sigma5.0_seed0_decipher.h5ad
Base Decipher,5.0,1,0.25003641649415775,/Users/alanxie/CodingProjects/Columbia/Azizi Lab/Spatial Nut Carcinoma/decipher-bc-methods/Data/Simulated Data/Simulated Data Generation/../Simulated Adata/shift_sigma_sweep/0803/trained/sigma5.0_seed1_decipher.h5ad
Base Decipher,5.0,2,0.045619434821648694,/Users/alanxie/CodingProjects/Columbia/Azizi Lab/Spatial Nut Carcinoma/decipher-bc-methods/Data/Simulated Data/Simulated Data Generation/../Simulated Adata/shift_sigma_sweep/0803/trained/sigma5.0_seed2_decipher.h5ad
Base Decipher,5.0,3,0.5230693394398237,/Users/alanxie/CodingProjects/Columbia/Azizi Lab/Spatial Nut Carcinoma/decipher-bc-methods/Data/Simulated Data/Simulated Data Generation/../Simulated Adata/shift_sigma_sweep/0803/trained/sigma5.0_seed3_decipher.h5ad
Base Decipher,5.0,4,0.4906401436189636,/Users/alanxie/CodingProjects/Columbia/Azizi Lab/Spatial Nut Carcinoma/decipher-bc-methods/Data/Simulated Data/Simulated Data Generation/../Simulated Adata/shift_sigma_sweep/0803/trained/sigma5.0_seed4_decipher.h5ad
Base Decipher,7.5,0,0.3200170039174831,/Users/alanxie/CodingProjects/Columbia/Azizi Lab/Spatial Nut Carcinoma/decipher-bc-methods/Data/Simulated Data/Simulated Data Generation/../Simulated Adata/shift_sigma_sweep/0803/trained/sigma7.5_seed0_decipher.h5ad
Base Decipher,7.5,1,0.30113635931872773,/Users/alanxie/CodingProjects/Columbia/Azizi Lab/Spatial Nut Carcinoma/decipher-bc-methods/Data/Simulated Data/Simulated Data Generation/../Simulated Adata/shift_sigma_sweep/0803/trained/sigma7.5_seed1_decipher.h5ad
Base Decipher,7.5,2,0.1563188269521432,/Users/alanxie/CodingProjects/Columbia/Azizi Lab/Spatial Nut Carcinoma/decipher-bc-methods/Data/Simulated Data/Simulated Data Generation/../Simulated Adata/shift_sigma_sweep/0803/trained/sigma7.5_seed2_decipher.h5ad
Base Decipher,7.5,3,0.6243237095700229,/Users/alanxie/CodingProjects/Columbia/Azizi Lab/Spatial Nut Carcinoma/decipher-bc-methods/Data/Simulated Data/Simulated Data Generation/../Simulated Adata/shift_sigma_sweep/0803/trained/sigma7.5_seed3_decipher.h5ad
Base Decipher,7.5,4,0.5597491765316259,/Users/alanxie/CodingProjects/Columbia/Azizi Lab/Spatial Nut Carcinoma/decipher-bc-methods/Data/Simulated Data/Simulated Data Generation/../Simulated Adata/shift_sigma_sweep/0803/trained/sigma7.5_seed4_decipher.h5ad
Base Decipher,10.0,0,0.3659127683861905,/Users/alanxie/CodingProjects/Columbia/Azizi Lab/Spatial Nut Carcinoma/decipher-bc-methods/Data/Simulated Data/Simulated Data Generation/../Simulated Adata/shift_sigma_sweep/0803/trained/sigma10.0_seed0_decipher.h5ad
Base Decipher,10.0,1,0.4481848386336459,/Users/alanxie/CodingProjects/Columbia/Azizi Lab/Spatial Nut Carcinoma/decipher-bc-methods/Data/Simulated Data/Simulated Data Generation/../Simulated Adata/shift_sigma_sweep/0803/trained/sigma10.0_seed1_decipher.h5ad
Base Decipher,10.0,2,0.3264786778143666,/Users/alanxie/CodingProjects/Columbia/Azizi Lab/Spatial Nut Carcinoma/decipher-bc-methods/Data/Simulated Data/Simulated Data Generation/../Simulated Adata/shift_sigma_sweep/0803/trained/sigma10.0_seed2_decipher.h5ad
Base Decipher,10.0,3,0.8163483427572269,/Users/alanxie/CodingProjects/Columbia/Azizi Lab/Spatial Nut Carcinoma/decipher-bc-methods/Data/Simulated Data/Simulated Data Generation/../Simulated Adata/shift_sigma_sweep/0803/trained/sigma10.0_seed3_decipher.h5ad
Base Decipher,10.0,4,0.3801086324004154,/Users/alanxie/CodingProjects/Columbia/Azizi Lab/Spatial Nut Carcinoma/decipher-bc-methods/Data/Simulated Data/Simulated Data Generation/../Simulated Adata/shift_sigma_sweep/0803/trained/sigma10.0_seed4_decipher.h5ad
Decipher-VZ,0.1,0,0.7814710929497202,/Users/alanxie/CodingProjects/Columbia/Azizi Lab/Spatial Nut Carcinoma/decipher-bc-methods/Data/Simulated Data/Simulated Data Generation/../Simulated Adata/shift_sigma_sweep/0803/trained/sigma0.1_seed0_decipher_vz.h5ad
Decipher-VZ,0.1,1,0.8920901053790505,/Users/alanxie/CodingProjects/Columbia/Azizi Lab/Spatial Nut Carcinoma/decipher-bc-methods/Data/Simulated Data/Simulated Data Generation/../Simulated Adata/shift_sigma_sweep/0803/trained/sigma0.1_seed1_decipher_vz.h5ad
Decipher-VZ,0.1,2,0.7925571791692737,/Users/alanxie/CodingProjects/Columbia/Azizi Lab/Spatial Nut Carcinoma/decipher-bc-methods/Data/Simulated Data/Simulated Data Generation/../Simulated Adata/shift_sigma_sweep/0803/trained/sigma0.1_seed2_decipher_vz.h5ad
Decipher-VZ,0.1,3,0.9910048207865731,/Users/alanxie/CodingProjects/Columbia/Azizi Lab/Spatial Nut Carcinoma/decipher-bc-methods/Data/Simulated Data/Simulated Data Generation/../Simulated Adata/shift_sigma_sweep/0803/trained/sigma0.1_seed3_decipher_vz.h5ad
Decipher-VZ,0.1,4,0.9649665287627879,/Users/alanxie/CodingProjects/Columbia/Azizi Lab/Spatial Nut Carcinoma/decipher-bc-methods/Data/Simulated Data/Simulated Data Generation/../Simulated Adata/shift_sigma_sweep/0803/trained/sigma0.1_seed4_decipher_vz.h5ad
Decipher-VZ,0.5,0,0.19371852275399057,/Users/alanxie/CodingProjects/Columbia/Azizi Lab/Spatial Nut Carcinoma/decipher-bc-methods/Data/Simulated Data/Simulated Data Generation/../Simulated Adata/shift_sigma_sweep/0803/trained/sigma0.5_seed0_decipher_vz.h5ad
Decipher-VZ,0.5,1,0.7150082552794742,/Users/alanxie/CodingProjects/Columbia/Azizi Lab/Spatial Nut Carcinoma/decipher-bc-methods/Data/Simulated Data/Simulated Data Generation/../Simulated Adata/shift_sigma_sweep/0803/trained/sigma0.5_seed1_decipher_vz.h5ad
Decipher-VZ,0.5,2,0.7155752096862301,/Users/alanxie/CodingProjects/Columbia/Azizi Lab/Spatial Nut Carcinoma/decipher-bc-methods/Data/Simulated Data/Simulated Data Generation/../Simulated Adata/shift_sigma_sweep/0803/trained/sigma0.5_seed2_decipher_vz.h5ad
Decipher-VZ,0.5,3,0.9485819032537564,/Users/alanxie/CodingProjects/Columbia/Azizi Lab/Spatial Nut Carcinoma/decipher-bc-methods/Data/Simulated Data/Simulated Data Generation/../Simulated Adata/shift_sigma_sweep/0803/trained/sigma0.5_seed3_decipher_vz.h5ad
Decipher-VZ,0.5,4,0.8707393181664039,/Users/alanxie/CodingProjects/Columbia/Azizi Lab/Spatial Nut Carcinoma/decipher-bc-methods/Data/Simulated Data/Simulated Data Generation/../Simulated Adata/shift_sigma_sweep/0803/trained/sigma0.5_seed4_decipher_vz.h5ad
Decipher-VZ,1.0,0,0.031543983418747756,/Users/alanxie/CodingProjects/Columbia/Azizi Lab/Spatial Nut Carcinoma/decipher-bc-methods/Data/Simulated Data/Simulated Data Generation/../Simulated Adata/shift_sigma_sweep/0803/trained/sigma1.0_seed0_decipher_vz.h5ad
Decipher-VZ,1.0,1,0.06693542859871829,/Users/alanxie/CodingProjects/Columbia/Azizi Lab/Spatial Nut Carcinoma/decipher-bc-methods/Data/Simulated Data/Simulated Data Generation/../Simulated Adata/shift_sigma_sweep/0803/trained/sigma1.0_seed1_decipher_vz.h5ad
Decipher-VZ,1.0,2,0.5390567163364882,/Users/alanxie/CodingProjects/Columbia/Azizi Lab/Spatial Nut Carcinoma/decipher-bc-methods/Data/Simulated Data/Simulated Data Generation/../Simulated Adata/shift_sigma_sweep/0803/trained/sigma1.0_seed2_decipher_vz.h5ad
Decipher-VZ,1.0,3,0.6470768338816427,/Users/alanxie/CodingProjects/Columbia/Azizi Lab/Spatial Nut Carcinoma/decipher-bc-methods/Data/Simulated Data/Simulated Data Generation/../Simulated Adata/shift_sigma_sweep/0803/trained/sigma1.0_seed3_decipher_vz.h5ad
Decipher-VZ,1.0,4,0.8314682170786147,/Users/alanxie/CodingProjects/Columbia/Azizi Lab/Spatial Nut Carcinoma/decipher-bc-methods/Data/Simulated Data/Simulated Data Generation/../Simulated Adata/shift_sigma_sweep/0803/trained/sigma1.0_seed4_decipher_vz.h5ad
Decipher-VZ,2.0,0,0.20887044536374022,/Users/alanxie/CodingProjects/Columbia/Azizi Lab/Spatial Nut Carcinoma/decipher-bc-methods/Data/Simulated Data/Simulated Data Generation/../Simulated Adata/shift_sigma_sweep/0803/trained/sigma2.0_seed0_decipher_vz.h5ad
Decipher-VZ,2.0,1,0.5679103886707867,/Users/alanxie/CodingProjects/Columbia/Azizi Lab/Spatial Nut Carcinoma/decipher-bc-methods/Data/Simulated Data/Simulated Data Generation/../Simulated Adata/shift_sigma_sweep/0803/trained/sigma2.0_seed1_decipher_vz.h5ad
Decipher-VZ,2.0,2,0.14534158969493702,/Users/alanxie/CodingProjects/Columbia/Azizi Lab/Spatial Nut Carcinoma/decipher-bc-methods/Data/Simulated Data/Simulated Data Generation/../Simulated Adata/shift_sigma_sweep/0803/trained/sigma2.0_seed2_decipher_vz.h5ad
Decipher-VZ,2.0,3,0.4215095312950879,/Users/alanxie/CodingProjects/Columbia/Azizi Lab/Spatial Nut Carcinoma/decipher-bc-methods/Data/Simulated Data/Simulated Data Generation/../Simulated Adata/shift_sigma_sweep/0803/trained/sigma2.0_seed3_decipher_vz.h5ad
Decipher-VZ,2.0,4,0.7107473735408466,/Users/alanxie/CodingProjects/Columbia/Azizi Lab/Spatial Nut Carcinoma/decipher-bc-methods/Data/Simulated Data/Simulated Data Generation/../Simulated Adata/shift_sigma_sweep/0803/trained/sigma2.0_seed4_decipher_vz.h5ad
Decipher-VZ,5.0,0,0.12369273035785978,/Users/alanxie/CodingProjects/Columbia/Azizi Lab/Spatial Nut Carcinoma/decipher-bc-methods/Data/Simulated Data/Simulated Data Generation/../Simulated Adata/shift_sigma_sweep/0803/trained/sigma5.0_seed0_decipher_vz.h5ad
Decipher-VZ,5.0,1,0.25483394775900525,/Users/alanxie/CodingProjects/Columbia/Azizi Lab/Spatial Nut Carcinoma/decipher-bc-methods/Data/Simulated Data/Simulated Data Generation/../Simulated Adata/shift_sigma_sweep/0803/trained/sigma5.0_seed1_decipher_vz.h5ad
Decipher-VZ,5.0,2,0.25497359545275483,/Users/alanxie/CodingProjects/Columbia/Azizi Lab/Spatial Nut Carcinoma/decipher-bc-methods/Data/Simulated Data/Simulated Data Generation/../Simulated Adata/shift_sigma_sweep/0803/trained/sigma5.0_seed2_decipher_vz.h5ad
Decipher-VZ,5.0,3,0.4193464566338549,/Users/alanxie/CodingProjects/Columbia/Azizi Lab/Spatial Nut Carcinoma/decipher-bc-methods/Data/Simulated Data/Simulated Data Generation/../Simulated Adata/shift_sigma_sweep/0803/trained/sigma5.0_seed3_decipher_vz.h5ad
Decipher-VZ,5.0,4,0.6456409107633043,/Users/alanxie/CodingProjects/Columbia/Azizi Lab/Spatial Nut Carcinoma/decipher-bc-methods/Data/Simulated Data/Simulated Data Generation/../Simulated Adata/shift_sigma_sweep/0803/trained/sigma5.0_seed4_decipher_vz.h5ad
Decipher-VZ,7.5,0,0.25013843232437194,/Users/alanxie/CodingProjects/Columbia/Azizi Lab/Spatial Nut Carcinoma/decipher-bc-methods/Data/Simulated Data/Simulated Data Generation/../Simulated Adata/shift_sigma_sweep/0803/trained/sigma7.5_seed0_decipher_vz.h5ad
Decipher-VZ,7.5,1,0.2594880281805682,/Users/alanxie/CodingProjects/Columbia/Azizi Lab/Spatial Nut Carcinoma/decipher-bc-methods/Data/Simulated Data/Simulated Data Generation/../Simulated Adata/shift_sigma_sweep/0803/trained/sigma7.5_seed1_decipher_vz.h5ad
Decipher-VZ,7.5,2,0.22407103265272701,/Users/alanxie/CodingProjects/Columbia/Azizi Lab/Spatial Nut Carcinoma/decipher-bc-methods/Data/Simulated Data/Simulated Data Generation/../Simulated Adata/shift_sigma_sweep/0803/trained/sigma7.5_seed2_decipher_vz.h5ad
Decipher-VZ,7.5,3,0.5873782661605038,/Users/alanxie/CodingProjects/Columbia/Azizi Lab/Spatial Nut Carcinoma/decipher-bc-methods/Data/Simulated Data/Simulated Data Generation/../Simulated Adata/shift_sigma_sweep/0803/trained/sigma7.5_seed3_decipher_vz.h5ad
Decipher-VZ,7.5,4,0.5967580965737346,/Users/alanxie/CodingProjects/Columbia/Azizi Lab/Spatial Nut Carcinoma/decipher-bc-methods/Data/Simulated Data/Simulated Data Generation/../Simulated Adata/shift_sigma_sweep/0803/trained/sigma7.5_seed4_decipher_vz.h5ad
Decipher-VZ,10.0,0,0.311268915142734,/Users/alanxie/CodingProjects/Columbia/Azizi Lab/Spatial Nut Carcinoma/decipher-bc-methods/Data/Simulated Data/Simulated Data Generation/../Simulated Adata/shift_sigma_sweep/0803/trained/sigma10.0_seed0_decipher_vz.h5ad
Decipher-VZ,10.0,1,0.2377591683761927,/Users/alanxie/CodingProjects/Columbia/Azizi Lab/Spatial Nut Carcinoma/decipher-bc-methods/Data/Simulated Data/Simulated Data Generation/../Simulated Adata/shift_sigma_sweep/0803/trained/sigma10.0_seed1_decipher_vz.h5ad
Decipher-VZ,10.0,2,0.24610682545853382,/Users/alanxie/CodingProjects/Columbia/Azizi Lab/Spatial Nut Carcinoma/decipher-bc-methods/Data/Simulated Data/Simulated Data Generation/../Simulated Adata/shift_sigma_sweep/0803/trained/sigma10.0_seed2_decipher_vz.h5ad
Decipher-VZ,10.0,3,0.5159071105782693,/Users/alanxie/CodingProjects/Columbia/Azizi Lab/Spatial Nut Carcinoma/decipher-bc-methods/Data/Simulated Data/Simulated Data Generation/../Simulated Adata/shift_sigma_sweep/0803/trained/sigma10.0_seed3_decipher_vz.h5ad
Decipher-VZ,10.0,4,0.4469201940739379,/Users/alanxie/CodingProjects/Columbia/Azizi Lab/Spatial Nut Carcinoma/decipher-bc-methods/Data/Simulated Data/Simulated Data Generation/../Simulated Adata/shift_sigma_sweep/0803/trained/sigma10.0_seed4_decipher_vz.h5ad
Decipher-VZ2,0.1,0,0.7952442811188736,/Users/alanxie/CodingProjects/Columbia/Azizi Lab/Spatial Nut Carcinoma/decipher-bc-methods/Data/Simulated Data/Simulated Data Generation/../Simulated Adata/shift_sigma_sweep/0803/trained/sigma0.1_seed0_decipher_vz2.h5ad
Decipher-VZ2,0.1,1,0.9013330716592586,/Users/alanxie/CodingProjects/Columbia/Azizi Lab/Spatial Nut Carcinoma/decipher-bc-methods/Data/Simulated Data/Simulated Data Generation/../Simulated Adata/shift_sigma_sweep/0803/trained/sigma0.1_seed1_decipher_vz2.h5ad
Decipher-VZ2,0.1,2,0.8274717696793579,/Users/alanxie/CodingProjects/Columbia/Azizi Lab/Spatial Nut Carcinoma/decipher-bc-methods/Data/Simulated Data/Simulated Data Generation/../Simulated Adata/shift_sigma_sweep/0803/trained/sigma0.1_seed2_decipher_vz2.h5ad
Decipher-VZ2,0.1,3,0.9905696807240605,/Users/alanxie/CodingProjects/Columbia/Azizi Lab/Spatial Nut Carcinoma/decipher-bc-methods/Data/Simulated Data/Simulated Data Generation/../Simulated Adata/shift_sigma_sweep/0803/trained/sigma0.1_seed3_decipher_vz2.h5ad
Decipher-VZ2,0.1,4,0.9749237990896963,/Users/alanxie/CodingProjects/Columbia/Azizi Lab/Spatial Nut Carcinoma/decipher-bc-methods/Data/Simulated Data/Simulated Data Generation/../Simulated Adata/shift_sigma_sweep/0803/trained/sigma0.1_seed4_decipher_vz2.h5ad
Decipher-VZ2,0.5,0,0.21030468409037714,/Users/alanxie/CodingProjects/Columbia/Azizi Lab/Spatial Nut Carcinoma/decipher-bc-methods/Data/Simulated Data/Simulated Data Generation/../Simulated Adata/shift_sigma_sweep/0803/trained/sigma0.5_seed0_decipher_vz2.h5ad
Decipher-VZ2,0.5,1,0.7498288427428019,/Users/alanxie/CodingProjects/Columbia/Azizi Lab/Spatial Nut Carcinoma/decipher-bc-methods/Data/Simulated Data/Simulated Data Generation/../Simulated Adata/shift_sigma_sweep/0803/trained/sigma0.5_seed1_decipher_vz2.h5ad
Decipher-VZ2,0.5,2,0.7248874084761899,/Users/alanxie/CodingProjects/Columbia/Azizi Lab/Spatial Nut Carcinoma/decipher-bc-methods/Data/Simulated Data/Simulated Data Generation/../Simulated Adata/shift_sigma_sweep/0803/trained/sigma0.5_seed2_decipher_vz2.h5ad
Decipher-VZ2,0.5,3,0.945372216253668,/Users/alanxie/CodingProjects/Columbia/Azizi Lab/Spatial Nut Carcinoma/decipher-bc-methods/Data/Simulated Data/Simulated Data Generation/../Simulated Adata/shift_sigma_sweep/0803/trained/sigma0.5_seed3_decipher_vz2.h5ad
Decipher-VZ2,0.5,4,0.9345088179347316,/Users/alanxie/CodingProjects/Columbia/Azizi Lab/Spatial Nut Carcinoma/decipher-bc-methods/Data/Simulated Data/Simulated Data Generation/../Simulated Adata/shift_sigma_sweep/0803/trained/sigma0.5_seed4_decipher_vz2.h5ad
Decipher-VZ2,1.0,0,0.14976266441010336,/Users/alanxie/CodingProjects/Columbia/Azizi Lab/Spatial Nut Carcinoma/decipher-bc-methods/Data/Simulated Data/Simulated Data Generation/../Simulated Adata/shift_sigma_sweep/0803/trained/sigma1.0_seed0_decipher_vz2.h5ad
Decipher-VZ2,1.0,1,0.42615871548978307,/Users/alanxie/CodingProjects/Columbia/Azizi Lab/Spatial Nut Carcinoma/decipher-bc-methods/Data/Simulated Data/Simulated Data Generation/../Simulated Adata/shift_sigma_sweep/0803/trained/sigma1.0_seed1_decipher_vz2.h5ad
Decipher-VZ2,1.0,2,0.5859936366651322,/Users/alanxie/CodingProjects/Columbia/Azizi Lab/Spatial Nut Carcinoma/decipher-bc-methods/Data/Simulated Data/Simulated Data Generation/../Simulated Adata/shift_sigma_sweep/0803/trained/sigma1.0_seed2_decipher_vz2.h5ad
Decipher-VZ2,1.0,3,0.8312562563069559,/Users/alanxie/CodingProjects/Columbia/Azizi Lab/Spatial Nut Carcinoma/decipher-bc-methods/Data/Simulated Data/Simulated Data Generation/../Simulated Adata/shift_sigma_sweep/0803/trained/sigma1.0_seed3_decipher_vz2.h5ad
Decipher-VZ2,1.0,4,0.858863727109074,/Users/alanxie/CodingProjects/Columbia/Azizi Lab/Spatial Nut Carcinoma/decipher-bc-methods/Data/Simulated Data/Simulated Data Generation/../Simulated Adata/shift_sigma_sweep/0803/trained/sigma1.0_seed4_decipher_vz2.h5ad
Decipher-VZ2,2.0,0,0.2788559856655385,/Users/alanxie/CodingProjects/Columbia/Azizi Lab/Spatial Nut Carcinoma/decipher-bc-methods/Data/Simulated Data/Simulated Data Generation/../Simulated Adata/shift_sigma_sweep/0803/trained/sigma2.0_seed0_decipher_vz2.h5ad
Decipher-VZ2,2.0,1,0.32528262514853945,/Users/alanxie/CodingProjects/Columbia/Azizi Lab/Spatial Nut Carcinoma/decipher-bc-methods/Data/Simulated Data/Simulated Data Generation/../Simulated Adata/shift_sigma_sweep/0803/trained/sigma2.0_seed1_decipher_vz2.h5ad
Decipher-VZ2,2.0,2,0.01475119997687976,/Users/alanxie/CodingProjects/Columbia/Azizi Lab/Spatial Nut Carcinoma/decipher-bc-methods/Data/Simulated Data/Simulated Data Generation/../Simulated Adata/shift_sigma_sweep/0803/trained/sigma2.0_seed2_decipher_vz2.h5ad
Decipher-VZ2,2.0,3,0.5945557352385472,/Users/alanxie/CodingProjects/Columbia/Azizi Lab/Spatial Nut Carcinoma/decipher-bc-methods/Data/Simulated Data/Simulated Data Generation/../Simulated Adata/shift_sigma_sweep/0803/trained/sigma2.0_seed3_decipher_vz2.h5ad
Decipher-VZ2,2.0,4,0.7361326400329442,/Users/alanxie/CodingProjects/Columbia/Azizi Lab/Spatial Nut Carcinoma/decipher-bc-methods/Data/Simulated Data/Simulated Data Generation/../Simulated Adata/shift_sigma_sweep/0803/trained/sigma2.0_seed4_decipher_vz2.h5ad
Decipher-VZ2,5.0,0,0.320079381078144,/Users/alanxie/CodingProjects/Columbia/Azizi Lab/Spatial Nut Carcinoma/decipher-bc-methods/Data/Simulated Data/Simulated Data Generation/../Simulated Adata/shift_sigma_sweep/0803/trained/sigma5.0_seed0_decipher_vz2.h5ad
Decipher-VZ2,5.0,1,0.30306323841132565,/Users/alanxie/CodingProjects/Columbia/Azizi Lab/Spatial Nut Carcinoma/decipher-bc-methods/Data/Simulated Data/Simulated Data Generation/../Simulated Adata/shift_sigma_sweep/0803/trained/sigma5.0_seed1_decipher_vz2.h5ad
Decipher-VZ2,5.0,2,0.3195325457522987,/Users/alanxie/CodingProjects/Columbia/Azizi Lab/Spatial Nut Carcinoma/decipher-bc-methods/Data/Simulated Data/Simulated Data Generation/../Simulated Adata/shift_sigma_sweep/0803/trained/sigma5.0_seed2_decipher_vz2.h5ad
Decipher-VZ2,5.0,3,0.32399155032034543,/Users/alanxie/CodingProjects/Columbia/Azizi Lab/Spatial Nut Carcinoma/decipher-bc-methods/Data/Simulated Data/Simulated Data Generation/../Simulated Adata/shift_sigma_sweep/0803/trained/sigma5.0_seed3_decipher_vz2.h5ad
Decipher-VZ2,5.0,4,0.7845219921457475,/Users/alanxie/CodingProjects/Columbia/Azizi Lab/Spatial Nut Carcinoma/decipher-bc-methods/Data/Simulated Data/Simulated Data Generation/../Simulated Adata/shift_sigma_sweep/0803/trained/sigma5.0_seed4_decipher_vz2.h5ad
Decipher-VZ2,7.5,0,0.36008858340200117,/Users/alanxie/CodingProjects/Columbia/Azizi Lab/Spatial Nut Carcinoma/decipher-bc-methods/Data/Simulated Data/Simulated Data Generation/../Simulated Adata/shift_sigma_sweep/0803/trained/sigma7.5_seed0_decipher_vz2.h5ad
Decipher-VZ2,7.5,1,0.41786307250619875,/Users/alanxie/CodingProjects/Columbia/Azizi Lab/Spatial Nut Carcinoma/decipher-bc-methods/Data/Simulated Data/Simulated Data Generation/../Simulated Adata/shift_sigma_sweep/0803/trained/sigma7.5_seed1_decipher_vz2.h5ad
Decipher-VZ2,7.5,2,0.19822822340961188,/Users/alanxie/CodingProjects/Columbia/Azizi Lab/Spatial Nut Carcinoma/decipher-bc-methods/Data/Simulated Data/Simulated Data Generation/../Simulated Adata/shift_sigma_sweep/0803/trained/sigma7.5_seed2_decipher_vz2.h5ad
Decipher-VZ2,7.5,3,0.3334781674519534,/Users/alanxie/CodingProjects/Columbia/Azizi Lab/Spatial Nut Carcinoma/decipher-bc-methods/Data/Simulated Data/Simulated Data Generation/../Simulated Adata/shift_sigma_sweep/0803/trained/sigma7.5_seed3_decipher_vz2.h5ad
Decipher-VZ2,7.5,4,0.7715499938150425,/Users/alanxie/CodingProjects/Columbia/Azizi Lab/Spatial Nut Carcinoma/decipher-bc-methods/Data/Simulated Data/Simulated Data Generation/../Simulated Adata/shift_sigma_sweep/0803/trained/sigma7.5_seed4_decipher_vz2.h5ad
Decipher-VZ2,10.0,0,0.511506286233332,/Users/alanxie/CodingProjects/Columbia/Azizi Lab/Spatial Nut Carcinoma/decipher-bc-methods/Data/Simulated Data/Simulated Data Generation/../Simulated Adata/shift_sigma_sweep/0803/trained/sigma10.0_seed0_decipher_vz2.h5ad
Decipher-VZ2,10.0,1,0.39534757902733497,/Users/alanxie/CodingProjects/Columbia/Azizi Lab/Spatial Nut Carcinoma/decipher-bc-methods/Data/Simulated Data/Simulated Data Generation/../Simulated Adata/shift_sigma_sweep/0803/trained/sigma10.0_seed1_decipher_vz2.h5ad
Decipher-VZ2,10.0,2,0.32079692536766996,/Users/alanxie/CodingProjects/Columbia/Azizi Lab/Spatial Nut Carcinoma/decipher-bc-methods/Data/Simulated Data/Simulated Data Generation/../Simulated Adata/shift_sigma_sweep/0803/trained/sigma10.0_seed2_decipher_vz2.h5ad
Decipher-VZ2,10.0,3,0.7795186706028454,/Users/alanxie/CodingProjects/Columbia/Azizi Lab/Spatial Nut Carcinoma/decipher-bc-methods/Data/Simulated Data/Simulated Data Generation/../Simulated Adata/shift_sigma_sweep/0803/trained/sigma10.0_seed3_decipher_vz2.h5ad
Decipher-VZ2,10.0,4,0.6919793201637191,/Users/alanxie/CodingProjects/Columbia/Azizi Lab/Spatial Nut Carcinoma/decipher-bc-methods/Data/Simulated Data/Simulated Data Generation/../Simulated Adata/shift_sigma_sweep/0803/trained/sigma10.0_seed4_decipher_vz2.h5ad
Decipher-MF,0.1,0,0.7993305140460379,/Users/alanxie/CodingProjects/Columbia/Azizi Lab/Spatial Nut Carcinoma/decipher-bc-methods/Data/Simulated Data/Simulated Data Generation/../Simulated Adata/shift_sigma_sweep/0803/trained/sigma0.1_seed0_decipher_mf.h5ad
Decipher-MF,0.1,1,0.8941288781294662,/Users/alanxie/CodingProjects/Columbia/Azizi Lab/Spatial Nut Carcinoma/decipher-bc-methods/Data/Simulated Data/Simulated Data Generation/../Simulated Adata/shift_sigma_sweep/0803/trained/sigma0.1_seed1_decipher_mf.h5ad
Decipher-MF,0.1,2,0.8587402942120431,/Users/alanxie/CodingProjects/Columbia/Azizi Lab/Spatial Nut Carcinoma/decipher-bc-methods/Data/Simulated Data/Simulated Data Generation/../Simulated Adata/shift_sigma_sweep/0803/trained/sigma0.1_seed2_decipher_mf.h5ad
Decipher-MF,0.1,3,0.9903086689332441,/Users/alanxie/CodingProjects/Columbia/Azizi Lab/Spatial Nut Carcinoma/decipher-bc-methods/Data/Simulated Data/Simulated Data Generation/../Simulated Adata/shift_sigma_sweep/0803/trained/sigma0.1_seed3_decipher_mf.h5ad
Decipher-MF,0.1,4,0.9749878632954482,/Users/alanxie/CodingProjects/Columbia/Azizi Lab/Spatial Nut Carcinoma/decipher-bc-methods/Data/Simulated Data/Simulated Data Generation/../Simulated Adata/shift_sigma_sweep/0803/trained/sigma0.1_seed4_decipher_mf.h5ad
Decipher-MF,0.5,0,0.00491277875017872,/Users/alanxie/CodingProjects/Columbia/Azizi Lab/Spatial Nut Carcinoma/decipher-bc-methods/Data/Simulated Data/Simulated Data Generation/../Simulated Adata/shift_sigma_sweep/0803/trained/sigma0.5_seed0_decipher_mf.h5ad
Decipher-MF,0.5,1,0.8231756217325242,/Users/alanxie/CodingProjects/Columbia/Azizi Lab/Spatial Nut Carcinoma/decipher-bc-methods/Data/Simulated Data/Simulated Data Generation/../Simulated Adata/shift_sigma_sweep/0803/trained/sigma0.5_seed1_decipher_mf.h5ad
Decipher-MF,0.5,2,0.8362189474002032,/Users/alanxie/CodingProjects/Columbia/Azizi Lab/Spatial Nut Carcinoma/decipher-bc-methods/Data/Simulated Data/Simulated Data Generation/../Simulated Adata/shift_sigma_sweep/0803/trained/sigma0.5_seed2_decipher_mf.h5ad
Decipher-MF,0.5,3,0.9609735669735466,/Users/alanxie/CodingProjects/Columbia/Azizi Lab/Spatial Nut Carcinoma/decipher-bc-methods/Data/Simulated Data/Simulated Data Generation/../Simulated Adata/shift_sigma_sweep/0803/trained/sigma0.5_seed3_decipher_mf.h5ad
Decipher-MF,0.5,4,0.9549174573153218,/Users/alanxie/CodingProjects/Columbia/Azizi Lab/Spatial Nut Carcinoma/decipher-bc-methods/Data/Simulated Data/Simulated Data Generation/../Simulated Adata/shift_sigma_sweep/0803/trained/sigma0.5_seed4_decipher_mf.h5ad
Decipher-MF,1.0,0,0.6814743941785825,/Users/alanxie/CodingProjects/Columbia/Azizi Lab/Spatial Nut Carcinoma/decipher-bc-methods/Data/Simulated Data/Simulated Data Generation/../Simulated Adata/shift_sigma_sweep/0803/trained/sigma1.0_seed0_decipher_mf.h5ad
Decipher-MF,1.0,1,0.8658400745691555,/Users/alanxie/CodingProjects/Columbia/Azizi Lab/Spatial Nut Carcinoma/decipher-bc-methods/Data/Simulated Data/Simulated Data Generation/../Simulated Adata/shift_sigma_sweep/0803/trained/sigma1.0_seed1_decipher_mf.h5ad
Decipher-MF,1.0,2,0.7655138876703654,/Users/alanxie/CodingProjects/Columbia/Azizi Lab/Spatial Nut Carcinoma/decipher-bc-methods/Data/Simulated Data/Simulated Data Generation/../Simulated Adata/shift_sigma_sweep/0803/trained/sigma1.0_seed2_decipher_mf.h5ad
Decipher-MF,1.0,3,0.8925182418536822,/Users/alanxie/CodingProjects/Columbia/Azizi Lab/Spatial Nut Carcinoma/decipher-bc-methods/Data/Simulated Data/Simulated Data Generation/../Simulated Adata/shift_sigma_sweep/0803/trained/sigma1.0_seed3_decipher_mf.h5ad
Decipher-MF,1.0,4,0.9495555266087772,/Users/alanxie/CodingProjects/Columbia/Azizi Lab/Spatial Nut Carcinoma/decipher-bc-methods/Data/Simulated Data/Simulated Data Generation/../Simulated Adata/shift_sigma_sweep/0803/trained/sigma1.0_seed4_decipher_mf.h5ad
Decipher-MF,2.0,0,0.25234760996241884,/Users/alanxie/CodingProjects/Columbia/Azizi Lab/Spatial Nut Carcinoma/decipher-bc-methods/Data/Simulated Data/Simulated Data Generation/../Simulated Adata/shift_sigma_sweep/0803/trained/sigma2.0_seed0_decipher_mf.h5ad
Decipher-MF,2.0,1,0.13856401519893366,/Users/alanxie/CodingProjects/Columbia/Azizi Lab/Spatial Nut Carcinoma/decipher-bc-methods/Data/Simulated Data/Simulated Data Generation/../Simulated Adata/shift_sigma_sweep/0803/trained/sigma2.0_seed1_decipher_mf.h5ad
Decipher-MF,2.0,2,0.4400634212176534,/Users/alanxie/CodingProjects/Columbia/Azizi Lab/Spatial Nut Carcinoma/decipher-bc-methods/Data/Simulated Data/Simulated Data Generation/../Simulated Adata/shift_sigma_sweep/0803/trained/sigma2.0_seed2_decipher_mf.h5ad
Decipher-MF,2.0,3,0.7230770797446248,/Users/alanxie/CodingProjects/Columbia/Azizi Lab/Spatial Nut Carcinoma/decipher-bc-methods/Data/Simulated Data/Simulated Data Generation/../Simulated Adata/shift_sigma_sweep/0803/trained/sigma2.0_seed3_decipher_mf.h5ad
Decipher-MF,2.0,4,0.950372855817079,/Users/alanxie/CodingProjects/Columbia/Azizi Lab/Spatial Nut Carcinoma/decipher-bc-methods/Data/Simulated Data/Simulated Data Generation/../Simulated Adata/shift_sigma_sweep/0803/trained/sigma2.0_seed4_decipher_mf.h5ad
Decipher-MF,5.0,0,0.19133103185470382,/Users/alanxie/CodingProjects/Columbia/Azizi Lab/Spatial Nut Carcinoma/decipher-bc-methods/Data/Simulated Data/Simulated Data Generation/../Simulated Adata/shift_sigma_sweep/0803/trained/sigma5.0_seed0_decipher_mf.h5ad
Decipher-MF,5.0,1,0.17036152860270393,/Users/alanxie/CodingProjects/Columbia/Azizi Lab/Spatial Nut Carcinoma/decipher-bc-methods/Data/Simulated Data/Simulated Data Generation/../Simulated Adata/shift_sigma_sweep/0803/trained/sigma5.0_seed1_decipher_mf.h5ad
Decipher-MF,5.0,2,0.3332779501416448,/Users/alanxie/CodingProjects/Columbia/Azizi Lab/Spatial Nut Carcinoma/decipher-bc-methods/Data/Simulated Data/Simulated Data Generation/../Simulated Adata/shift_sigma_sweep/0803/trained/sigma5.0_seed2_decipher_mf.h5ad
Decipher-MF,5.0,3,0.6205655456991169,/Users/alanxie/CodingProjects/Columbia/Azizi Lab/Spatial Nut Carcinoma/decipher-bc-methods/Data/Simulated Data/Simulated Data Generation/../Simulated Adata/shift_sigma_sweep/0803/trained/sigma5.0_seed3_decipher_mf.h5ad
Decipher-MF,5.0,4,0.8889322079498281,/Users/alanxie/CodingProjects/Columbia/Azizi Lab/Spatial Nut Carcinoma/decipher-bc-methods/Data/Simulated Data/Simulated Data Generation/../Simulated Adata/shift_sigma_sweep/0803/trained/sigma5.0_seed4_decipher_mf.h5ad
Decipher-MF,7.5,0,0.13376818878400343,/Users/alanxie/CodingProjects/Columbia/Azizi Lab/Spatial Nut Carcinoma/decipher-bc-methods/Data/Simulated Data/Simulated Data Generation/../Simulated Adata/shift_sigma_sweep/0803/trained/sigma7.5_seed0_decipher_mf.h5ad
Decipher-MF,7.5,1,0.07135395979431337,/Users/alanxie/CodingProjects/Columbia/Azizi Lab/Spatial Nut Carcinoma/decipher-bc-methods/Data/Simulated Data/Simulated Data Generation/../Simulated Adata/shift_sigma_sweep/0803/trained/sigma7.5_seed1_decipher_mf.h5ad
Decipher-MF,7.5,2,0.08903431643598853,/Users/alanxie/CodingProjects/Columbia/Azizi Lab/Spatial Nut Carcinoma/decipher-bc-methods/Data/Simulated Data/Simulated Data Generation/../Simulated Adata/shift_sigma_sweep/0803/trained/sigma7.5_seed2_decipher_mf.h5ad
Decipher-MF,7.5,3,0.3163013724371532,/Users/alanxie/CodingProjects/Columbia/Azizi Lab/Spatial Nut Carcinoma/decipher-bc-methods/Data/Simulated Data/Simulated Data Generation/../Simulated Adata/shift_sigma_sweep/0803/trained/sigma7.5_seed3_decipher_mf.h5ad
Decipher-MF,7.5,4,0.4132894105227474,/Users/alanxie/CodingProjects/Columbia/Azizi Lab/Spatial Nut Carcinoma/decipher-bc-methods/Data/Simulated Data/Simulated Data Generation/../Simulated Adata/shift_sigma_sweep/0803/trained/sigma7.5_seed4_decipher_mf.h5ad
Decipher-MF,10.0,0,0.11324311652474578,/Users/alanxie/CodingProjects/Columbia/Azizi Lab/Spatial Nut Carcinoma/decipher-bc-methods/Data/Simulated Data/Simulated Data Generation/../Simulated Adata/shift_sigma_sweep/0803/trained/sigma10.0_seed0_decipher_mf.h5ad
Decipher-MF,10.0,1,0.2041001246905943,/Users/alanxie/CodingProjects/Columbia/Azizi Lab/Spatial Nut Carcinoma/decipher-bc-methods/Data/Simulated Data/Simulated Data Generation/../Simulated Adata/shift_sigma_sweep/0803/trained/sigma10.0_seed1_decipher_mf.h5ad
Decipher-MF,10.0,2,0.07092698189525387,/Users/alanxie/CodingProjects/Columbia/Azizi Lab/Spatial Nut Carcinoma/decipher-bc-methods/Data/Simulated Data/Simulated Data Generation/../Simulated Adata/shift_sigma_sweep/0803/trained/sigma10.0_seed2_decipher_mf.h5ad
Decipher-MF,10.0,3,0.2961570372031105,/Users/alanxie/CodingProjects/Columbia/Azizi Lab/Spatial Nut Carcinoma/decipher-bc-methods/Data/Simulated Data/Simulated Data Generation/../Simulated Adata/shift_sigma_sweep/0803/trained/sigma10.0_seed3_decipher_mf.h5ad
Decipher-MF,10.0,4,0.019591672420801915,/Users/alanxie/CodingProjects/Columbia/Azizi Lab/Spatial Nut Carcinoma/decipher-bc-methods/Data/Simulated Data/Simulated Data Generation/../Simulated Adata/shift_sigma_sweep/0803/trained/sigma10.0_seed4_decipher_mf.h5ad
