ilisi,graph_conn,sil_batch,model,sigma,seed
0.4924241900444031,0.5168,0.7907229,Base Decipher,0.1,0
0.5383998155593872,0.7928,0.853382,Base Decipher,0.1,1
0.5149567723274231,0.7464000000000001,0.8517828,Base Decipher,0.1,2
0.4991215467453003,0.9843999999999999,0.8504205,Base Decipher,0.1,3
0.5121703743934631,0.9311999999999999,0.87489927,Base Decipher,0.1,4
0.011802613735198975,0.4444,0.5887954,Base Decipher,0.5,0
0.10142374038696289,0.5763999999999999,0.6304219,Base Decipher,0.5,1
0.1922297179698944,0.8408,0.6910758,Base Decipher,0.5,2
0.12131458520889282,0.9864,0.6017186,Base Decipher,0.5,3
0.2473471760749817,0.6844000000000001,0.7149895,Base Decipher,0.5,4
0.0,0.27440000000000003,0.27035993,Base Decipher,1.0,0
8.940696716308594e-08,0.37679999999999997,0.42622575,Base Decipher,1.0,1
0.002330601215362549,0.7396,0.5538397,Base Decipher,1.0,2
0.013570308685302734,0.7276,0.54442406,Base Decipher,1.0,3
0.02279055118560791,0.5824,0.53410363,Base Decipher,1.0,4
0.0,0.18319999999999997,0.16067368,Base Decipher,2.0,0
0.0,0.2096,0.19855303,Base Decipher,2.0,1
0.0,0.29440000000000005,0.32468054,Base Decipher,2.0,2
0.0,0.21760000000000002,0.17362083,Base Decipher,2.0,3
8.940696716308594e-08,0.5883999999999999,0.39311796,Base Decipher,2.0,4
0.0,0.1588,0.074742936,Base Decipher,5.0,0
0.0,0.2028,0.07477896,Base Decipher,5.0,1
0.0,0.2016,0.103709266,Base Decipher,5.0,2
0.0,0.21960000000000002,0.08538507,Base Decipher,5.0,3
0.0,0.2592,0.2105926,Base Decipher,5.0,4
0.0,0.172,0.05813404,Base Decipher,7.5,0
0.0,0.17519999999999997,0.07143066,Base Decipher,7.5,1
0.0,0.1964,0.12432648,Base Decipher,7.5,2
0.0,0.2212,0.0661038,Base Decipher,7.5,3
0.0,0.2104,0.1482587,Base Decipher,7.5,4
0.0,0.1488,0.046144865,Base Decipher,10.0,0
0.0,0.18039999999999998,0.059804834,Base Decipher,10.0,1
0.0,0.18359999999999999,0.094260864,Base Decipher,10.0,2
0.0,0.2212,0.05310347,Base Decipher,10.0,3
0.0,0.21080000000000002,0.11715523,Base Decipher,10.0,4
0.5027512311935425,0.5720000000000001,0.7924898,Decipher-VZ,0.1,0
0.49334824085235596,0.7884,0.85991067,Decipher-VZ,0.1,1
0.5116478204727173,0.7916000000000001,0.85899985,Decipher-VZ,0.1,2
0.4993910789489746,0.9703999999999999,0.84369546,Decipher-VZ,0.1,3
0.5014302730560303,0.8852,0.87365407,Decipher-VZ,0.1,4
2.086162567138672e-07,0.32039999999999996,0.4455492,Decipher-VZ,0.5,0
0.08548706769943237,0.8587999999999999,0.6283259,Decipher-VZ,0.5,1
0.19119352102279663,0.8448,0.69982016,Decipher-VZ,0.5,2
0.15121683478355408,0.9603999999999999,0.6964976,Decipher-VZ,0.5,3
0.2445717453956604,0.9747999999999999,0.7382784,Decipher-VZ,0.5,4
0.0,0.3268,0.2989371,Decipher-VZ,1.0,0
8.940696716308594e-08,0.4532,0.36528635,Decipher-VZ,1.0,1
0.09889715909957886,0.8152000000000001,0.7003695,Decipher-VZ,1.0,2
0.002859950065612793,0.5988,0.4561247,Decipher-VZ,1.0,3
0.10738545656204224,0.6584000000000001,0.64920723,Decipher-VZ,1.0,4
0.0,0.188,0.28113818,Decipher-VZ,2.0,0
8.940696716308594e-08,0.3792,0.41057086,Decipher-VZ,2.0,1
1.7881393432617188e-07,0.4072,0.4387235,Decipher-VZ,2.0,2
5.960464477539063e-08,0.39599999999999996,0.3856414,Decipher-VZ,2.0,3
0.09260675311088562,0.7696000000000002,0.51942736,Decipher-VZ,2.0,4
0.0,0.1612,0.14075127,Decipher-VZ,5.0,0
0.0,0.2088,0.16327837,Decipher-VZ,5.0,1
0.0,0.23159999999999997,0.28136134,Decipher-VZ,5.0,2
0.0,0.2192,0.13249703,Decipher-VZ,5.0,3
5.960464477539063e-08,0.39559999999999995,0.28979808,Decipher-VZ,5.0,4
0.0,0.1572,0.108889796,Decipher-VZ,7.5,0
0.0,0.2008,0.105703555,Decipher-VZ,7.5,1
5.960464477539063e-08,0.22080000000000002,0.33022028,Decipher-VZ,7.5,2
0.0,0.2204,0.14605464,Decipher-VZ,7.5,3
5.960464477539063e-08,0.31120000000000003,0.2933532,Decipher-VZ,7.5,4
0.0,0.1388,0.10520311,Decipher-VZ,10.0,0
0.0,0.19319999999999998,0.12940632,Decipher-VZ,10.0,1
0.0,0.2036,0.18682976,Decipher-VZ,10.0,2
0.0,0.22200000000000003,0.09677599,Decipher-VZ,10.0,3
0.0,0.22479999999999997,0.35007554,Decipher-VZ,10.0,4
0.509059727191925,0.5248,0.79059136,Decipher-VZ2,0.1,0
0.4817196726799011,0.8068,0.8530003,Decipher-VZ2,0.1,1
0.5089198350906372,0.8140000000000001,0.854204,Decipher-VZ2,0.1,2
0.5156023502349854,0.9528000000000001,0.8406061,Decipher-VZ2,0.1,3
0.5053654909133911,0.946,0.86200744,Decipher-VZ2,0.1,4
0.00549691915512085,0.5631999999999999,0.5212191,Decipher-VZ2,0.5,0
0.0808190107345581,0.8583999999999999,0.65280724,Decipher-VZ2,0.5,1
0.2713359594345093,0.7764,0.77998316,Decipher-VZ2,0.5,2
0.1559111475944519,0.9908000000000001,0.6778245,Decipher-VZ2,0.5,3
0.27391594648361206,0.882,0.74486303,Decipher-VZ2,0.5,4
2.9802322387695312e-08,0.28040000000000004,0.4251526,Decipher-VZ2,1.0,0
0.0015627741813659668,0.6072,0.52473915,Decipher-VZ2,1.0,1
0.0323011577129364,0.8751999999999999,0.6431261,Decipher-VZ2,1.0,2
0.04669547080993652,0.4728,0.53001475,Decipher-VZ2,1.0,3
0.08557319641113281,0.8555999999999999,0.67035913,Decipher-VZ2,1.0,4
0.0,0.2372,0.22885954,Decipher-VZ2,2.0,0
5.960464477539063e-08,0.3352,0.34406638,Decipher-VZ2,2.0,1
0.028941750526428223,0.3708,0.5854533,Decipher-VZ2,2.0,2
5.960464477539063e-08,0.3976,0.37858424,Decipher-VZ2,2.0,3
0.08606976270675659,0.6020000000000001,0.52637863,Decipher-VZ2,2.0,4
0.0,0.1428,0.12086065,Decipher-VZ2,5.0,0
2.9802322387695312e-08,0.21799999999999997,0.3054484,Decipher-VZ2,5.0,1
5.960464477539063e-08,0.262,0.337936,Decipher-VZ2,5.0,2
0.0,0.3224,0.2777833,Decipher-VZ2,5.0,3
1.1920928955078125e-07,0.44720000000000004,0.4391384,Decipher-VZ2,5.0,4
0.0,0.17040000000000002,0.16080888,Decipher-VZ2,7.5,0
0.0,0.1976,0.12160058,Decipher-VZ2,7.5,1
0.0,0.1984,0.24236958,Decipher-VZ2,7.5,2
2.9802322387695312e-08,0.22200000000000003,0.13452664,Decipher-VZ2,7.5,3
2.9802322387695312e-08,0.34639999999999993,0.39189047,Decipher-VZ2,7.5,4
2.9802322387695312e-08,0.1628,0.25736722,Decipher-VZ2,10.0,0
0.0,0.1924,0.18397155,Decipher-VZ2,10.0,1
5.960464477539063e-08,0.1888,0.32884824,Decipher-VZ2,10.0,2
0.0,0.2204,0.15204997,Decipher-VZ2,10.0,3
8.940696716308594e-08,0.37,0.35797006,Decipher-VZ2,10.0,4
0.4857759475708008,0.5124,0.82875806,Decipher-MF,0.1,0
0.48723775148391724,0.716,0.8348528,Decipher-MF,0.1,1
0.5398898124694824,0.5836,0.8377517,Decipher-MF,0.1,2
0.5198642015457153,0.952,0.8295959,Decipher-MF,0.1,3
0.5433960556983948,0.7612,0.8607607,Decipher-MF,0.1,4
0.1146169900894165,0.3096,0.66123974,Decipher-MF,0.5,0
0.2187819480895996,0.7912000000000001,0.6780589,Decipher-MF,0.5,1
0.2718623876571655,0.8048,0.7805556,Decipher-MF,0.5,2
0.3476446866989136,0.9396000000000001,0.7345785,Decipher-MF,0.5,3
0.35936665534973145,0.9244,0.7362671,Decipher-MF,0.5,4
0.03261613845825195,0.6132,0.6324317,Decipher-MF,1.0,0
0.1851193904876709,0.7628,0.70487785,Decipher-MF,1.0,1
0.23573005199432373,0.5316,0.7146956,Decipher-MF,1.0,2
0.28134751319885254,0.7904,0.6608777,Decipher-MF,1.0,3
0.32602930068969727,0.9460000000000001,0.7247661,Decipher-MF,1.0,4
0.018367767333984375,0.1276,0.5348183,Decipher-MF,2.0,0
0.12449342012405396,0.7123999999999999,0.63698065,Decipher-MF,2.0,1
0.1811438500881195,0.44720000000000004,0.6231756,Decipher-MF,2.0,2
0.16958141326904297,0.6928,0.61039156,Decipher-MF,2.0,3
0.22184783220291138,0.9056000000000001,0.7104281,Decipher-MF,2.0,4
2.9802322387695312e-08,0.1472,0.4583524,Decipher-MF,5.0,0
2.9802322387695312e-08,0.1944,0.3782421,Decipher-MF,5.0,1
0.008608728647232056,0.39160000000000006,0.6806124,Decipher-MF,5.0,2
0.06945833563804626,0.7524,0.6079222,Decipher-MF,5.0,3
0.11530810594558716,0.8440000000000001,0.611653,Decipher-MF,5.0,4
0.0,0.17679999999999998,0.285433,Decipher-MF,7.5,0
5.960464477539063e-08,0.1372,0.41273364,Decipher-MF,7.5,1
2.384185791015625e-07,0.166,0.54852283,Decipher-MF,7.5,2
0.10029929876327515,0.5996,0.6145226,Decipher-MF,7.5,3
0.043786823749542236,0.3,0.56145155,Decipher-MF,7.5,4
8.940696716308594e-08,0.15639999999999998,0.47136912,Decipher-MF,10.0,0
1.1920928955078125e-07,0.1832,0.4279371,Decipher-MF,10.0,1
1.1920928955078125e-07,0.17600000000000002,0.45822915,Decipher-MF,10.0,2
1.7881393432617188e-07,0.28,0.45804492,Decipher-MF,10.0,3
0.000209808349609375,0.23559999999999998,0.37970856,Decipher-MF,10.0,4
