model,sigma,leiden_resolution,n_clusters,rho,trained_h5ad
Base Decipher,0.1,0.02,15,0.7639361409996741,/Users/alanxie/CodingProjects/Columbia/Azizi Lab/Spatial Nut Carcinoma/decipher-bc-methods/Data/Simulated Data/Simulated Adata/shift_sigma_sweep/leiden_resolution_sweep/sigma0.1_seed0_decipher_leidenres0.02.h5ad
Base Decipher,0.1,0.05,19,0.7639517400511351,/Users/alanxie/CodingProjects/Columbia/Azizi Lab/Spatial Nut Carcinoma/decipher-bc-methods/Data/Simulated Data/Simulated Adata/shift_sigma_sweep/leiden_resolution_sweep/sigma0.1_seed0_decipher_leidenres0.05.h5ad
Base Decipher,0.1,0.1,24,0.774285246771538,/Users/alanxie/CodingProjects/Columbia/Azizi Lab/Spatial Nut Carcinoma/decipher-bc-methods/Data/Simulated Data/Simulated Adata/shift_sigma_sweep/leiden_resolution_sweep/sigma0.1_seed0_decipher_leidenres0.1.h5ad
Base Decipher,0.1,0.5,40,0.7875876111530051,/Users/alanxie/CodingProjects/Columbia/Azizi Lab/Spatial Nut Carcinoma/decipher-bc-methods/Data/Simulated Data/Simulated Adata/shift_sigma_sweep/leiden_resolution_sweep/sigma0.1_seed0_decipher_leidenres0.5.h5ad
Base Decipher,0.1,1.0,56,0.7926182681972314,/Users/alanxie/CodingProjects/Columbia/Azizi Lab/Spatial Nut Carcinoma/decipher-bc-methods/Data/Simulated Data/Simulated Adata/shift_sigma_sweep/leiden_resolution_sweep/sigma0.1_seed0_decipher_leidenres1.0.h5ad
Base Decipher,0.5,0.02,4,0.25181677664036195,/Users/alanxie/CodingProjects/Columbia/Azizi Lab/Spatial Nut Carcinoma/decipher-bc-methods/Data/Simulated Data/Simulated Adata/shift_sigma_sweep/leiden_resolution_sweep/sigma0.5_seed0_decipher_leidenres0.02.h5ad
Base Decipher,0.5,0.05,6,0.42216180140850573,/Users/alanxie/CodingProjects/Columbia/Azizi Lab/Spatial Nut Carcinoma/decipher-bc-methods/Data/Simulated Data/Simulated Adata/shift_sigma_sweep/leiden_resolution_sweep/sigma0.5_seed0_decipher_leidenres0.05.h5ad
Base Decipher,0.5,0.1,11,0.44016944820080967,/Users/alanxie/CodingProjects/Columbia/Azizi Lab/Spatial Nut Carcinoma/decipher-bc-methods/Data/Simulated Data/Simulated Adata/shift_sigma_sweep/leiden_resolution_sweep/sigma0.5_seed0_decipher_leidenres0.1.h5ad
Base Decipher,0.5,0.5,24,0.4898558652901441,/Users/alanxie/CodingProjects/Columbia/Azizi Lab/Spatial Nut Carcinoma/decipher-bc-methods/Data/Simulated Data/Simulated Adata/shift_sigma_sweep/leiden_resolution_sweep/sigma0.5_seed0_decipher_leidenres0.5.h5ad
Base Decipher,0.5,1.0,39,0.5911251039232448,/Users/alanxie/CodingProjects/Columbia/Azizi Lab/Spatial Nut Carcinoma/decipher-bc-methods/Data/Simulated Data/Simulated Adata/shift_sigma_sweep/leiden_resolution_sweep/sigma0.5_seed0_decipher_leidenres1.0.h5ad
Base Decipher,1.0,0.02,5,0.04683217335323114,/Users/alanxie/CodingProjects/Columbia/Azizi Lab/Spatial Nut Carcinoma/decipher-bc-methods/Data/Simulated Data/Simulated Adata/shift_sigma_sweep/leiden_resolution_sweep/sigma1.0_seed0_decipher_leidenres0.02.h5ad
Base Decipher,1.0,0.05,6,0.09746645743153266,/Users/alanxie/CodingProjects/Columbia/Azizi Lab/Spatial Nut Carcinoma/decipher-bc-methods/Data/Simulated Data/Simulated Adata/shift_sigma_sweep/leiden_resolution_sweep/sigma1.0_seed0_decipher_leidenres0.05.h5ad
Base Decipher,1.0,0.1,8,0.1330144246293123,/Users/alanxie/CodingProjects/Columbia/Azizi Lab/Spatial Nut Carcinoma/decipher-bc-methods/Data/Simulated Data/Simulated Adata/shift_sigma_sweep/leiden_resolution_sweep/sigma1.0_seed0_decipher_leidenres0.1.h5ad
Base Decipher,1.0,0.5,24,0.3920369935108795,/Users/alanxie/CodingProjects/Columbia/Azizi Lab/Spatial Nut Carcinoma/decipher-bc-methods/Data/Simulated Data/Simulated Adata/shift_sigma_sweep/leiden_resolution_sweep/sigma1.0_seed0_decipher_leidenres0.5.h5ad
Base Decipher,1.0,1.0,38,0.5348830531364724,/Users/alanxie/CodingProjects/Columbia/Azizi Lab/Spatial Nut Carcinoma/decipher-bc-methods/Data/Simulated Data/Simulated Adata/shift_sigma_sweep/leiden_resolution_sweep/sigma1.0_seed0_decipher_leidenres1.0.h5ad
Base Decipher,2.0,0.02,6,0.1959311295295643,/Users/alanxie/CodingProjects/Columbia/Azizi Lab/Spatial Nut Carcinoma/decipher-bc-methods/Data/Simulated Data/Simulated Adata/shift_sigma_sweep/leiden_resolution_sweep/sigma2.0_seed0_decipher_leidenres0.02.h5ad
Base Decipher,2.0,0.05,7,0.24240925919441303,/Users/alanxie/CodingProjects/Columbia/Azizi Lab/Spatial Nut Carcinoma/decipher-bc-methods/Data/Simulated Data/Simulated Adata/shift_sigma_sweep/leiden_resolution_sweep/sigma2.0_seed0_decipher_leidenres0.05.h5ad
Base Decipher,2.0,0.1,12,0.31831474423893125,/Users/alanxie/CodingProjects/Columbia/Azizi Lab/Spatial Nut Carcinoma/decipher-bc-methods/Data/Simulated Data/Simulated Adata/shift_sigma_sweep/leiden_resolution_sweep/sigma2.0_seed0_decipher_leidenres0.1.h5ad
Base Decipher,2.0,0.5,25,0.34194883373937046,/Users/alanxie/CodingProjects/Columbia/Azizi Lab/Spatial Nut Carcinoma/decipher-bc-methods/Data/Simulated Data/Simulated Adata/shift_sigma_sweep/leiden_resolution_sweep/sigma2.0_seed0_decipher_leidenres0.5.h5ad
Base Decipher,2.0,1.0,39,0.38822783408449946,/Users/alanxie/CodingProjects/Columbia/Azizi Lab/Spatial Nut Carcinoma/decipher-bc-methods/Data/Simulated Data/Simulated Adata/shift_sigma_sweep/leiden_resolution_sweep/sigma2.0_seed0_decipher_leidenres1.0.h5ad
Base Decipher,5.0,0.02,7,0.10544533877318811,/Users/alanxie/CodingProjects/Columbia/Azizi Lab/Spatial Nut Carcinoma/decipher-bc-methods/Data/Simulated Data/Simulated Adata/shift_sigma_sweep/leiden_resolution_sweep/sigma5.0_seed0_decipher_leidenres0.02.h5ad
Base Decipher,5.0,0.05,10,0.18474532662912294,/Users/alanxie/CodingProjects/Columbia/Azizi Lab/Spatial Nut Carcinoma/decipher-bc-methods/Data/Simulated Data/Simulated Adata/shift_sigma_sweep/leiden_resolution_sweep/sigma5.0_seed0_decipher_leidenres0.05.h5ad
Base Decipher,5.0,0.1,15,0.21202946816483936,/Users/alanxie/CodingProjects/Columbia/Azizi Lab/Spatial Nut Carcinoma/decipher-bc-methods/Data/Simulated Data/Simulated Adata/shift_sigma_sweep/leiden_resolution_sweep/sigma5.0_seed0_decipher_leidenres0.1.h5ad
Base Decipher,5.0,0.5,38,0.4046537663240033,/Users/alanxie/CodingProjects/Columbia/Azizi Lab/Spatial Nut Carcinoma/decipher-bc-methods/Data/Simulated Data/Simulated Adata/shift_sigma_sweep/leiden_resolution_sweep/sigma5.0_seed0_decipher_leidenres0.5.h5ad
Base Decipher,5.0,1.0,48,0.3665836119284275,/Users/alanxie/CodingProjects/Columbia/Azizi Lab/Spatial Nut Carcinoma/decipher-bc-methods/Data/Simulated Data/Simulated Adata/shift_sigma_sweep/leiden_resolution_sweep/sigma5.0_seed0_decipher_leidenres1.0.h5ad
Base Decipher,7.5,0.02,9,0.2875603792851621,/Users/alanxie/CodingProjects/Columbia/Azizi Lab/Spatial Nut Carcinoma/decipher-bc-methods/Data/Simulated Data/Simulated Adata/shift_sigma_sweep/leiden_resolution_sweep/sigma7.5_seed0_decipher_leidenres0.02.h5ad
Base Decipher,7.5,0.05,15,0.3200170039174831,/Users/alanxie/CodingProjects/Columbia/Azizi Lab/Spatial Nut Carcinoma/decipher-bc-methods/Data/Simulated Data/Simulated Adata/shift_sigma_sweep/leiden_resolution_sweep/sigma7.5_seed0_decipher_leidenres0.05.h5ad
Base Decipher,7.5,0.1,19,0.3508034853261849,/Users/alanxie/CodingProjects/Columbia/Azizi Lab/Spatial Nut Carcinoma/decipher-bc-methods/Data/Simulated Data/Simulated Adata/shift_sigma_sweep/leiden_resolution_sweep/sigma7.5_seed0_decipher_leidenres0.1.h5ad
Base Decipher,7.5,0.5,37,0.4059445321476512,/Users/alanxie/CodingProjects/Columbia/Azizi Lab/Spatial Nut Carcinoma/decipher-bc-methods/Data/Simulated Data/Simulated Adata/shift_sigma_sweep/leiden_resolution_sweep/sigma7.5_seed0_decipher_leidenres0.5.h5ad
Base Decipher,7.5,1.0,50,0.3724298584350036,/Users/alanxie/CodingProjects/Columbia/Azizi Lab/Spatial Nut Carcinoma/decipher-bc-methods/Data/Simulated Data/Simulated Adata/shift_sigma_sweep/leiden_resolution_sweep/sigma7.5_seed0_decipher_leidenres1.0.h5ad
Base Decipher,10.0,0.02,10,0.3298233414608548,/Users/alanxie/CodingProjects/Columbia/Azizi Lab/Spatial Nut Carcinoma/decipher-bc-methods/Data/Simulated Data/Simulated Adata/shift_sigma_sweep/leiden_resolution_sweep/sigma10.0_seed0_decipher_leidenres0.02.h5ad
Base Decipher,10.0,0.05,13,0.3659127683861905,/Users/alanxie/CodingProjects/Columbia/Azizi Lab/Spatial Nut Carcinoma/decipher-bc-methods/Data/Simulated Data/Simulated Adata/shift_sigma_sweep/leiden_resolution_sweep/sigma10.0_seed0_decipher_leidenres0.05.h5ad
Base Decipher,10.0,0.1,17,0.35050190269988224,/Users/alanxie/CodingProjects/Columbia/Azizi Lab/Spatial Nut Carcinoma/decipher-bc-methods/Data/Simulated Data/Simulated Adata/shift_sigma_sweep/leiden_resolution_sweep/sigma10.0_seed0_decipher_leidenres0.1.h5ad
Base Decipher,10.0,0.5,38,0.5219210722487738,/Users/alanxie/CodingProjects/Columbia/Azizi Lab/Spatial Nut Carcinoma/decipher-bc-methods/Data/Simulated Data/Simulated Adata/shift_sigma_sweep/leiden_resolution_sweep/sigma10.0_seed0_decipher_leidenres0.5.h5ad
Base Decipher,10.0,1.0,54,0.4720741522373958,/Users/alanxie/CodingProjects/Columbia/Azizi Lab/Spatial Nut Carcinoma/decipher-bc-methods/Data/Simulated Data/Simulated Adata/shift_sigma_sweep/leiden_resolution_sweep/sigma10.0_seed0_decipher_leidenres1.0.h5ad
Decipher-VZ,0.1,0.02,12,0.7781900077964211,/Users/alanxie/CodingProjects/Columbia/Azizi Lab/Spatial Nut Carcinoma/decipher-bc-methods/Data/Simulated Data/Simulated Adata/shift_sigma_sweep/leiden_resolution_sweep/sigma0.1_seed0_decipher_vz_leidenres0.02.h5ad
Decipher-VZ,0.1,0.05,19,0.7814710929497202,/Users/alanxie/CodingProjects/Columbia/Azizi Lab/Spatial Nut Carcinoma/decipher-bc-methods/Data/Simulated Data/Simulated Adata/shift_sigma_sweep/leiden_resolution_sweep/sigma0.1_seed0_decipher_vz_leidenres0.05.h5ad
Decipher-VZ,0.1,0.1,25,0.7861755627102638,/Users/alanxie/CodingProjects/Columbia/Azizi Lab/Spatial Nut Carcinoma/decipher-bc-methods/Data/Simulated Data/Simulated Adata/shift_sigma_sweep/leiden_resolution_sweep/sigma0.1_seed0_decipher_vz_leidenres0.1.h5ad
Decipher-VZ,0.1,0.5,38,0.7917210726559162,/Users/alanxie/CodingProjects/Columbia/Azizi Lab/Spatial Nut Carcinoma/decipher-bc-methods/Data/Simulated Data/Simulated Adata/shift_sigma_sweep/leiden_resolution_sweep/sigma0.1_seed0_decipher_vz_leidenres0.5.h5ad
Decipher-VZ,0.1,1.0,51,0.7889346316719718,/Users/alanxie/CodingProjects/Columbia/Azizi Lab/Spatial Nut Carcinoma/decipher-bc-methods/Data/Simulated Data/Simulated Adata/shift_sigma_sweep/leiden_resolution_sweep/sigma0.1_seed0_decipher_vz_leidenres1.0.h5ad
Decipher-VZ,0.5,0.02,5,0.09040236708355814,/Users/alanxie/CodingProjects/Columbia/Azizi Lab/Spatial Nut Carcinoma/decipher-bc-methods/Data/Simulated Data/Simulated Adata/shift_sigma_sweep/leiden_resolution_sweep/sigma0.5_seed0_decipher_vz_leidenres0.02.h5ad
Decipher-VZ,0.5,0.05,5,0.19371852275399057,/Users/alanxie/CodingProjects/Columbia/Azizi Lab/Spatial Nut Carcinoma/decipher-bc-methods/Data/Simulated Data/Simulated Adata/shift_sigma_sweep/leiden_resolution_sweep/sigma0.5_seed0_decipher_vz_leidenres0.05.h5ad
Decipher-VZ,0.5,0.1,9,0.28484447334345725,/Users/alanxie/CodingProjects/Columbia/Azizi Lab/Spatial Nut Carcinoma/decipher-bc-methods/Data/Simulated Data/Simulated Adata/shift_sigma_sweep/leiden_resolution_sweep/sigma0.5_seed0_decipher_vz_leidenres0.1.h5ad
Decipher-VZ,0.5,0.5,23,0.3265354707687606,/Users/alanxie/CodingProjects/Columbia/Azizi Lab/Spatial Nut Carcinoma/decipher-bc-methods/Data/Simulated Data/Simulated Adata/shift_sigma_sweep/leiden_resolution_sweep/sigma0.5_seed0_decipher_vz_leidenres0.5.h5ad
Decipher-VZ,0.5,1.0,38,0.44281176053764326,/Users/alanxie/CodingProjects/Columbia/Azizi Lab/Spatial Nut Carcinoma/decipher-bc-methods/Data/Simulated Data/Simulated Adata/shift_sigma_sweep/leiden_resolution_sweep/sigma0.5_seed0_decipher_vz_leidenres1.0.h5ad
Decipher-VZ,1.0,0.02,4,0.09548970664332358,/Users/alanxie/CodingProjects/Columbia/Azizi Lab/Spatial Nut Carcinoma/decipher-bc-methods/Data/Simulated Data/Simulated Adata/shift_sigma_sweep/leiden_resolution_sweep/sigma1.0_seed0_decipher_vz_leidenres0.02.h5ad
Decipher-VZ,1.0,0.05,6,0.031543983418747756,/Users/alanxie/CodingProjects/Columbia/Azizi Lab/Spatial Nut Carcinoma/decipher-bc-methods/Data/Simulated Data/Simulated Adata/shift_sigma_sweep/leiden_resolution_sweep/sigma1.0_seed0_decipher_vz_leidenres0.05.h5ad
Decipher-VZ,1.0,0.1,9,0.2762976686808333,/Users/alanxie/CodingProjects/Columbia/Azizi Lab/Spatial Nut Carcinoma/decipher-bc-methods/Data/Simulated Data/Simulated Adata/shift_sigma_sweep/leiden_resolution_sweep/sigma1.0_seed0_decipher_vz_leidenres0.1.h5ad
Decipher-VZ,1.0,0.5,28,0.4586918053689371,/Users/alanxie/CodingProjects/Columbia/Azizi Lab/Spatial Nut Carcinoma/decipher-bc-methods/Data/Simulated Data/Simulated Adata/shift_sigma_sweep/leiden_resolution_sweep/sigma1.0_seed0_decipher_vz_leidenres0.5.h5ad
Decipher-VZ,1.0,1.0,38,0.5197798714031736,/Users/alanxie/CodingProjects/Columbia/Azizi Lab/Spatial Nut Carcinoma/decipher-bc-methods/Data/Simulated Data/Simulated Adata/shift_sigma_sweep/leiden_resolution_sweep/sigma1.0_seed0_decipher_vz_leidenres1.0.h5ad
Decipher-VZ,2.0,0.02,6,0.08522338486883979,/Users/alanxie/CodingProjects/Columbia/Azizi Lab/Spatial Nut Carcinoma/decipher-bc-methods/Data/Simulated Data/Simulated Adata/shift_sigma_sweep/leiden_resolution_sweep/sigma2.0_seed0_decipher_vz_leidenres0.02.h5ad
Decipher-VZ,2.0,0.05,8,0.20887044536374022,/Users/alanxie/CodingProjects/Columbia/Azizi Lab/Spatial Nut Carcinoma/decipher-bc-methods/Data/Simulated Data/Simulated Adata/shift_sigma_sweep/leiden_resolution_sweep/sigma2.0_seed0_decipher_vz_leidenres0.05.h5ad
Decipher-VZ,2.0,0.1,11,0.1775726389149137,/Users/alanxie/CodingProjects/Columbia/Azizi Lab/Spatial Nut Carcinoma/decipher-bc-methods/Data/Simulated Data/Simulated Adata/shift_sigma_sweep/leiden_resolution_sweep/sigma2.0_seed0_decipher_vz_leidenres0.1.h5ad
Decipher-VZ,2.0,0.5,27,0.25659731577951206,/Users/alanxie/CodingProjects/Columbia/Azizi Lab/Spatial Nut Carcinoma/decipher-bc-methods/Data/Simulated Data/Simulated Adata/shift_sigma_sweep/leiden_resolution_sweep/sigma2.0_seed0_decipher_vz_leidenres0.5.h5ad
Decipher-VZ,2.0,1.0,37,0.27866420624956817,/Users/alanxie/CodingProjects/Columbia/Azizi Lab/Spatial Nut Carcinoma/decipher-bc-methods/Data/Simulated Data/Simulated Adata/shift_sigma_sweep/leiden_resolution_sweep/sigma2.0_seed0_decipher_vz_leidenres1.0.h5ad
Decipher-VZ,5.0,0.02,7,0.2755482893430664,/Users/alanxie/CodingProjects/Columbia/Azizi Lab/Spatial Nut Carcinoma/decipher-bc-methods/Data/Simulated Data/Simulated Adata/shift_sigma_sweep/leiden_resolution_sweep/sigma5.0_seed0_decipher_vz_leidenres0.02.h5ad
Decipher-VZ,5.0,0.05,10,0.12369273035785978,/Users/alanxie/CodingProjects/Columbia/Azizi Lab/Spatial Nut Carcinoma/decipher-bc-methods/Data/Simulated Data/Simulated Adata/shift_sigma_sweep/leiden_resolution_sweep/sigma5.0_seed0_decipher_vz_leidenres0.05.h5ad
Decipher-VZ,5.0,0.1,17,0.2851561887468917,/Users/alanxie/CodingProjects/Columbia/Azizi Lab/Spatial Nut Carcinoma/decipher-bc-methods/Data/Simulated Data/Simulated Adata/shift_sigma_sweep/leiden_resolution_sweep/sigma5.0_seed0_decipher_vz_leidenres0.1.h5ad
Decipher-VZ,5.0,0.5,33,0.3319891717711009,/Users/alanxie/CodingProjects/Columbia/Azizi Lab/Spatial Nut Carcinoma/decipher-bc-methods/Data/Simulated Data/Simulated Adata/shift_sigma_sweep/leiden_resolution_sweep/sigma5.0_seed0_decipher_vz_leidenres0.5.h5ad
Decipher-VZ,5.0,1.0,44,0.40882579006438813,/Users/alanxie/CodingProjects/Columbia/Azizi Lab/Spatial Nut Carcinoma/decipher-bc-methods/Data/Simulated Data/Simulated Adata/shift_sigma_sweep/leiden_resolution_sweep/sigma5.0_seed0_decipher_vz_leidenres1.0.h5ad
Decipher-VZ,7.5,0.02,7,0.2919302011071088,/Users/alanxie/CodingProjects/Columbia/Azizi Lab/Spatial Nut Carcinoma/decipher-bc-methods/Data/Simulated Data/Simulated Adata/shift_sigma_sweep/leiden_resolution_sweep/sigma7.5_seed0_decipher_vz_leidenres0.02.h5ad
Decipher-VZ,7.5,0.05,10,0.25013843232437194,/Users/alanxie/CodingProjects/Columbia/Azizi Lab/Spatial Nut Carcinoma/decipher-bc-methods/Data/Simulated Data/Simulated Adata/shift_sigma_sweep/leiden_resolution_sweep/sigma7.5_seed0_decipher_vz_leidenres0.05.h5ad
Decipher-VZ,7.5,0.1,13,0.30981890746582563,/Users/alanxie/CodingProjects/Columbia/Azizi Lab/Spatial Nut Carcinoma/decipher-bc-methods/Data/Simulated Data/Simulated Adata/shift_sigma_sweep/leiden_resolution_sweep/sigma7.5_seed0_decipher_vz_leidenres0.1.h5ad
Decipher-VZ,7.5,0.5,32,0.5241186973292665,/Users/alanxie/CodingProjects/Columbia/Azizi Lab/Spatial Nut Carcinoma/decipher-bc-methods/Data/Simulated Data/Simulated Adata/shift_sigma_sweep/leiden_resolution_sweep/sigma7.5_seed0_decipher_vz_leidenres0.5.h5ad
Decipher-VZ,7.5,1.0,43,0.49175293150050214,/Users/alanxie/CodingProjects/Columbia/Azizi Lab/Spatial Nut Carcinoma/decipher-bc-methods/Data/Simulated Data/Simulated Adata/shift_sigma_sweep/leiden_resolution_sweep/sigma7.5_seed0_decipher_vz_leidenres1.0.h5ad
Decipher-VZ,10.0,0.02,11,0.29626687497232623,/Users/alanxie/CodingProjects/Columbia/Azizi Lab/Spatial Nut Carcinoma/decipher-bc-methods/Data/Simulated Data/Simulated Adata/shift_sigma_sweep/leiden_resolution_sweep/sigma10.0_seed0_decipher_vz_leidenres0.02.h5ad
Decipher-VZ,10.0,0.05,15,0.311268915142734,/Users/alanxie/CodingProjects/Columbia/Azizi Lab/Spatial Nut Carcinoma/decipher-bc-methods/Data/Simulated Data/Simulated Adata/shift_sigma_sweep/leiden_resolution_sweep/sigma10.0_seed0_decipher_vz_leidenres0.05.h5ad
Decipher-VZ,10.0,0.1,20,0.26914226550525766,/Users/alanxie/CodingProjects/Columbia/Azizi Lab/Spatial Nut Carcinoma/decipher-bc-methods/Data/Simulated Data/Simulated Adata/shift_sigma_sweep/leiden_resolution_sweep/sigma10.0_seed0_decipher_vz_leidenres0.1.h5ad
Decipher-VZ,10.0,0.5,37,0.3960762907388594,/Users/alanxie/CodingProjects/Columbia/Azizi Lab/Spatial Nut Carcinoma/decipher-bc-methods/Data/Simulated Data/Simulated Adata/shift_sigma_sweep/leiden_resolution_sweep/sigma10.0_seed0_decipher_vz_leidenres0.5.h5ad
Decipher-VZ,10.0,1.0,49,0.3416535730616845,/Users/alanxie/CodingProjects/Columbia/Azizi Lab/Spatial Nut Carcinoma/decipher-bc-methods/Data/Simulated Data/Simulated Adata/shift_sigma_sweep/leiden_resolution_sweep/sigma10.0_seed0_decipher_vz_leidenres1.0.h5ad
Decipher-VZ2,0.1,0.02,16,0.8008596899571544,/Users/alanxie/CodingProjects/Columbia/Azizi Lab/Spatial Nut Carcinoma/decipher-bc-methods/Data/Simulated Data/Simulated Adata/shift_sigma_sweep/leiden_resolution_sweep/sigma0.1_seed0_decipher_vz2_leidenres0.02.h5ad
Decipher-VZ2,0.1,0.05,22,0.7952442811188736,/Users/alanxie/CodingProjects/Columbia/Azizi Lab/Spatial Nut Carcinoma/decipher-bc-methods/Data/Simulated Data/Simulated Adata/shift_sigma_sweep/leiden_resolution_sweep/sigma0.1_seed0_decipher_vz2_leidenres0.05.h5ad
Decipher-VZ2,0.1,0.1,25,0.7978253090978893,/Users/alanxie/CodingProjects/Columbia/Azizi Lab/Spatial Nut Carcinoma/decipher-bc-methods/Data/Simulated Data/Simulated Adata/shift_sigma_sweep/leiden_resolution_sweep/sigma0.1_seed0_decipher_vz2_leidenres0.1.h5ad
Decipher-VZ2,0.1,0.5,46,0.8040389090447508,/Users/alanxie/CodingProjects/Columbia/Azizi Lab/Spatial Nut Carcinoma/decipher-bc-methods/Data/Simulated Data/Simulated Adata/shift_sigma_sweep/leiden_resolution_sweep/sigma0.1_seed0_decipher_vz2_leidenres0.5.h5ad
Decipher-VZ2,0.1,1.0,60,0.8101530365880231,/Users/alanxie/CodingProjects/Columbia/Azizi Lab/Spatial Nut Carcinoma/decipher-bc-methods/Data/Simulated Data/Simulated Adata/shift_sigma_sweep/leiden_resolution_sweep/sigma0.1_seed0_decipher_vz2_leidenres1.0.h5ad
Decipher-VZ2,0.5,0.02,4,0.25765826911827344,/Users/alanxie/CodingProjects/Columbia/Azizi Lab/Spatial Nut Carcinoma/decipher-bc-methods/Data/Simulated Data/Simulated Adata/shift_sigma_sweep/leiden_resolution_sweep/sigma0.5_seed0_decipher_vz2_leidenres0.02.h5ad
Decipher-VZ2,0.5,0.05,5,0.21030468409037714,/Users/alanxie/CodingProjects/Columbia/Azizi Lab/Spatial Nut Carcinoma/decipher-bc-methods/Data/Simulated Data/Simulated Adata/shift_sigma_sweep/leiden_resolution_sweep/sigma0.5_seed0_decipher_vz2_leidenres0.05.h5ad
Decipher-VZ2,0.5,0.1,10,0.3203265528766033,/Users/alanxie/CodingProjects/Columbia/Azizi Lab/Spatial Nut Carcinoma/decipher-bc-methods/Data/Simulated Data/Simulated Adata/shift_sigma_sweep/leiden_resolution_sweep/sigma0.5_seed0_decipher_vz2_leidenres0.1.h5ad
Decipher-VZ2,0.5,0.5,25,0.46382603722359145,/Users/alanxie/CodingProjects/Columbia/Azizi Lab/Spatial Nut Carcinoma/decipher-bc-methods/Data/Simulated Data/Simulated Adata/shift_sigma_sweep/leiden_resolution_sweep/sigma0.5_seed0_decipher_vz2_leidenres0.5.h5ad
Decipher-VZ2,0.5,1.0,39,0.564224866421308,/Users/alanxie/CodingProjects/Columbia/Azizi Lab/Spatial Nut Carcinoma/decipher-bc-methods/Data/Simulated Data/Simulated Adata/shift_sigma_sweep/leiden_resolution_sweep/sigma0.5_seed0_decipher_vz2_leidenres1.0.h5ad
Decipher-VZ2,1.0,0.02,5,0.09178634857670384,/Users/alanxie/CodingProjects/Columbia/Azizi Lab/Spatial Nut Carcinoma/decipher-bc-methods/Data/Simulated Data/Simulated Adata/shift_sigma_sweep/leiden_resolution_sweep/sigma1.0_seed0_decipher_vz2_leidenres0.02.h5ad
Decipher-VZ2,1.0,0.05,7,0.14976266441010336,/Users/alanxie/CodingProjects/Columbia/Azizi Lab/Spatial Nut Carcinoma/decipher-bc-methods/Data/Simulated Data/Simulated Adata/shift_sigma_sweep/leiden_resolution_sweep/sigma1.0_seed0_decipher_vz2_leidenres0.05.h5ad
Decipher-VZ2,1.0,0.1,12,0.3694477712110424,/Users/alanxie/CodingProjects/Columbia/Azizi Lab/Spatial Nut Carcinoma/decipher-bc-methods/Data/Simulated Data/Simulated Adata/shift_sigma_sweep/leiden_resolution_sweep/sigma1.0_seed0_decipher_vz2_leidenres0.1.h5ad
Decipher-VZ2,1.0,0.5,27,0.4015101679279045,/Users/alanxie/CodingProjects/Columbia/Azizi Lab/Spatial Nut Carcinoma/decipher-bc-methods/Data/Simulated Data/Simulated Adata/shift_sigma_sweep/leiden_resolution_sweep/sigma1.0_seed0_decipher_vz2_leidenres0.5.h5ad
Decipher-VZ2,1.0,1.0,38,0.46337961446591747,/Users/alanxie/CodingProjects/Columbia/Azizi Lab/Spatial Nut Carcinoma/decipher-bc-methods/Data/Simulated Data/Simulated Adata/shift_sigma_sweep/leiden_resolution_sweep/sigma1.0_seed0_decipher_vz2_leidenres1.0.h5ad
Decipher-VZ2,2.0,0.02,6,0.1597089692223383,/Users/alanxie/CodingProjects/Columbia/Azizi Lab/Spatial Nut Carcinoma/decipher-bc-methods/Data/Simulated Data/Simulated Adata/shift_sigma_sweep/leiden_resolution_sweep/sigma2.0_seed0_decipher_vz2_leidenres0.02.h5ad
Decipher-VZ2,2.0,0.05,8,0.2788559856655385,/Users/alanxie/CodingProjects/Columbia/Azizi Lab/Spatial Nut Carcinoma/decipher-bc-methods/Data/Simulated Data/Simulated Adata/shift_sigma_sweep/leiden_resolution_sweep/sigma2.0_seed0_decipher_vz2_leidenres0.05.h5ad
Decipher-VZ2,2.0,0.1,11,0.41748477698849623,/Users/alanxie/CodingProjects/Columbia/Azizi Lab/Spatial Nut Carcinoma/decipher-bc-methods/Data/Simulated Data/Simulated Adata/shift_sigma_sweep/leiden_resolution_sweep/sigma2.0_seed0_decipher_vz2_leidenres0.1.h5ad
Decipher-VZ2,2.0,0.5,27,0.43372760599816595,/Users/alanxie/CodingProjects/Columbia/Azizi Lab/Spatial Nut Carcinoma/decipher-bc-methods/Data/Simulated Data/Simulated Adata/shift_sigma_sweep/leiden_resolution_sweep/sigma2.0_seed0_decipher_vz2_leidenres0.5.h5ad
Decipher-VZ2,2.0,1.0,42,0.47066369651084333,/Users/alanxie/CodingProjects/Columbia/Azizi Lab/Spatial Nut Carcinoma/decipher-bc-methods/Data/Simulated Data/Simulated Adata/shift_sigma_sweep/leiden_resolution_sweep/sigma2.0_seed0_decipher_vz2_leidenres1.0.h5ad
Decipher-VZ2,5.0,0.02,9,0.21091735481808788,/Users/alanxie/CodingProjects/Columbia/Azizi Lab/Spatial Nut Carcinoma/decipher-bc-methods/Data/Simulated Data/Simulated Adata/shift_sigma_sweep/leiden_resolution_sweep/sigma5.0_seed0_decipher_vz2_leidenres0.02.h5ad
Decipher-VZ2,5.0,0.05,11,0.320079381078144,/Users/alanxie/CodingProjects/Columbia/Azizi Lab/Spatial Nut Carcinoma/decipher-bc-methods/Data/Simulated Data/Simulated Adata/shift_sigma_sweep/leiden_resolution_sweep/sigma5.0_seed0_decipher_vz2_leidenres0.05.h5ad
Decipher-VZ2,5.0,0.1,16,0.5004969278315495,/Users/alanxie/CodingProjects/Columbia/Azizi Lab/Spatial Nut Carcinoma/decipher-bc-methods/Data/Simulated Data/Simulated Adata/shift_sigma_sweep/leiden_resolution_sweep/sigma5.0_seed0_decipher_vz2_leidenres0.1.h5ad
Decipher-VZ2,5.0,0.5,35,0.43762296838804005,/Users/alanxie/CodingProjects/Columbia/Azizi Lab/Spatial Nut Carcinoma/decipher-bc-methods/Data/Simulated Data/Simulated Adata/shift_sigma_sweep/leiden_resolution_sweep/sigma5.0_seed0_decipher_vz2_leidenres0.5.h5ad
Decipher-VZ2,5.0,1.0,51,0.5123299625908165,/Users/alanxie/CodingProjects/Columbia/Azizi Lab/Spatial Nut Carcinoma/decipher-bc-methods/Data/Simulated Data/Simulated Adata/shift_sigma_sweep/leiden_resolution_sweep/sigma5.0_seed0_decipher_vz2_leidenres1.0.h5ad
Decipher-VZ2,7.5,0.02,10,0.2862006419338277,/Users/alanxie/CodingProjects/Columbia/Azizi Lab/Spatial Nut Carcinoma/decipher-bc-methods/Data/Simulated Data/Simulated Adata/shift_sigma_sweep/leiden_resolution_sweep/sigma7.5_seed0_decipher_vz2_leidenres0.02.h5ad
Decipher-VZ2,7.5,0.05,14,0.36008858340200117,/Users/alanxie/CodingProjects/Columbia/Azizi Lab/Spatial Nut Carcinoma/decipher-bc-methods/Data/Simulated Data/Simulated Adata/shift_sigma_sweep/leiden_resolution_sweep/sigma7.5_seed0_decipher_vz2_leidenres0.05.h5ad
Decipher-VZ2,7.5,0.1,18,0.4951151551766929,/Users/alanxie/CodingProjects/Columbia/Azizi Lab/Spatial Nut Carcinoma/decipher-bc-methods/Data/Simulated Data/Simulated Adata/shift_sigma_sweep/leiden_resolution_sweep/sigma7.5_seed0_decipher_vz2_leidenres0.1.h5ad
Decipher-VZ2,7.5,0.5,34,0.5721627971023072,/Users/alanxie/CodingProjects/Columbia/Azizi Lab/Spatial Nut Carcinoma/decipher-bc-methods/Data/Simulated Data/Simulated Adata/shift_sigma_sweep/leiden_resolution_sweep/sigma7.5_seed0_decipher_vz2_leidenres0.5.h5ad
Decipher-VZ2,7.5,1.0,46,0.6156429101078877,/Users/alanxie/CodingProjects/Columbia/Azizi Lab/Spatial Nut Carcinoma/decipher-bc-methods/Data/Simulated Data/Simulated Adata/shift_sigma_sweep/leiden_resolution_sweep/sigma7.5_seed0_decipher_vz2_leidenres1.0.h5ad
Decipher-VZ2,10.0,0.02,13,0.3306719919329868,/Users/alanxie/CodingProjects/Columbia/Azizi Lab/Spatial Nut Carcinoma/decipher-bc-methods/Data/Simulated Data/Simulated Adata/shift_sigma_sweep/leiden_resolution_sweep/sigma10.0_seed0_decipher_vz2_leidenres0.02.h5ad
Decipher-VZ2,10.0,0.05,18,0.511506286233332,/Users/alanxie/CodingProjects/Columbia/Azizi Lab/Spatial Nut Carcinoma/decipher-bc-methods/Data/Simulated Data/Simulated Adata/shift_sigma_sweep/leiden_resolution_sweep/sigma10.0_seed0_decipher_vz2_leidenres0.05.h5ad
Decipher-VZ2,10.0,0.1,24,0.5645239630858978,/Users/alanxie/CodingProjects/Columbia/Azizi Lab/Spatial Nut Carcinoma/decipher-bc-methods/Data/Simulated Data/Simulated Adata/shift_sigma_sweep/leiden_resolution_sweep/sigma10.0_seed0_decipher_vz2_leidenres0.1.h5ad
Decipher-VZ2,10.0,0.5,46,0.5634618725654222,/Users/alanxie/CodingProjects/Columbia/Azizi Lab/Spatial Nut Carcinoma/decipher-bc-methods/Data/Simulated Data/Simulated Adata/shift_sigma_sweep/leiden_resolution_sweep/sigma10.0_seed0_decipher_vz2_leidenres0.5.h5ad
Decipher-VZ2,10.0,1.0,55,0.5452855564043538,/Users/alanxie/CodingProjects/Columbia/Azizi Lab/Spatial Nut Carcinoma/decipher-bc-methods/Data/Simulated Data/Simulated Adata/shift_sigma_sweep/leiden_resolution_sweep/sigma10.0_seed0_decipher_vz2_leidenres1.0.h5ad
Decipher-MF,0.1,0.02,14,0.784253503494507,/Users/alanxie/CodingProjects/Columbia/Azizi Lab/Spatial Nut Carcinoma/decipher-bc-methods/Data/Simulated Data/Simulated Adata/shift_sigma_sweep/leiden_resolution_sweep/sigma0.1_seed0_decipher_mf_leidenres0.02.h5ad
Decipher-MF,0.1,0.05,17,0.7993305140460379,/Users/alanxie/CodingProjects/Columbia/Azizi Lab/Spatial Nut Carcinoma/decipher-bc-methods/Data/Simulated Data/Simulated Adata/shift_sigma_sweep/leiden_resolution_sweep/sigma0.1_seed0_decipher_mf_leidenres0.05.h5ad
Decipher-MF,0.1,0.1,24,0.7905416856984803,/Users/alanxie/CodingProjects/Columbia/Azizi Lab/Spatial Nut Carcinoma/decipher-bc-methods/Data/Simulated Data/Simulated Adata/shift_sigma_sweep/leiden_resolution_sweep/sigma0.1_seed0_decipher_mf_leidenres0.1.h5ad
Decipher-MF,0.1,0.5,44,0.8083684707454917,/Users/alanxie/CodingProjects/Columbia/Azizi Lab/Spatial Nut Carcinoma/decipher-bc-methods/Data/Simulated Data/Simulated Adata/shift_sigma_sweep/leiden_resolution_sweep/sigma0.1_seed0_decipher_mf_leidenres0.5.h5ad
Decipher-MF,0.1,1.0,57,0.8131059973862413,/Users/alanxie/CodingProjects/Columbia/Azizi Lab/Spatial Nut Carcinoma/decipher-bc-methods/Data/Simulated Data/Simulated Adata/shift_sigma_sweep/leiden_resolution_sweep/sigma0.1_seed0_decipher_mf_leidenres1.0.h5ad
Decipher-MF,0.5,0.02,4,0.02834392928895777,/Users/alanxie/CodingProjects/Columbia/Azizi Lab/Spatial Nut Carcinoma/decipher-bc-methods/Data/Simulated Data/Simulated Adata/shift_sigma_sweep/leiden_resolution_sweep/sigma0.5_seed0_decipher_mf_leidenres0.02.h5ad
Decipher-MF,0.5,0.05,9,0.0221830804977249,/Users/alanxie/CodingProjects/Columbia/Azizi Lab/Spatial Nut Carcinoma/decipher-bc-methods/Data/Simulated Data/Simulated Adata/shift_sigma_sweep/leiden_resolution_sweep/sigma0.5_seed0_decipher_mf_leidenres0.05.h5ad
Decipher-MF,0.5,0.1,12,0.0029804778133913678,/Users/alanxie/CodingProjects/Columbia/Azizi Lab/Spatial Nut Carcinoma/decipher-bc-methods/Data/Simulated Data/Simulated Adata/shift_sigma_sweep/leiden_resolution_sweep/sigma0.5_seed0_decipher_mf_leidenres0.1.h5ad
Decipher-MF,0.5,0.5,27,0.16066669924635427,/Users/alanxie/CodingProjects/Columbia/Azizi Lab/Spatial Nut Carcinoma/decipher-bc-methods/Data/Simulated Data/Simulated Adata/shift_sigma_sweep/leiden_resolution_sweep/sigma0.5_seed0_decipher_mf_leidenres0.5.h5ad
Decipher-MF,0.5,1.0,37,0.23782035911185664,/Users/alanxie/CodingProjects/Columbia/Azizi Lab/Spatial Nut Carcinoma/decipher-bc-methods/Data/Simulated Data/Simulated Adata/shift_sigma_sweep/leiden_resolution_sweep/sigma0.5_seed0_decipher_mf_leidenres1.0.h5ad
Decipher-MF,1.0,0.02,7,0.650296140437957,/Users/alanxie/CodingProjects/Columbia/Azizi Lab/Spatial Nut Carcinoma/decipher-bc-methods/Data/Simulated Data/Simulated Adata/shift_sigma_sweep/leiden_resolution_sweep/sigma1.0_seed0_decipher_mf_leidenres0.02.h5ad
Decipher-MF,1.0,0.05,9,0.6814743941785825,/Users/alanxie/CodingProjects/Columbia/Azizi Lab/Spatial Nut Carcinoma/decipher-bc-methods/Data/Simulated Data/Simulated Adata/shift_sigma_sweep/leiden_resolution_sweep/sigma1.0_seed0_decipher_mf_leidenres0.05.h5ad
Decipher-MF,1.0,0.1,12,0.7337060946428932,/Users/alanxie/CodingProjects/Columbia/Azizi Lab/Spatial Nut Carcinoma/decipher-bc-methods/Data/Simulated Data/Simulated Adata/shift_sigma_sweep/leiden_resolution_sweep/sigma1.0_seed0_decipher_mf_leidenres0.1.h5ad
Decipher-MF,1.0,0.5,29,0.7428691729803567,/Users/alanxie/CodingProjects/Columbia/Azizi Lab/Spatial Nut Carcinoma/decipher-bc-methods/Data/Simulated Data/Simulated Adata/shift_sigma_sweep/leiden_resolution_sweep/sigma1.0_seed0_decipher_mf_leidenres0.5.h5ad
Decipher-MF,1.0,1.0,38,0.7660127497861812,/Users/alanxie/CodingProjects/Columbia/Azizi Lab/Spatial Nut Carcinoma/decipher-bc-methods/Data/Simulated Data/Simulated Adata/shift_sigma_sweep/leiden_resolution_sweep/sigma1.0_seed0_decipher_mf_leidenres1.0.h5ad
Decipher-MF,2.0,0.02,8,0.22829510557156363,/Users/alanxie/CodingProjects/Columbia/Azizi Lab/Spatial Nut Carcinoma/decipher-bc-methods/Data/Simulated Data/Simulated Adata/shift_sigma_sweep/leiden_resolution_sweep/sigma2.0_seed0_decipher_mf_leidenres0.02.h5ad
Decipher-MF,2.0,0.05,10,0.25234760996241884,/Users/alanxie/CodingProjects/Columbia/Azizi Lab/Spatial Nut Carcinoma/decipher-bc-methods/Data/Simulated Data/Simulated Adata/shift_sigma_sweep/leiden_resolution_sweep/sigma2.0_seed0_decipher_mf_leidenres0.05.h5ad
Decipher-MF,2.0,0.1,15,0.2017459800165578,/Users/alanxie/CodingProjects/Columbia/Azizi Lab/Spatial Nut Carcinoma/decipher-bc-methods/Data/Simulated Data/Simulated Adata/shift_sigma_sweep/leiden_resolution_sweep/sigma2.0_seed0_decipher_mf_leidenres0.1.h5ad
Decipher-MF,2.0,0.5,25,0.23734723203288946,/Users/alanxie/CodingProjects/Columbia/Azizi Lab/Spatial Nut Carcinoma/decipher-bc-methods/Data/Simulated Data/Simulated Adata/shift_sigma_sweep/leiden_resolution_sweep/sigma2.0_seed0_decipher_mf_leidenres0.5.h5ad
Decipher-MF,2.0,1.0,40,0.287120917933971,/Users/alanxie/CodingProjects/Columbia/Azizi Lab/Spatial Nut Carcinoma/decipher-bc-methods/Data/Simulated Data/Simulated Adata/shift_sigma_sweep/leiden_resolution_sweep/sigma2.0_seed0_decipher_mf_leidenres1.0.h5ad
Decipher-MF,5.0,0.02,6,0.2184041339850553,/Users/alanxie/CodingProjects/Columbia/Azizi Lab/Spatial Nut Carcinoma/decipher-bc-methods/Data/Simulated Data/Simulated Adata/shift_sigma_sweep/leiden_resolution_sweep/sigma5.0_seed0_decipher_mf_leidenres0.02.h5ad
Decipher-MF,5.0,0.05,9,0.19133103185470382,/Users/alanxie/CodingProjects/Columbia/Azizi Lab/Spatial Nut Carcinoma/decipher-bc-methods/Data/Simulated Data/Simulated Adata/shift_sigma_sweep/leiden_resolution_sweep/sigma5.0_seed0_decipher_mf_leidenres0.05.h5ad
Decipher-MF,5.0,0.1,14,0.1769708146779033,/Users/alanxie/CodingProjects/Columbia/Azizi Lab/Spatial Nut Carcinoma/decipher-bc-methods/Data/Simulated Data/Simulated Adata/shift_sigma_sweep/leiden_resolution_sweep/sigma5.0_seed0_decipher_mf_leidenres0.1.h5ad
Decipher-MF,5.0,0.5,33,0.3102297203404992,/Users/alanxie/CodingProjects/Columbia/Azizi Lab/Spatial Nut Carcinoma/decipher-bc-methods/Data/Simulated Data/Simulated Adata/shift_sigma_sweep/leiden_resolution_sweep/sigma5.0_seed0_decipher_mf_leidenres0.5.h5ad
Decipher-MF,5.0,1.0,41,0.17699827599083956,/Users/alanxie/CodingProjects/Columbia/Azizi Lab/Spatial Nut Carcinoma/decipher-bc-methods/Data/Simulated Data/Simulated Adata/shift_sigma_sweep/leiden_resolution_sweep/sigma5.0_seed0_decipher_mf_leidenres1.0.h5ad
Decipher-MF,7.5,0.02,8,0.15347287206709084,/Users/alanxie/CodingProjects/Columbia/Azizi Lab/Spatial Nut Carcinoma/decipher-bc-methods/Data/Simulated Data/Simulated Adata/shift_sigma_sweep/leiden_resolution_sweep/sigma7.5_seed0_decipher_mf_leidenres0.02.h5ad
Decipher-MF,7.5,0.05,11,0.13376818878400343,/Users/alanxie/CodingProjects/Columbia/Azizi Lab/Spatial Nut Carcinoma/decipher-bc-methods/Data/Simulated Data/Simulated Adata/shift_sigma_sweep/leiden_resolution_sweep/sigma7.5_seed0_decipher_mf_leidenres0.05.h5ad
Decipher-MF,7.5,0.1,16,0.10541891968107196,/Users/alanxie/CodingProjects/Columbia/Azizi Lab/Spatial Nut Carcinoma/decipher-bc-methods/Data/Simulated Data/Simulated Adata/shift_sigma_sweep/leiden_resolution_sweep/sigma7.5_seed0_decipher_mf_leidenres0.1.h5ad
Decipher-MF,7.5,0.5,35,0.19359038329092343,/Users/alanxie/CodingProjects/Columbia/Azizi Lab/Spatial Nut Carcinoma/decipher-bc-methods/Data/Simulated Data/Simulated Adata/shift_sigma_sweep/leiden_resolution_sweep/sigma7.5_seed0_decipher_mf_leidenres0.5.h5ad
Decipher-MF,7.5,1.0,45,0.17542160030852416,/Users/alanxie/CodingProjects/Columbia/Azizi Lab/Spatial Nut Carcinoma/decipher-bc-methods/Data/Simulated Data/Simulated Adata/shift_sigma_sweep/leiden_resolution_sweep/sigma7.5_seed0_decipher_mf_leidenres1.0.h5ad
Decipher-MF,10.0,0.02,10,0.19517242484439112,/Users/alanxie/CodingProjects/Columbia/Azizi Lab/Spatial Nut Carcinoma/decipher-bc-methods/Data/Simulated Data/Simulated Adata/shift_sigma_sweep/leiden_resolution_sweep/sigma10.0_seed0_decipher_mf_leidenres0.02.h5ad
Decipher-MF,10.0,0.05,11,0.11324311652474578,/Users/alanxie/CodingProjects/Columbia/Azizi Lab/Spatial Nut Carcinoma/decipher-bc-methods/Data/Simulated Data/Simulated Adata/shift_sigma_sweep/leiden_resolution_sweep/sigma10.0_seed0_decipher_mf_leidenres0.05.h5ad
Decipher-MF,10.0,0.1,18,0.09710754422172303,/Users/alanxie/CodingProjects/Columbia/Azizi Lab/Spatial Nut Carcinoma/decipher-bc-methods/Data/Simulated Data/Simulated Adata/shift_sigma_sweep/leiden_resolution_sweep/sigma10.0_seed0_decipher_mf_leidenres0.1.h5ad
Decipher-MF,10.0,0.5,38,0.1083128904764688,/Users/alanxie/CodingProjects/Columbia/Azizi Lab/Spatial Nut Carcinoma/decipher-bc-methods/Data/Simulated Data/Simulated Adata/shift_sigma_sweep/leiden_resolution_sweep/sigma10.0_seed0_decipher_mf_leidenres0.5.h5ad
Decipher-MF,10.0,1.0,51,0.23213660864161387,/Users/alanxie/CodingProjects/Columbia/Azizi Lab/Spatial Nut Carcinoma/decipher-bc-methods/Data/Simulated Data/Simulated Adata/shift_sigma_sweep/leiden_resolution_sweep/sigma10.0_seed0_decipher_mf_leidenres1.0.h5ad
